-- phpMyAdmin SQL Dump
-- version 4.1.14
-- http://www.phpmyadmin.net
--
-- Host: 127.0.0.1
-- Generation Time: Jul 06, 2015 at 02:54 PM
-- Server version: 5.6.17
-- PHP Version: 5.5.12

SET SQL_MODE = "NO_AUTO_VALUE_ON_ZERO";
SET time_zone = "+00:00";


/*!40101 SET @OLD_CHARACTER_SET_CLIENT=@@CHARACTER_SET_CLIENT */;
/*!40101 SET @OLD_CHARACTER_SET_RESULTS=@@CHARACTER_SET_RESULTS */;
/*!40101 SET @OLD_COLLATION_CONNECTION=@@COLLATION_CONNECTION */;
/*!40101 SET NAMES utf8 */;

--
-- Database: `vina`
--

-- --------------------------------------------------------

--
-- Table structure for table `vnvic_tblanswer`
--

CREATE TABLE IF NOT EXISTS `vnvic_tblanswer` (
  `answer_id` int(11) NOT NULL AUTO_INCREMENT,
  `faq_id` int(11) NOT NULL,
  `answer_content` text COLLATE utf8_unicode_ci NOT NULL,
  PRIMARY KEY (`answer_id`)
) ENGINE=MyISAM  DEFAULT CHARSET=utf8 COLLATE=utf8_unicode_ci AUTO_INCREMENT=4 ;

-- --------------------------------------------------------

--
-- Table structure for table `vnvic_tblarticle`
--

CREATE TABLE IF NOT EXISTS `vnvic_tblarticle` (
  `article_id` int(11) NOT NULL AUTO_INCREMENT,
  `article_metatitle` text COLLATE utf8_unicode_ci NOT NULL,
  `article_h1` text COLLATE utf8_unicode_ci NOT NULL,
  `article_description` text COLLATE utf8_unicode_ci NOT NULL,
  `menu_id` int(11) NOT NULL,
  `article_title` text COLLATE utf8_unicode_ci NOT NULL,
  `article_header` text COLLATE utf8_unicode_ci NOT NULL,
  `article_image` text COLLATE utf8_unicode_ci NOT NULL,
  `article_content` text COLLATE utf8_unicode_ci NOT NULL,
  `article_allowcomment` tinyint(1) NOT NULL DEFAULT '0',
  `article_fileattach` text COLLATE utf8_unicode_ci NOT NULL,
  `article_tags` varchar(500) COLLATE utf8_unicode_ci NOT NULL,
  `article_home` tinyint(4) NOT NULL DEFAULT '0',
  `article_keyword` text COLLATE utf8_unicode_ci NOT NULL,
  `article_author` varchar(20) COLLATE utf8_unicode_ci NOT NULL,
  `article_view` int(11) NOT NULL DEFAULT '0',
  `article_visible` tinyint(1) NOT NULL DEFAULT '1',
  `article_datetime` int(11) NOT NULL,
  `article_hot` tinyint(1) NOT NULL DEFAULT '0',
  `article_queu` int(11) NOT NULL,
  `article_urltarget` varchar(10) COLLATE utf8_unicode_ci NOT NULL,
  `article_rate` tinyint(4) NOT NULL DEFAULT '0',
  `user_name` varchar(20) COLLATE utf8_unicode_ci NOT NULL,
  `article_comment_privilege` varchar(50) COLLATE utf8_unicode_ci NOT NULL,
  `lang` char(20) COLLATE utf8_unicode_ci DEFAULT NULL,
  `article_video` text COLLATE utf8_unicode_ci,
  PRIMARY KEY (`article_id`)
) ENGINE=MyISAM  DEFAULT CHARSET=utf8 COLLATE=utf8_unicode_ci AUTO_INCREMENT=18 ;

--
-- Dumping data for table `vnvic_tblarticle`
--

INSERT INTO `vnvic_tblarticle` (`article_id`, `article_metatitle`, `article_h1`, `article_description`, `menu_id`, `article_title`, `article_header`, `article_image`, `article_content`, `article_allowcomment`, `article_fileattach`, `article_tags`, `article_home`, `article_keyword`, `article_author`, `article_view`, `article_visible`, `article_datetime`, `article_hot`, `article_queu`, `article_urltarget`, `article_rate`, `user_name`, `article_comment_privilege`, `lang`, `article_video`) VALUES
(3, 'Cán mốc 1000 giao dịch, GoldMark City tiếp tục gây “sóng”', 'Cán mốc 1000 giao dịch, GoldMark City tiếp tục gây “sóng”', '', 33, 'Cán mốc 1000 giao dịch, GoldMark City tiếp tục gây “sóng”', 'Được đầu tư mạnh về cơ sở hạ tầng, thị trường căn hộ phía Tây Bắc Hà Nội được các chuyên gia bất động sản ghi nhận là một trong những khu vực không chỉ dừng lại ở sự hồi phục mà đã bắt đầu phát triển với rất nhiều dự án sau khi bung hàng đã đạt được những thành công lớn, nổi bật là Goldmark City (136 Hồ Tùng Mậu, quận Bắc Từ Liêm).', '/upload/images/tin-tuc/art01.jpg', '<p style="font-size: 14px; font-family: Helvetica, Arial, sans-serif; color: rgb(68, 68, 68); margin: 0px 0px 15px; padding: 0px; border: 0px; vertical-align: baseline; line-height: 24px; font-style: normal; font-variant: normal; font-weight: normal; letter-spacing: normal; orphans: auto; text-align: start; text-indent: 0px; text-transform: none; white-space: normal; widows: 1; word-spacing: 0px; -webkit-text-stroke-width: 0px; background-color: rgb(255, 255, 255);">\r\n	<strong style="margin: 0px; padding: 0px; border: 0px; font-size: 14px; vertical-align: baseline; line-height: 20px;">Goldmark City kh&ocirc;ng ngừng tăng &ldquo;nhiệt&rdquo;</strong></p>\r\n<p style="font-size: 14px; font-family: Helvetica, Arial, sans-serif; color: rgb(68, 68, 68); margin: 0px 0px 15px; padding: 0px; border: 0px; vertical-align: baseline; line-height: 24px; font-style: normal; font-variant: normal; font-weight: normal; letter-spacing: normal; orphans: auto; text-align: start; text-indent: 0px; text-transform: none; white-space: normal; widows: 1; word-spacing: 0px; -webkit-text-stroke-width: 0px; background-color: rgb(255, 255, 255);">\r\n	Được đầu tư mạnh về cơ sở hạ tầng, thị trường căn hộ ph&iacute;a T&acirc;y Bắc H&agrave; Nội được c&aacute;c chuy&ecirc;n gia bất động sản ghi nhận l&agrave; một trong những khu vực kh&ocirc;ng chỉ dừng lại ở sự hồi phục m&agrave; đ&atilde; bắt đầu ph&aacute;t triển với rất nhiều dự &aacute;n sau khi bung h&agrave;ng đ&atilde; đạt được những th&agrave;nh c&ocirc;ng lớn, nổi bật l&agrave; Goldmark City (136 Hồ T&ugrave;ng Mậu, quận Bắc Từ Li&ecirc;m).</p>\r\n<p style="font-size: 14px; font-family: Helvetica, Arial, sans-serif; color: rgb(68, 68, 68); margin: 0px 0px 15px; padding: 0px; border: 0px; vertical-align: baseline; line-height: 24px; font-style: normal; font-variant: normal; font-weight: normal; letter-spacing: normal; orphans: auto; text-align: start; text-indent: 0px; text-transform: none; white-space: normal; widows: 1; word-spacing: 0px; -webkit-text-stroke-width: 0px; background-color: rgb(255, 255, 255);">\r\n	<img alt="" border="0" src="http://www.goldmarkcity.com.vn//HLIC/3350774f83aa965d816bb1b8c1078a99.jpg" style="margin: 0px; padding: 0px; border: 0px; font-size: 14px; vertical-align: baseline; line-height: 20px; max-width: 100%; border-radius: 3px;" width="440" /></p>\r\n<div class="article-photo inlinephoto" style="margin: 0px; padding: 0px; border: 0px; font-size: 14px; vertical-align: baseline; line-height: 20px; color: rgb(68, 68, 68); font-family: Helvetica, Arial, sans-serif; font-style: normal; font-variant: normal; font-weight: normal; letter-spacing: normal; orphans: auto; text-align: start; text-indent: 0px; text-transform: none; white-space: normal; widows: 1; word-spacing: 0px; -webkit-text-stroke-width: 0px; background-color: rgb(255, 255, 255);">\r\n	<span class="fig" style="margin: 0px; padding: 0px; border: 0px; font-size: 14px; vertical-align: baseline; line-height: 20px;"><em style="margin: 0px; padding: 0px; border: 0px; font-size: 14px; vertical-align: baseline; line-height: 20px;">Tại lễ mở b&aacute;n ng&agrave;y 24.05.2015, tại kh&aacute;ch sạn JW Marriott, Nam Từ Li&ecirc;m, H&agrave; Nội, h&agrave;ng trăm căn hộ Goldmark City được kh&aacute;ch h&agrave;ng đặt mua.</em></span></div>\r\n<p style="font-size: 14px; font-family: Helvetica, Arial, sans-serif; color: rgb(68, 68, 68); margin: 0px 0px 15px; padding: 0px; border: 0px; vertical-align: baseline; line-height: 24px; font-style: normal; font-variant: normal; font-weight: normal; letter-spacing: normal; orphans: auto; text-align: start; text-indent: 0px; text-transform: none; white-space: normal; widows: 1; word-spacing: 0px; -webkit-text-stroke-width: 0px; background-color: rgb(255, 255, 255);">\r\n	Sau gần 4 th&aacute;ng được giới thiệu ra thị trường, Goldmark City vẫn kh&ocirc;ng hề giảm &ldquo;sốt&rdquo;. Đơn cử như 2 lần mở b&aacute;n gần đ&acirc;y nhất, mỗi lần mở b&aacute;n, số căn hộ đạt được giao dịch th&agrave;nh c&ocirc;ng l&ecirc;n tới h&agrave;ng trăm căn, n&acirc;ng tổng số căn hộ giao dịch th&agrave;nh c&ocirc;ng của to&agrave;n dự &aacute;n l&ecirc;n gần 1000 căn hộ.</p>\r\n<p style="font-size: 14px; font-family: Helvetica, Arial, sans-serif; color: rgb(68, 68, 68); margin: 0px 0px 15px; padding: 0px; border: 0px; vertical-align: baseline; line-height: 24px; font-style: normal; font-variant: normal; font-weight: normal; letter-spacing: normal; orphans: auto; text-align: start; text-indent: 0px; text-transform: none; white-space: normal; widows: 1; word-spacing: 0px; -webkit-text-stroke-width: 0px; background-color: rgb(255, 255, 255);">\r\n	Nguồn cung dồi d&agrave;o của thị trường bất động sản l&agrave; th&aacute;ch thức đồng thời cũng l&agrave; cơ hội khẳng định sự vượt trội của mỗi dự &aacute;n. Với những dự &aacute;n như Goldmark City, dường như đ&acirc;y l&agrave; cơ hội khi mỗi lễ mở b&aacute;n đều đ&oacute;n tiếp từ 500 &ndash; 700 kh&aacute;ch h&agrave;ng tới tham dự t&igrave;m hiểu dự &aacute;n.</p>\r\n<p style="font-size: 14px; font-family: Helvetica, Arial, sans-serif; color: rgb(68, 68, 68); margin: 0px 0px 15px; padding: 0px; border: 0px; vertical-align: baseline; line-height: 24px; font-style: normal; font-variant: normal; font-weight: normal; letter-spacing: normal; orphans: auto; text-align: start; text-indent: 0px; text-transform: none; white-space: normal; widows: 1; word-spacing: 0px; -webkit-text-stroke-width: 0px; background-color: rgb(255, 255, 255);">\r\n	<strong style="margin: 0px; padding: 0px; border: 0px; font-size: 14px; vertical-align: baseline; line-height: 20px;">Tạo &ldquo;s&oacute;ng&rdquo; hay g&acirc;y &ldquo;sốt&rdquo; l&agrave; điều hiển nhi&ecirc;n</strong></p>\r\n<p style="font-size: 14px; font-family: Helvetica, Arial, sans-serif; color: rgb(68, 68, 68); margin: 0px 0px 15px; padding: 0px; border: 0px; vertical-align: baseline; line-height: 24px; font-style: normal; font-variant: normal; font-weight: normal; letter-spacing: normal; orphans: auto; text-align: start; text-indent: 0px; text-transform: none; white-space: normal; widows: 1; word-spacing: 0px; -webkit-text-stroke-width: 0px; background-color: rgb(255, 255, 255);">\r\n	L&yacute; giải về sức h&uacute;t của dự &aacute;n, &ocirc;ng Nguyễn Thọ Tuyển, Tổng gi&aacute;m đốc Hệ thống si&ecirc;u thị dự &aacute;n Bất động sản STDA chia sẻ:<em style="margin: 0px; padding: 0px; border: 0px; font-size: 14px; vertical-align: baseline; line-height: 20px;">&ldquo;Sở dĩ Goldmark City tạo &ldquo;s&oacute;ng&rdquo; tr&ecirc;n thị trường bởi dự &aacute;n được đầu tư x&acirc;y dựng sự kh&aacute;c biệt với 5 c&aacute;i nhất: Kh&ocirc;ng gian xanh lớn nhất; Tiện &iacute;ch &ndash; dịch vụ ho&agrave;n hảo nhất; Kiến tr&uacute;c &ndash; thiết kế đẹp nhất; An ninh cho cư d&acirc;n tốt nhất; Gi&aacute; b&aacute;n hấp dẫn nhất. Tất cả với mục đ&iacute;ch mang lại cuộc sống thịnh vượng nhất cho cư d&acirc;n.&rdquo;&nbsp;</em></p>\r\n<div class="article-photo inlinephoto" style="margin: 0px; padding: 0px; border: 0px; font-size: 14px; vertical-align: baseline; line-height: 20px; color: rgb(68, 68, 68); font-family: Helvetica, Arial, sans-serif; font-style: normal; font-variant: normal; font-weight: normal; letter-spacing: normal; orphans: auto; text-align: start; text-indent: 0px; text-transform: none; white-space: normal; widows: 1; word-spacing: 0px; -webkit-text-stroke-width: 0px; background-color: rgb(255, 255, 255);">\r\n	<img alt="" border="0" src="http://www.goldmarkcity.com.vn//HLIC/60503daf3cf64f13f991db8132d108a8.jpg" style="margin: 0px; padding: 0px; border: 0px; font-size: 14px; vertical-align: baseline; line-height: 20px; max-width: 100%; border-radius: 3px;" width="440" /></div>\r\n<div class="article-photo inlinephoto" style="margin: 0px; padding: 0px; border: 0px; font-size: 14px; vertical-align: baseline; line-height: 20px; color: rgb(68, 68, 68); font-family: Helvetica, Arial, sans-serif; font-style: normal; font-variant: normal; font-weight: normal; letter-spacing: normal; orphans: auto; text-align: start; text-indent: 0px; text-transform: none; white-space: normal; widows: 1; word-spacing: 0px; -webkit-text-stroke-width: 0px; background-color: rgb(255, 255, 255);">\r\n	<em style="margin: 0px; padding: 0px; border: 0px; font-size: 14px; vertical-align: baseline; line-height: 20px;">Goldmark City tạo s&oacute;ng tr&ecirc;n thị trường với 5 c&aacute;i nhất: Kh&ocirc;ng gian xanh lớn nhất; Tiện &iacute;ch &ndash; dịch vụ ho&agrave;n hảo nhất; Kiến tr&uacute;c &ndash; thiết kế đẹp nhất; An ninh cho cư d&acirc;n tốt nhất; Gi&aacute; b&aacute;n hấp dẫn nhất.</em></div>\r\n<p style="font-size: 14px; font-family: Helvetica, Arial, sans-serif; color: rgb(68, 68, 68); margin: 0px 0px 15px; padding: 0px; border: 0px; vertical-align: baseline; line-height: 24px; font-style: normal; font-variant: normal; font-weight: normal; letter-spacing: normal; orphans: auto; text-align: start; text-indent: 0px; text-transform: none; white-space: normal; widows: 1; word-spacing: 0px; -webkit-text-stroke-width: 0px; background-color: rgb(255, 255, 255);">\r\n	Tham dự lễ mở b&aacute;n v&agrave;o ng&agrave;y 24.05.2015 vừa qua, chị L&ecirc; Thanh Huyền (quận Cầu Giấy) cho biết:&nbsp;<em style="margin: 0px; padding: 0px; border: 0px; font-size: 14px; vertical-align: baseline; line-height: 20px;">&ldquo;Trước đ&acirc;y, c&aacute;c dự &aacute;n với kh&ocirc;ng gian xanh lớn chỉ c&oacute; thể t&igrave;m thấy ở ven đ&ocirc;. C&aacute;c dự &aacute;n tại c&aacute;c quận nội th&agrave;nh th&igrave; kh&aacute; chật chội, b&iacute; b&aacute;ch. D&ugrave; đ&atilde; định mua căn hộ từ l&acirc;u, vợ chồng t&ocirc;i vẫn chưa mua được. Sau khi Goldmark City được x&acirc;y dựng v&agrave; giới thiệu với diện t&iacute;ch x&acirc;y dựng hơn 120.000m2, diện t&iacute;ch x&acirc;y dựng chỉ 23,3%, vợ chồng t&ocirc;i đ&atilde; t&igrave;m hiểu v&agrave; chọn ngay cho m&igrave;nh một căn ưng &yacute;. T&ocirc;i nghĩ kh&ocirc;ng chỉ ri&ecirc;ng ch&uacute;ng t&ocirc;i m&agrave; rất nhiều cặp vợ chồng kh&aacute;c đ&atilde; giải quyết được nhu cầu bức thiết về kh&ocirc;ng gian xanh với Goldmark City.&rdquo;</em></p>\r\n<p style="font-size: 14px; font-family: Helvetica, Arial, sans-serif; color: rgb(68, 68, 68); margin: 0px 0px 15px; padding: 0px; border: 0px; vertical-align: baseline; line-height: 24px; font-style: normal; font-variant: normal; font-weight: normal; letter-spacing: normal; orphans: auto; text-align: start; text-indent: 0px; text-transform: none; white-space: normal; widows: 1; word-spacing: 0px; -webkit-text-stroke-width: 0px; background-color: rgb(255, 255, 255);">\r\n	Vừa đặt cọc xong một căn tại Goldmark City, anh Trần Đức Dũng cũng chia sẻ:&nbsp;<em style="margin: 0px; padding: 0px; border: 0px; font-size: 14px; vertical-align: baseline; line-height: 20px;">&ldquo;Goldmark City l&agrave; dự &aacute;n hiếm c&oacute; sở hữu hệ thống tiện &iacute;ch hiện đại của c&aacute;c dự &aacute;n chung cư cao cấp. Sinh sống tại Goldmark City t&ocirc;i cảm thấy m&igrave;nh được đảm bảo cuộc sống kh&ocirc;ng chỉ xanh, sạch m&agrave; c&ograve;n hiện đại v&agrave; tiện nghi, đ&aacute;p ứng mọi nhu cầu sinh hoạt, vui chơi giải tr&iacute; h&agrave;ng ng&agrave;y.&rdquo;</em></p>\r\n<p style="font-size: 14px; font-family: Helvetica, Arial, sans-serif; color: rgb(68, 68, 68); margin: 0px 0px 15px; padding: 0px; border: 0px; vertical-align: baseline; line-height: 24px; font-style: normal; font-variant: normal; font-weight: normal; letter-spacing: normal; orphans: auto; text-align: start; text-indent: 0px; text-transform: none; white-space: normal; widows: 1; word-spacing: 0px; -webkit-text-stroke-width: 0px; background-color: rgb(255, 255, 255);">\r\n	Với 32 tiện &iacute;ch ngo&agrave;i trời v&agrave; trong nh&agrave; được ph&acirc;n bố khoa học, đa dạng, Goldmark City chắc chắn sẽ mang lại cuộc sống hiện đại, văn minh, tiện lợi bao gồm: khu trung t&acirc;m thương mại 5 tầng rộng h&agrave;ng ng&agrave;n m&eacute;t vu&ocirc;ng hiện đại với nhiều thương hiệu nổi tiếng, rạp chiếu phim, s&acirc;n tennis, bể bơi trong nh&agrave;, bể bơi ngo&agrave;i trời, ph&ograve;ng tập gym, spa, khu tập golf mini, s&acirc;n b&oacute;ng đ&aacute;, cầu l&ocirc;ng&hellip; Đặc biệt, ch&uacute; trọng tới sự ph&aacute;t triển to&agrave;n diện của thế hệ mầm non, chủ đầu tư d&agrave;nh tới 2,1 h&eacute;c-ta để x&acirc;y dựng hệ thống trường học hiện đại, cung cấp m&ocirc;i trường gi&aacute;o dục tốt nhất cho con em của cư d&acirc;n dự &aacute;n.</p>\r\n<p style="font-size: 14px; font-family: Helvetica, Arial, sans-serif; color: rgb(68, 68, 68); margin: 0px 0px 15px; padding: 0px; border: 0px; vertical-align: baseline; line-height: 24px; font-style: normal; font-variant: normal; font-weight: normal; letter-spacing: normal; orphans: auto; text-align: start; text-indent: 0px; text-transform: none; white-space: normal; widows: 1; word-spacing: 0px; -webkit-text-stroke-width: 0px; background-color: rgb(255, 255, 255);">\r\n	Tham gia lễ mở b&aacute;n, anh Nguyễn Gia Bảo, quận Thanh Xu&acirc;n, một doanh nh&acirc;n trẻ đề cao m&ocirc;i trường sống xanh v&agrave; đặc biệt an to&agrave;n tại đ&acirc;y: &ldquo;<em style="margin: 0px; padding: 0px; border: 0px; font-size: 14px; vertical-align: baseline; line-height: 20px;">Với hệ thống an ninh 24/24, camera an ninh 3 v&ograve;ng c&ugrave;ng đội ngũ bảo vệ chuy&ecirc;n nghiệp, t&ocirc;i ho&agrave;n to&agrave;n y&ecirc;n t&acirc;m khi cả gia đ&igrave;nh sinh hoạt, l&agrave;m việc v&agrave; vui chơi &ndash; giải tr&iacute; tại đ&acirc;y&rdquo;.</em></p>\r\n<p style="font-size: 14px; font-family: Helvetica, Arial, sans-serif; color: rgb(68, 68, 68); margin: 0px 0px 15px; padding: 0px; border: 0px; vertical-align: baseline; line-height: 24px; font-style: normal; font-variant: normal; font-weight: normal; letter-spacing: normal; orphans: auto; text-align: start; text-indent: 0px; text-transform: none; white-space: normal; widows: 1; word-spacing: 0px; -webkit-text-stroke-width: 0px; background-color: rgb(255, 255, 255);">\r\n	<em style="margin: 0px; padding: 0px; border: 0px; font-size: 14px; vertical-align: baseline; line-height: 20px;">&nbsp;</em><img alt="" border="0" src="http://www.goldmarkcity.com.vn//HLIC/93640e6e1c5ed2d44a29f7e9aad60772.jpg" style="margin: 0px; padding: 0px; border: 0px; font-size: 14px; vertical-align: baseline; line-height: 20px; max-width: 100%; border-radius: 3px;" width="440" /></p>\r\n<p style="font-size: 14px; font-family: Helvetica, Arial, sans-serif; color: rgb(68, 68, 68); margin: 0px 0px 15px; padding: 0px; border: 0px; vertical-align: baseline; line-height: 24px; font-style: normal; font-variant: normal; font-weight: normal; letter-spacing: normal; orphans: auto; text-align: start; text-indent: 0px; text-transform: none; white-space: normal; widows: 1; word-spacing: 0px; -webkit-text-stroke-width: 0px; background-color: rgb(255, 255, 255);">\r\n	<em style="margin: 0px; padding: 0px; border: 0px; font-size: 14px; vertical-align: baseline; line-height: 20px;">Trong lễ mở b&aacute;n ng&agrave;y 24.5.2015, để tri &acirc;n kh&aacute;ch h&agrave;ng đặt mua căn hộ tại Goldmark City &ndash; những cư d&acirc;n tương lai của dự &aacute;n, STDA đưa ra chương tr&igrave;nh bốc thăm tr&uacute;ng thưởng với nhiều phần qu&agrave; gi&aacute; trị bao gồm: Xe SH Việt Nam 150cc; Vespa LX 3 Van phun xăng điện tử 125cc; TV Led SAMSUNG 48 inch full HD.</em></p>\r\n<p style="font-size: 14px; font-family: Helvetica, Arial, sans-serif; color: rgb(68, 68, 68); margin: 0px 0px 15px; padding: 0px; border: 0px; vertical-align: baseline; line-height: 24px; font-style: normal; font-variant: normal; font-weight: normal; letter-spacing: normal; orphans: auto; text-align: start; text-indent: 0px; text-transform: none; white-space: normal; widows: 1; word-spacing: 0px; -webkit-text-stroke-width: 0px; background-color: rgb(255, 255, 255);">\r\n	<em style="margin: 0px; padding: 0px; border: 0px; font-size: 14px; vertical-align: baseline; line-height: 20px;"><em style="margin: 0px; padding: 0px; border: 0px; font-size: 14px; vertical-align: baseline; line-height: 20px;">Với đội ngũ kiến tr&uacute;c sư đến từ Singapore v&agrave; H&agrave;n Quốc, tất cả căn hộ tại đ&acirc;y được đảm bảo 100% diện t&iacute;ch đ&oacute;n &aacute;nh s&aacute;ng, nắng gi&oacute; tự nhi&ecirc;n, đồng thời tối đa h&oacute;a diện t&iacute;ch, đ&aacute;p ứng mọi nhu cầu sử dụng. C&aacute;c căn hộ c&oacute; diện t&iacute;ch linh hoạt từ 68m2 đến hơn 150m2, 2 đến 3 ph&ograve;ng ngủ, Goldmark City l&agrave; nơi nghỉ dưỡng, sum họp l&yacute; tưởng cho cả gia đ&igrave;nh.</em></em></p>\r\n<p style="font-size: 14px; font-family: Helvetica, Arial, sans-serif; color: rgb(68, 68, 68); margin: 0px 0px 15px; padding: 0px; border: 0px; vertical-align: baseline; line-height: 24px; font-style: normal; font-variant: normal; font-weight: normal; letter-spacing: normal; orphans: auto; text-align: start; text-indent: 0px; text-transform: none; white-space: normal; widows: 1; word-spacing: 0px; -webkit-text-stroke-width: 0px; background-color: rgb(255, 255, 255);">\r\n	Với đẳng cấp ri&ecirc;ng biệt nhưng sở hữu mức gi&aacute; b&aacute;n hấp dẫn nhất tại khu vực Cầu Giấy, chỉ từ 23,5 triệu/m2 &aacute;p dụng cho những căn hộ ho&agrave;n thiện cơ bản v&agrave; 27,5 triệu/m2 &aacute;p dụng cho c&aacute;c căn hộ ho&agrave;n thiện cao cấp, GoldMark City c&agrave;ng tạo ra sức h&uacute;t lớn đối với đ&ocirc;ng đảo kh&aacute;ch h&agrave;ng.</p>\r\n<p style="font-size: 14px; font-family: Helvetica, Arial, sans-serif; color: rgb(68, 68, 68); margin: 0px 0px 15px; padding: 0px; border: 0px; vertical-align: baseline; line-height: 24px; font-style: normal; font-variant: normal; font-weight: normal; letter-spacing: normal; orphans: auto; text-align: start; text-indent: 0px; text-transform: none; white-space: normal; widows: 1; word-spacing: 0px; -webkit-text-stroke-width: 0px; background-color: rgb(255, 255, 255);">\r\n	Trong lễ mở b&aacute;n ng&agrave;y 24.5.2015, tri &acirc;n kh&aacute;ch h&agrave;ng đặt mua căn hộ tại Goldmark City, những cư d&acirc;n tương lai của dự &aacute;n, đơn vị ph&acirc;n phối đưa ra chương tr&igrave;nh bốc thăm tr&uacute;ng thưởng với nhiều phần qu&agrave; gi&aacute; trị bao gồm: Xe SH Việt Nam 150cc; Vespa LX 3 Van phun xăng điện tử 125cc; TV Led SAMSUNG 48 inch full HD. Ngo&agrave;i ra, kh&aacute;ch h&agrave;ng tới tham dự cũng c&oacute; cơ hội nhận c&aacute;c phần qu&agrave; gi&aacute; trị như Điều h&ograve;a DAIKIN; M&aacute;y giặt Toshiba; M&aacute;y lọc kh&ocirc;ng kh&iacute; SHARP.</p>\r\n', 0, '', ',,', 0, '', '', 1, 1, 1433401571, 0, 3, '_self', 0, 'administrator', '', 'vi', NULL),
(4, 'GOLDMARK CITY DỰ KIẾN TĂNG ĐẾN 5% GIÁ BÁN HIỆN TẠI', 'GOLDMARK CITY DỰ KIẾN TĂNG ĐẾN 5% GIÁ BÁN HIỆN TẠI', '', 33, 'GOLDMARK CITY DỰ KIẾN TĂNG ĐẾN 5% GIÁ BÁN HIỆN TẠI', '(ĐTCK) Với gần 1.000 giao dịch thành công, chủ đầu tư dự án Goldmark City đã chính thức khép lại giai đoạn 1 bán hàng Godmark City vào ngày 31/5 tại khách sạn JW Marriott – số 8, Đỗ Đức Dục, Nam Từ Liêm, Hà Nội.', '/upload/images/tin-tuc/time.jpg', '<div class="summary" style="margin: 0px; padding: 0px; border: 0px; font-size: 14px; vertical-align: baseline; line-height: 20px; color: rgb(68, 68, 68); font-family: Helvetica, Arial, sans-serif; font-style: normal; font-variant: normal; font-weight: normal; letter-spacing: normal; orphans: auto; text-align: start; text-indent: 0px; text-transform: none; white-space: normal; widows: 1; word-spacing: 0px; -webkit-text-stroke-width: 0px; background-color: rgb(255, 255, 255);">\r\n	<div style="margin: 0px; padding: 0px; border: 0px; font-size: 14px; vertical-align: baseline; line-height: 20px;">\r\n		(ĐTCK) Với gần 1.000 giao dịch th&agrave;nh c&ocirc;ng, chủ đầu tư dự &aacute;n Goldmark City đ&atilde; ch&iacute;nh thức kh&eacute;p lại giai đoạn 1 b&aacute;n h&agrave;ng Godmark City v&agrave;o ng&agrave;y 31/5 tại kh&aacute;ch sạn JW Marriott &ndash; số 8, Đỗ Đức Dục, Nam Từ Li&ecirc;m, H&agrave; Nội.</div>\r\n</div>\r\n<div class="bigarticle" id="abody" style="margin: 0px; padding: 0px; border: 0px; font-size: 14px; vertical-align: baseline; line-height: 20px; color: rgb(68, 68, 68); font-family: Helvetica, Arial, sans-serif; font-style: normal; font-variant: normal; font-weight: normal; letter-spacing: normal; orphans: auto; text-align: start; text-indent: 0px; text-transform: none; white-space: normal; widows: 1; word-spacing: 0px; -webkit-text-stroke-width: 0px; background-color: rgb(255, 255, 255);">\r\n	<p style="font-size: 14px; font-family: inherit; color: inherit; margin: 0px 0px 15px; padding: 0px; border: 0px; vertical-align: baseline; line-height: 1.714285714;">\r\n		Nhằm gia tăng cơ hội sở hữu c&aacute;c căn hộ đẳng cấp Goldmark City, Chủ đầu tư dự &aacute;n sẽ tiếp tục &ldquo;bung h&agrave;ng&rdquo; giai đoạn 2 trong thời gian tới. Dự kiến, gi&aacute; b&aacute;n c&aacute;c căn hộ đẳng cấp Goldamrk City cũng sẽ tăng gi&aacute; so với thời điểm hiện tại. Cụ thể, gi&aacute; b&aacute;n căn hộ tại khu Ruby sẽ tăng khoảng 3% v&agrave; c&aacute;c căn hộ khu Shapphire tăng từ 2 &ndash; 5%.</p>\r\n	<p style="font-size: 14px; font-family: inherit; color: inherit; margin: 0px 0px 15px; padding: 0px; border: 0px; vertical-align: baseline; line-height: 1.714285714;">\r\n		<img alt="" border="0" src="http://goldmarkcity.com/images/TONG%20THE%20DEM.jpg" style="margin: 0px; padding: 0px; border: 0px; font-size: 14px; vertical-align: baseline; line-height: 20px; max-width: 100%; border-radius: 3px;" width="600" /></p>\r\n	<p style="font-size: 14px; font-family: inherit; color: inherit; margin: 0px 0px 15px; padding: 0px; border: 0px; vertical-align: baseline; line-height: 1.714285714;">\r\n		Tọa lạc tại 136 Hồ T&ugrave;ng Mậu, Goldmark City hiện l&agrave; một trong những tổ hợp căn hộ c&oacute; quy hoạch tốt bậc nhất hiện nay tại ph&iacute;a T&acirc;y Bắc Thủ đ&ocirc; v&agrave; được v&iacute; như một &ldquo;Singapore giữa l&ograve;ng H&agrave; Nội&rdquo; với kh&ocirc;ng gian sống xanh, hiện đại v&agrave; th&ocirc;ng minh.</p>\r\n	<p style="font-size: 14px; font-family: inherit; color: inherit; margin: 0px 0px 15px; padding: 0px; border: 0px; vertical-align: baseline; line-height: 1.714285714;">\r\n		Dự &aacute;n được đầu tư đồng bộ với 32 hạng mục tiện &iacute;ch ngo&agrave;i trời v&agrave; trong nh&agrave; được ph&acirc;n bố khoa học, đa dạng gồm khu trung t&acirc;m thương mại hiện đại, trường học ti&ecirc;u chuẩn quốc tế, khu tiện &iacute;ch,&hellip; Tất cả tạo n&ecirc;n một kh&ocirc;ng gian sống l&yacute; tưởng, hiện đại v&agrave; tiện &iacute;ch cho cư d&acirc;n.</p>\r\n</div>\r\n<p>\r\n	&nbsp;</p>\r\n', 0, '', ',goldmart,', 0, '', '', 4, 1, 1433368800, 0, 4, '_self', 0, 'administrator', '', 'vi', NULL),
(5, 'Hình ảnh lung linh bừng sáng mới nhất của GoldMark City', 'Hình ảnh lung linh bừng sáng mới nhất của GoldMark City', '', 33, 'Hình ảnh lung linh bừng sáng mới nhất của GoldMark City', 'The remoteness and a severe climate make the Antarctic the most difficult continent to reach. In our gallery you can see a unique local landscapes such as mountains covered with snow, glaciers, icebergs and the boundless ocean. ', '/upload/images/quangcao/img-sidebar.jpg', '<p style="font-size: 14px; font-family: Helvetica, Arial, sans-serif; color: rgb(68, 68, 68); margin: 0px 0px 15px; padding: 0px; border: 0px; vertical-align: baseline; line-height: 24px; font-style: normal; font-variant: normal; font-weight: normal; letter-spacing: normal; orphans: auto; text-align: start; text-indent: 0px; text-transform: none; white-space: normal; widows: 1; word-spacing: 0px; -webkit-text-stroke-width: 0px; background-color: rgb(255, 255, 255);">\r\n	Đ&acirc;y l&agrave; những h&igrave;nh ảnh lung linh bừng s&aacute;ng mới nhất của GoldMark City để mỗi người ch&uacute;ng ta cảm nhận r&otilde; rệt dự &aacute;n sẽ ho&agrave;n th&agrave;nh trong thời gian tới như thế n&agrave;o<a href="http://goldsilkcomplex.org/" style="margin: 0px; padding: 0px; border: 0px; font-size: 14px; vertical-align: baseline; line-height: 20px; text-decoration: none; outline: none; color: rgb(159, 159, 159);"><img alt="Dự án TNR Holdings VN Goldsilk Complex" class="alignnone wp-image-3728" height="3" src="http://www.goldmarkcity.com.vn/wp-content/uploads/2014/12/VuonNho-500x281.jpg" style="margin: 0px; padding: 0px; border: 0px; font-size: 14px; vertical-align: baseline; line-height: 20px; max-width: 100%; height: auto; border-radius: 3px;" width="3" /></a><span class="Apple-converted-space">&nbsp;</span>Những cảm x&uacute;c d&acirc;ng tr&agrave;o khi chứng kiến cảnh tượng n&agrave;y:</p>\r\n<p style="font-size: 14px; font-family: Helvetica, Arial, sans-serif; color: rgb(68, 68, 68); margin: 0px 0px 15px; padding: 0px; border: 0px; vertical-align: baseline; line-height: 24px; font-style: normal; font-variant: normal; font-weight: normal; letter-spacing: normal; orphans: auto; text-align: start; text-indent: 0px; text-transform: none; white-space: normal; widows: 1; word-spacing: 0px; -webkit-text-stroke-width: 0px; background-color: rgb(255, 255, 255);">\r\n	<strong style="margin: 0px; padding: 0px; border: 0px; font-size: 14px; vertical-align: baseline; line-height: 20px;">Quảng trường &aacute;nh s&aacute;ng:</strong><span class="Apple-converted-space">&nbsp;</span><img alt="" height="600" id="__wp-temp-img-id" src="http://www.goldmarkcity.com.vn/wp-content/uploads/2015/06/quang-truong-anh-sang-ban-dem-1024x1024.jpg" style="margin: 0px; padding: 0px; border: 0px; font-size: 14px; vertical-align: baseline; line-height: 20px; max-width: 100%; border-radius: 3px;" title="" width="600" /></p>\r\n<p style="font-size: 14px; font-family: Helvetica, Arial, sans-serif; color: rgb(68, 68, 68); margin: 0px 0px 15px; padding: 0px; border: 0px; vertical-align: baseline; line-height: 24px; font-style: normal; font-variant: normal; font-weight: normal; letter-spacing: normal; orphans: auto; text-align: start; text-indent: 0px; text-transform: none; white-space: normal; widows: 1; word-spacing: 0px; -webkit-text-stroke-width: 0px; background-color: rgb(255, 255, 255);">\r\n	<strong style="margin: 0px; padding: 0px; border: 0px; font-size: 14px; vertical-align: baseline; line-height: 20px;">Quảng trường &Aacute;nh s&aacute;ng</strong><span class="Apple-converted-space">&nbsp;</span>trước TTTM thực sự l&agrave; &ldquo;một cuộc chơi đậm chất nghệ thuật&rdquo; với những mảng &aacute;nh s&aacute;ng đổ b&oacute;ng hắt xuống s&acirc;n được l&aacute;t đ&aacute; biểu tượng &aacute;nh s&aacute;ng cổ. Khi ho&agrave;ng h&ocirc;n, &aacute;nh s&aacute;ng mặt trời đỏ ối c&ugrave;ng nghệ thuật sắp đặt &aacute;nh s&aacute;ng sẽ mang đến cho cư d&acirc;n Goldmark City những bữa tiệc &aacute;nh s&aacute;ng huy ho&agrave;ng v&agrave; rực rỡ hơn bao giờ hết.</p>\r\n<p style="font-size: 14px; font-family: Helvetica, Arial, sans-serif; color: rgb(68, 68, 68); margin: 0px 0px 15px; padding: 0px; border: 0px; vertical-align: baseline; line-height: 24px; font-style: normal; font-variant: normal; font-weight: normal; letter-spacing: normal; orphans: auto; text-align: start; text-indent: 0px; text-transform: none; white-space: normal; widows: 1; word-spacing: 0px; -webkit-text-stroke-width: 0px; background-color: rgb(255, 255, 255);">\r\n	Kết nối&nbsp; c&aacute;c kh&ocirc;ng gian c&ocirc;ng cộng, từ Cổng ch&iacute;nh tới cổng phụ, qua c&aacute;c quảng trường, giao cắt với trục cảnh quan nội bộ l&agrave;<span class="Apple-converted-space">&nbsp;</span><strong style="margin: 0px; padding: 0px; border: 0px; font-size: 14px; vertical-align: baseline; line-height: 20px;">Con đường Lễ hội</strong><span class="Apple-converted-space">&nbsp;</span>với cảm hứng từ khu rừng mưa nhiệt đới xanh mướt, nhiều tầng t&aacute;n&hellip; V&agrave;o những buổi sớm mai, đi dạo tr&ecirc;n Con đường Lễ hội, dưới &aacute;nh nắng len lỏi, đung đưa qua c&aacute;c t&aacute;n l&aacute;, chiếu xuống thảm hoa rực rỡ&hellip;bạn sẽ thấy kh&ocirc;ng g&igrave; đ&aacute;ng gi&aacute; hơn khi được sống một cuộc sống đầy ắp sắc m&agrave;u thi&ecirc;n nhi&ecirc;n như ở Goldmark City.</p>\r\n<p style="font-size: 14px; font-family: Helvetica, Arial, sans-serif; color: rgb(68, 68, 68); margin: 0px 0px 15px; padding: 0px; border: 0px; vertical-align: baseline; line-height: 24px; font-style: normal; font-variant: normal; font-weight: normal; letter-spacing: normal; orphans: auto; text-align: start; text-indent: 0px; text-transform: none; white-space: normal; widows: 1; word-spacing: 0px; -webkit-text-stroke-width: 0px; background-color: rgb(255, 255, 255);">\r\n	<img alt="" height="240" id="__wp-temp-img-id" src="http://www.goldmarkcity.com.vn/wp-content/uploads/2015/06/1.E.QT-anh-sang1-1024x410.jpg" style="margin: 0px; padding: 0px; border: 0px; font-size: 14px; vertical-align: baseline; line-height: 20px; max-width: 100%; border-radius: 3px;" title="" width="600" /></p>\r\n<p style="font-size: 14px; font-family: Helvetica, Arial, sans-serif; color: rgb(68, 68, 68); margin: 0px 0px 15px; padding: 0px; border: 0px; vertical-align: baseline; line-height: 24px; font-style: normal; font-variant: normal; font-weight: normal; letter-spacing: normal; orphans: auto; text-align: start; text-indent: 0px; text-transform: none; white-space: normal; widows: 1; word-spacing: 0px; -webkit-text-stroke-width: 0px; background-color: rgb(255, 255, 255);">\r\n	<strong style="margin: 0px; padding: 0px; border: 0px; font-size: 14px; vertical-align: baseline; line-height: 20px;">Quảng trường Ruby:</strong></p>\r\n<p style="font-size: 14px; font-family: Helvetica, Arial, sans-serif; color: rgb(68, 68, 68); margin: 0px 0px 15px; padding: 0px; border: 0px; vertical-align: baseline; line-height: 24px; font-style: normal; font-variant: normal; font-weight: normal; letter-spacing: normal; orphans: auto; text-align: start; text-indent: 0px; text-transform: none; white-space: normal; widows: 1; word-spacing: 0px; -webkit-text-stroke-width: 0px; background-color: rgb(255, 255, 255);">\r\n	<img alt="" height="375" id="__wp-temp-img-id" src="http://www.goldmarkcity.com.vn/wp-content/uploads/2015/06/3.E.QT-Ruby3-1024x640.jpg" style="margin: 0px; padding: 0px; border: 0px; font-size: 14px; vertical-align: baseline; line-height: 20px; max-width: 100%; border-radius: 3px;" title="" width="600" /></p>\r\n<p style="font-size: 14px; font-family: Helvetica, Arial, sans-serif; color: rgb(68, 68, 68); margin: 0px 0px 15px; padding: 0px; border: 0px; vertical-align: baseline; line-height: 24px; font-style: normal; font-variant: normal; font-weight: normal; letter-spacing: normal; orphans: auto; text-align: start; text-indent: 0px; text-transform: none; white-space: normal; widows: 1; word-spacing: 0px; -webkit-text-stroke-width: 0px; background-color: rgb(255, 255, 255);">\r\n	<strong style="margin: 0px; padding: 0px; border: 0px; font-size: 14px; vertical-align: baseline; line-height: 20px;">Quảng trường Ruby</strong>&nbsp; với những Th&aacute;p C&acirc;y Đ&oacute;n Nắng rực rỡ bởi h&agrave;ng ng&agrave;n miếng gh&eacute;p từ gốm, tạo n&ecirc;n bức tranh nghệ thuật đầy m&agrave;u sắc. C&ugrave;ng với nghệ thuật sắp đặt &aacute;nh s&aacute;ng v&agrave; nước, buổi tối, Quảng trường Ruby đẹp rực rỡ v&agrave; lấp l&aacute;nh như vi&ecirc;n ruby khổng lồ.</p>\r\n<p style="font-size: 14px; font-family: Helvetica, Arial, sans-serif; color: rgb(68, 68, 68); margin: 0px 0px 15px; padding: 0px; border: 0px; vertical-align: baseline; line-height: 24px; font-style: normal; font-variant: normal; font-weight: normal; letter-spacing: normal; orphans: auto; text-align: start; text-indent: 0px; text-transform: none; white-space: normal; widows: 1; word-spacing: 0px; -webkit-text-stroke-width: 0px; background-color: rgb(255, 255, 255);">\r\n	<img alt="" height="263" id="__wp-temp-img-id" src="http://www.goldmarkcity.com.vn/wp-content/uploads/2015/06/1.E.QT-Ruby1-1024x448.jpg" style="margin: 0px; padding: 0px; border: 0px; font-size: 14px; vertical-align: baseline; line-height: 20px; max-width: 100%; border-radius: 3px;" title="" width="600" /></p>\r\n<p style="font-size: 14px; font-family: Helvetica, Arial, sans-serif; color: rgb(68, 68, 68); margin: 0px 0px 15px; padding: 0px; border: 0px; vertical-align: baseline; line-height: 24px; font-style: normal; font-variant: normal; font-weight: normal; letter-spacing: normal; orphans: auto; text-align: start; text-indent: 0px; text-transform: none; white-space: normal; widows: 1; word-spacing: 0px; -webkit-text-stroke-width: 0px; background-color: rgb(255, 255, 255);">\r\n	<strong style="margin: 0px; padding: 0px; border: 0px; font-size: 14px; vertical-align: baseline; line-height: 20px;">Quảng trường nước:</strong></p>\r\n<p style="font-size: 14px; font-family: Helvetica, Arial, sans-serif; color: rgb(68, 68, 68); margin: 0px 0px 15px; padding: 0px; border: 0px; vertical-align: baseline; line-height: 24px; font-style: normal; font-variant: normal; font-weight: normal; letter-spacing: normal; orphans: auto; text-align: start; text-indent: 0px; text-transform: none; white-space: normal; widows: 1; word-spacing: 0px; -webkit-text-stroke-width: 0px; background-color: rgb(255, 255, 255);">\r\n	<img alt="" height="263" id="__wp-temp-img-id" src="http://www.goldmarkcity.com.vn/wp-content/uploads/2015/06/1.E.QT-nuoc1-1024x448.jpg" style="margin: 0px; padding: 0px; border: 0px; font-size: 14px; vertical-align: baseline; line-height: 20px; max-width: 100%; border-radius: 3px;" title="" width="600" /></p>\r\n<p style="font-size: 14px; font-family: Helvetica, Arial, sans-serif; color: rgb(68, 68, 68); margin: 0px 0px 15px; padding: 0px; border: 0px; vertical-align: baseline; line-height: 24px; font-style: normal; font-variant: normal; font-weight: normal; letter-spacing: normal; orphans: auto; text-align: start; text-indent: 0px; text-transform: none; white-space: normal; widows: 1; word-spacing: 0px; -webkit-text-stroke-width: 0px; background-color: rgb(255, 255, 255);">\r\n	<strong style="margin: 0px; padding: 0px; border: 0px; font-size: 14px; vertical-align: baseline; line-height: 20px;">Quảng trường nước</strong><span class="Apple-converted-space">&nbsp;</span>l&agrave; nơi bạn c&oacute; thể thả m&igrave;nh thư gi&atilde;n trong &acirc;m thanh của những r&egrave;m nước mỏng trong suốt, của những th&aacute;c nước nhỏ r&oacute;c r&aacute;ch suốt ng&agrave;y đ&ecirc;m, c&ugrave;ng đ&aacute; l&aacute;t c&aacute;ch điệu từ v&ograve;ng xo&aacute;y, m&agrave;u sắc, &acirc;m thanh của nước. Dạo chơi trong Quảng trường nước, ph&oacute;ng tầm mắt ra khu Rừng nhiệt đới &nbsp;với nhiều loại c&acirc;y tầng cao, tầng trung, tầng thấp v&agrave; dạng thảm gần đ&oacute;, bạn thấy m&igrave;nh như được tiếp th&ecirc;m sinh lực trong một kh&ocirc;ng gian sảng kho&aacute;i, tươi mới v&agrave; tr&agrave;n đầy sức sống.</p>\r\n<p style="font-size: 14px; font-family: Helvetica, Arial, sans-serif; color: rgb(68, 68, 68); margin: 0px 0px 15px; padding: 0px; border: 0px; vertical-align: baseline; line-height: 24px; font-style: normal; font-variant: normal; font-weight: normal; letter-spacing: normal; orphans: auto; text-align: start; text-indent: 0px; text-transform: none; white-space: normal; widows: 1; word-spacing: 0px; -webkit-text-stroke-width: 0px; background-color: rgb(255, 255, 255);">\r\n	<img alt="" height="338" id="__wp-temp-img-id" src="http://www.goldmarkcity.com.vn/wp-content/uploads/2014/12/Quang-truong-nuoc-sua-mai-sanh-1024x576.jpg" style="margin: 0px; padding: 0px; border: 0px; font-size: 14px; vertical-align: baseline; line-height: 20px; max-width: 100%; border-radius: 3px;" title="" width="600" /></p>\r\n<p style="font-size: 14px; font-family: Helvetica, Arial, sans-serif; color: rgb(68, 68, 68); margin: 0px 0px 15px; padding: 0px; border: 0px; vertical-align: baseline; line-height: 24px; font-style: normal; font-variant: normal; font-weight: normal; letter-spacing: normal; orphans: auto; text-align: start; text-indent: 0px; text-transform: none; white-space: normal; widows: 1; word-spacing: 0px; -webkit-text-stroke-width: 0px; background-color: rgb(255, 255, 255);">\r\n	<strong style="margin: 0px; padding: 0px; border: 0px; font-size: 14px; vertical-align: baseline; line-height: 20px;">Quảng trường Saphire:</strong></p>\r\n<p style="font-size: 14px; font-family: Helvetica, Arial, sans-serif; color: rgb(68, 68, 68); margin: 0px 0px 15px; padding: 0px; border: 0px; vertical-align: baseline; line-height: 24px; font-style: normal; font-variant: normal; font-weight: normal; letter-spacing: normal; orphans: auto; text-align: start; text-indent: 0px; text-transform: none; white-space: normal; widows: 1; word-spacing: 0px; -webkit-text-stroke-width: 0px; background-color: rgb(255, 255, 255);">\r\n	<img alt="" height="338" id="__wp-temp-img-id" src="http://www.goldmarkcity.com.vn/wp-content/uploads/2015/06/quang-truong-saphire-night.RGB_color.0100.RGB_color.0100-1024x576.jpg" style="margin: 0px; padding: 0px; border: 0px; font-size: 14px; vertical-align: baseline; line-height: 20px; max-width: 100%; border-radius: 3px;" title="" width="600" /></p>\r\n<p style="font-size: 14px; font-family: Helvetica, Arial, sans-serif; color: rgb(68, 68, 68); margin: 0px 0px 15px; padding: 0px; border: 0px; vertical-align: baseline; line-height: 24px; font-style: normal; font-variant: normal; font-weight: normal; letter-spacing: normal; orphans: auto; text-align: start; text-indent: 0px; text-transform: none; white-space: normal; widows: 1; word-spacing: 0px; -webkit-text-stroke-width: 0px; background-color: rgb(255, 255, 255);">\r\n	<strong style="margin: 0px; padding: 0px; border: 0px; font-size: 14px; vertical-align: baseline; line-height: 20px;">Quảng trường Saphire</strong><span class="Apple-converted-space">&nbsp;</span>lại dịu m&aacute;t với một Pavillon trung t&acirc;m mang h&igrave;nh khối&nbsp; của đ&aacute; qu&yacute; với c&aacute;c cạnh bắt s&aacute;ng- nơi bạn v&agrave; bọn trẻ c&oacute; thể thảnh thơi h&oacute;ng m&aacute;t, th&iacute;ch th&uacute; ngắm nh&igrave;n những ch&uacute; chim sẻ l&iacute;ch ch&iacute;ch b&ecirc;n hồ nước xanh mướt v&agrave; những phiến đ&aacute; gh&eacute;p từ h&agrave;ng ng&agrave;n miếng nhỏ m&agrave;u saphir. Đ&acirc;y cũng l&agrave; địa điểm l&yacute; tưởng để c&aacute;c cư d&acirc;n nh&iacute; của Goldmark city tổ chức c&aacute;c hoạt động vui chơi</p>\r\n<p style="font-size: 14px; font-family: Helvetica, Arial, sans-serif; color: rgb(68, 68, 68); margin: 0px 0px 15px; padding: 0px; border: 0px; vertical-align: baseline; line-height: 24px; font-style: normal; font-variant: normal; font-weight: normal; letter-spacing: normal; orphans: auto; text-align: start; text-indent: 0px; text-transform: none; white-space: normal; widows: 1; word-spacing: 0px; -webkit-text-stroke-width: 0px; background-color: rgb(255, 255, 255);">\r\n	<img alt="" height="338" id="__wp-temp-img-id" src="http://www.goldmarkcity.com.vn/wp-content/uploads/2015/06/cam-thap-saphire-moi.RGB_color.0000-1024x576.jpg" style="margin: 0px; padding: 0px; border: 0px; font-size: 14px; vertical-align: baseline; line-height: 20px; max-width: 100%; border-radius: 3px;" title="" width="600" /></p>\r\n', 0, '', ',goldmart,goldsilk,', 0, '', '', 29, 1, 1433455200, 0, 5, '_self', 0, 'administrator', '', 'vi', '<iframe width="724" height="400" src="https://www.youtube.com/embed/uV2uebhnqOw" frameborder="0" allowfullscreen></iframe>'),
(6, 'HÌNH ẢNH CĂN HỘ MẪU DỰ ÁN GOLDSILK COMPLEX', 'HÌNH ẢNH CĂN HỘ MẪU DỰ ÁN GOLDSILK COMPLEX', '', 33, 'HÌNH ẢNH CĂN HỘ MẪU DỰ ÁN GOLDSILK COMPLEX', 'Với phong cách kiến trúc tân cổ điển, mỗi căn hộ sẽ tạo ra một không gian sang trọng, đầm ấm mà vẫn đảm bảo sự gần gũi và hài hòa. Dựa trên diện tích, bố cục riêng, các trang thiết bị nội thất cao cấp đều được lựa chọn và bố trí thích hợp.', '/upload/images/tin-tuc/t1.jpg', '<div class="itemImageBlock" style="margin: 0px; padding: 0px; border: 0px; color: rgb(51, 51, 51); font-family: Helvetica, Arial, sans-serif; font-size: 12px; font-style: normal; font-variant: normal; font-weight: normal; letter-spacing: normal; line-height: 18px; orphans: auto; text-align: start; text-indent: 0px; text-transform: none; white-space: normal; widows: 1; word-spacing: 0px; -webkit-text-stroke-width: 0px;">\r\n	<span style="font-family:times new roman,times,serif;"><span class="itemImage" style="margin: 0px 0px 8px; padding: 0px; border: 0px none; display: block; text-align: center;"><a class="modal" href="http://goldsilk-tnr.com/media/k2/items/cache/f60a47f7792630a3a86bc14c0657e89c_XL.jpg" rel="{handler: ''image''}" style="margin: 0px; padding: 0px; border: 0px; color: rgb(11, 30, 60); text-decoration: none; cursor: pointer;" title="Nhấn vào đây để hình ảnh xem trước"><img alt="Hình ảnh căn hộ mẫu dự án GoldSilk Complex" src="http://goldsilk-tnr.com/media/k2/items/cache/f60a47f7792630a3a86bc14c0657e89c_XL.jpg" style="margin: 0px; padding: 4px; border: none; width: 600px; height: auto; background: url(http://goldsilk-tnr.com/templates/media24h/images/category_img_bg.png) repeat;" /></a></span></span></div>\r\n<div class="itemFullText" style="margin: 0px; padding: 0px; border: 0px; color: rgb(51, 51, 51); font-family: Helvetica, Arial, sans-serif; font-size: 12px; font-style: normal; font-variant: normal; font-weight: normal; letter-spacing: normal; line-height: 18px; orphans: auto; text-align: start; text-indent: 0px; text-transform: none; white-space: normal; widows: 1; word-spacing: 0px; -webkit-text-stroke-width: 0px;">\r\n	Với phong c&aacute;ch kiến tr&uacute;c t&acirc;n cổ điển, mỗi căn hộ sẽ tạo ra một kh&ocirc;ng gian sang trọng, đầm ấm m&agrave; vẫn đảm bảo sự gần gũi v&agrave; h&agrave;i h&ograve;a. Dựa tr&ecirc;n diện t&iacute;ch, bố cục ri&ecirc;ng, c&aacute;c trang thiết bị nội thất cao cấp đều được lựa chọn v&agrave; bố tr&iacute; th&iacute;ch hợp.<br />\r\n	<br />\r\n	Điều n&agrave;y kh&ocirc;ng chỉ gi&uacute;p mang lại t&iacute;nh thẩm mỹ cho mỗi căn ph&ograve;ng m&agrave; c&ograve;n tạo cho kh&ocirc;ng gian trở n&ecirc;n kho&aacute;ng đạt, rộng r&atilde;i.\r\n	<p style="margin: 0px !important; padding: 0px; border: 0px; font-weight: normal; text-align: center; font-size: 12px !important; line-height: 24px !important; color: rgb(54, 54, 54) !important; font-family: Arial !important;">\r\n		<span style="font-family:times new roman,times,serif;"><span style="margin: 0px; padding: 0px; border: 0px none; font-size: small;"><strong style="margin: 0px; padding: 0px; border: 0px;"><span style="margin: 0px; padding: 0px; border: 0px none; line-height: 1.3em;"><img border="0" height="451" src="http://goldsilk-tnr.com/images/CC-04%20Can%20B2%203.PN.jpg" style="margin: 0px; padding: 0px; border: none;" width="601" /></span></strong></span></span></p>\r\n	<p style="margin: 0px !important; padding: 0px; border: 0px; font-weight: normal; text-align: center; font-size: 12px !important; line-height: 24px !important; color: rgb(54, 54, 54) !important; font-family: Arial !important;">\r\n		<span style="font-family:times new roman,times,serif;"><img border="0" src="http://goldsilk-tnr.com/images/CC-04%20Can%20B2%204.PK.jpg" style="margin: 0px; padding: 0px; border: none;" width="600" /></span></p>\r\n	<p style="margin: 0px !important; padding: 0px; border: 0px; font-weight: normal; text-align: center; font-size: 12px !important; line-height: 24px !important; color: rgb(54, 54, 54) !important; font-family: Arial !important;">\r\n		<span style="font-family:times new roman,times,serif;"><img border="0" src="http://goldsilk-tnr.com/images/CC-04%20Can%20B2%205PA.jpg" style="margin: 0px; padding: 0px; border: none;" width="600" /></span></p>\r\n	<p style="margin: 0px !important; padding: 0px; border: 0px; font-weight: normal; text-align: center; font-size: 12px !important; line-height: 24px !important; color: rgb(54, 54, 54) !important; font-family: Arial !important;">\r\n		<span style="font-family:times new roman,times,serif;"><img border="0" src="http://goldsilk-tnr.com/images/CC-04%20Can%20B2%206.V.jpg" style="margin: 0px; padding: 0px; border: none;" width="600" /></span></p>\r\n	<p style="margin: 0px !important; padding: 0px; border: 0px; font-weight: normal; text-align: center; font-size: 12px !important; line-height: 24px !important; color: rgb(54, 54, 54) !important; font-family: Arial !important;">\r\n		<span style="font-family:times new roman,times,serif;"><img border="0" src="http://goldsilk-tnr.com/images/ngu2.jpg" style="margin: 0px; padding: 0px; border: none;" width="600" /></span></p>\r\n	<p style="margin: 0px !important; padding: 0px; border: 0px; font-weight: normal; text-align: center; font-size: 12px !important; line-height: 24px !important; color: rgb(54, 54, 54) !important; font-family: Arial !important;">\r\n		<span style="font-family:times new roman,times,serif;"><img border="0" src="http://goldsilk-tnr.com/images/khach2%20copy%20copy.jpg" style="margin: 0px; padding: 0px; border: none;" width="600" /></span></p>\r\n</div>\r\n<p>\r\n	&nbsp;</p>\r\n', 0, '', ',,', 0, '', '', 17, 1, 1433973600, 0, 6, '_self', 0, 'admin', '', 'vi', '');
INSERT INTO `vnvic_tblarticle` (`article_id`, `article_metatitle`, `article_h1`, `article_description`, `menu_id`, `article_title`, `article_header`, `article_image`, `article_content`, `article_allowcomment`, `article_fileattach`, `article_tags`, `article_home`, `article_keyword`, `article_author`, `article_view`, `article_visible`, `article_datetime`, `article_hot`, `article_queu`, `article_urltarget`, `article_rate`, `user_name`, `article_comment_privilege`, `lang`, `article_video`) VALUES
(7, 'Mua 100 nghìn tỷ đô la Zimbabwe với giá 500.000 đồng', 'Mua 100 nghìn tỷ đô la Zimbabwe với giá 500.000 đồng', '', 33, 'Mua 100 nghìn tỷ đô la Zimbabwe với giá 500.000 đồng', '', '', '<p>\r\n	Zimbabwe vừa tuy&ecirc;n bố sẽ dần loại bỏ đồng nội tệ v&agrave; ch&iacute;nh thức ho&aacute; hệ thống đa tiền tiện đ&atilde; &aacute;p dụng từ thời lạm ph&aacute;t phi m&atilde;. Theo đ&oacute;, từ ng&agrave;y 8/6, người d&acirc;n Zimbabwe bắt đầu đổi những đồng đ&ocirc; nội tệ mang rất nhiều số 0 của m&igrave;nh để lấy v&agrave;i tờ USD khi ch&iacute;nh quyền của Tổng thống Robert Mugabe quyết định loại&nbsp;bỏ đồng nội tệ gần như kh&ocirc;ng c&oacute; gi&aacute; trị của m&igrave;nh.</p>\r\n<p>\r\n	Quốc gia ph&iacute;a Nam ch&acirc;u Phi n&agrave;y đ&atilde; d&ugrave;ng ngoại tệ như USD của Mỹ hay đồng Rand của Nam Phi từ năm 2009 sau khi đồng đ&ocirc; Zimbabwe bị hủy hoại bởi si&ecirc;u lạm ph&aacute;t.&nbsp;Nguy&ecirc;n nh&acirc;n ban đầu l&agrave; do Ch&iacute;nh phủ quốc gia n&agrave;y in tiền để t&agrave;i trợ cho c&aacute;c hoạt động ở nước ngo&agrave;i v&agrave; khủng hoảng tiền tệ đ&atilde; xảy ra sau đ&oacute;.</p>\r\n<p>\r\n	Hiện nay, tờ tiền c&oacute; mệnh gi&aacute; lớn nhất của Zimbabwe l&agrave; tờ 100 ngh&igrave;n tỷ đ&ocirc; kh&ocirc;ng đủ để trả ph&iacute; xe bu&yacute;t c&ocirc;ng cộng để đi l&agrave;m trong một tuần. V&agrave; để đổi được 1 USD, người d&acirc;n Zimbabwe phải bỏ ra những 35 triệu tỷ đ&ocirc;, một d&atilde;y số bao gồm tới 15 con số 0 ở đằng sau!&nbsp;</p>\r\n<p>\r\n	Mặc d&ugrave; kh&ocirc;ng c&oacute; gi&aacute; trị thanh to&aacute;n tại Việt Nam, nhưng những đồng tiền Zimbabwe lại rất thu h&uacute;t những người th&iacute;ch sưu tập tiền lạ. Việc sở hữu những đồng tiền n&agrave;y kh&ocirc;ng qu&aacute; kh&oacute; khăn v&agrave; mức gi&aacute; cũng kh&ocirc;ng qu&aacute; đắt đỏ.</p>\r\n<p>\r\n	Tr&ecirc;n nhiều trang web, c&aacute;c đồng tiền Zimbabwe mệnh gi&aacute; 100.000 tỷ đ&ocirc; đang được rao b&aacute;n ở mức 350.000 đồng, bản mạ v&agrave;ng c&oacute; gi&aacute; 500.000 đồng; tờ 10 ngh&igrave;n tỷ Zimbabwe c&oacute; gi&aacute; khoảng 120.000 đồng; tờ 20 ngh&igrave;n tỷ Zimbabwe gi&aacute; khoảng 160.000 đồng; cặp tiền 10 tỷ v&agrave; 10 ngh&igrave;n tỷ c&oacute; gi&aacute; khoảng 200.000 đồng&hellip;</p>\r\n<p>\r\n	Theo anh Ho&agrave;ng C&ocirc;ng Minh (Linh Đ&agrave;m, H&agrave; Nội), trong hơn 5 năm kinh doanh tiền &ldquo;độc, lạ&rdquo;, rất đ&ocirc;ng kh&aacute;ch h&agrave;ng của anh t&igrave;m đến để mua đồng đ&ocirc; la Zimbabwe. Trong số đ&oacute;, đồng 100 ngh&igrave;n tỷ đ&ocirc; Zimbabwe được săn l&ugrave;ng nhiều hơn cả v&agrave; lu&ocirc;n trong t&igrave;nh trạng ch&aacute;y h&agrave;ng.</p>\r\n<p>\r\n	&ldquo;Tờ 100 ngh&igrave;n tỷ đ&ocirc; la Zimbabwe ra đời từ năm 2008 trong bối cảnh nước n&agrave;y rơi v&agrave;o khủng hoảng si&ecirc;u lạm ph&aacute;t. Tuy nhi&ecirc;n, tờ tiền n&agrave;y chỉ &ldquo;sống thọ&rdquo; được hơn 1 tuần v&agrave; sau khi ch&iacute;nh thức ngừng lưu h&agrave;nh, n&oacute; lập tức được nhiều người săn l&ugrave;ng&rdquo;, anh Minh cho hay.</p>\r\n<p>\r\n	C&ograve;n theo một chủ shop b&aacute;n tiền online kh&aacute;c, nguồn tiền Zimbabwe chủ yếu được anh nhờ bạn mang về. Trong thời gian gần đ&acirc;y, do nhiều người săn l&ugrave;ng cộng với việc nguồn h&agrave;ng &iacute;t hơn n&ecirc;n gi&aacute; của những đồng tiền n&agrave;y tăng l&ecirc;n đ&ocirc;i ch&uacute;t so với thời gian trước.&nbsp;&nbsp;</p>\r\n<p>\r\n	&ldquo;Như tờ 100 ngh&igrave;n tỷ đồng Zimbabwe, khoảng 3 th&aacute;ng trở lại đ&acirc;y đ&atilde; tăng l&ecirc;n cao gấp đ&ocirc;i. Nhiều người hỏi mua nhưng t&ocirc;i cũng phải hẹn giao h&agrave;ng sau một v&agrave;i h&ocirc;m để chờ tiền về&rdquo;, vị n&agrave;y cho hay.</p>\r\n<p>\r\n	Về ph&iacute;a người mua h&agrave;ng, chị Ho&agrave;ng &Aacute;nh Ngọc (Hai B&agrave; Trưng, H&agrave; Nội) chia sẻ: &ldquo;T&ocirc;i c&oacute; sở th&iacute;ch sưu tập tiền độc n&ecirc;n thường săn những tờ tiền Zimbabwe c&aacute;c mệnh gi&aacute; kh&aacute;c nhau. Ngo&agrave;i ra, t&ocirc;i cũng d&agrave;nh một số tờ l&agrave;m qu&agrave; tặng cho bạn b&egrave; để mang lại may mắn, ch&uacute;c nhau l&agrave;m ăn ph&aacute;t đạt được nhiều con số như tr&ecirc;n tờ tiền&rdquo;.</p>\r\n', 0, '', ',,', 0, '', '', 0, 1, 1434492000, 0, 7, '_self', 0, 'administrator', '', 'vi', ''),
(8, 'Chủ tịch nước: Sự phát triển của đất nước có dấu ấn của báo chí', 'Chủ tịch nước: Sự phát triển của đất nước có dấu ấn của báo chí', '', 33, 'Chủ tịch nước: Sự phát triển của đất nước có dấu ấn của báo chí', '', '', '<div>\r\n	S&aacute;ng 17/6, tại Phủ Chủ tịch, Chủ tịch nước Trương Tấn Sang c&oacute; buổi gặp mặt c&aacute;c nh&agrave; b&aacute;o đại diện c&aacute;c cơ quan th&ocirc;ng tấn b&aacute;o ch&iacute;, nh&agrave; b&aacute;o l&atilde;o th&agrave;nh nh&acirc;n kỷ niệm 90 năm Ng&agrave;y b&aacute;o ch&iacute; c&aacute;ch mạng Việt Nam (21/6/1925-21/6/2015).</div>\r\n<div>\r\n	&nbsp;</div>\r\n<div>\r\n	Thay mặt c&aacute;c nh&agrave; b&aacute;o tại buổi gặp mặt, &ocirc;ng H&agrave; Minh Huệ - Ph&oacute; Chủ tịch Hội nh&agrave; b&aacute;o Việt Nam b&aacute;o c&aacute;o với Chủ tịch nước về những bước ph&aacute;t triển vượt bậc của nền b&aacute;o ch&iacute; c&aacute;ch mạng nước nh&agrave; thời gian qua.</div>\r\n<div>\r\n	&nbsp;</div>\r\n<div>\r\n	&Ocirc;ng H&agrave; Minh Huệ cho biết, hiện cả nước c&oacute; 845 cơ quan b&aacute;o ch&iacute;, tr&ecirc;n 1.100 ấn phẩm b&aacute;o, tạp ch&iacute;, trong đ&oacute; c&oacute; những &ldquo;binh chủng&rdquo; th&ocirc;ng tin rất h&ugrave;ng hậu, trang bị phương tiện hiện đại, hội đủ nhiều loại h&igrave;nh b&aacute;o ch&iacute;, ph&aacute;t s&oacute;ng rộng khắp như Đ&agrave;i TNVN, Th&ocirc;ng tấn x&atilde; Việt Nam, Đ&agrave;i Truyền h&igrave;nh Việt Nam&hellip;</div>\r\n<div>\r\n	&nbsp;</div>\r\n<div>\r\n	Hầu hết c&aacute;c cơ quan b&aacute;o ch&iacute; đều hoạt động đ&uacute;ng t&ocirc;n chỉ mục đ&iacute;ch, thực hiện tốt nhiệm vụ ch&iacute;nh trị, th&ocirc;ng tin nhanh nhạy, đầy đủ, to&agrave;n diện về mọi diễn biến của đời sống ch&iacute;nh trị, kinh tế-x&atilde; hội, ph&aacute;t hiện t&ocirc;n vinh gương điển h&igrave;nh ti&ecirc;n tiến, người tốt việc tốt. Đồng thời đấu tranh, ph&ecirc; ph&aacute;n c&aacute;c hiện tượng ti&ecirc;u cực, tham nhũng, phản b&aacute;c c&aacute;c quan điểm sai tr&aacute;i, th&ugrave; địch chống ph&aacute; Đảng, Nh&agrave; nước v&agrave; nh&acirc;n d&acirc;n ta.</div>\r\n<div>\r\n	&nbsp;</div>\r\n<div>\r\n	Ph&aacute;t biểu tại buổi gặp mặt, Chủ tịch nước Trương Tấn Sang ch&uacute;c mừng, biểu dương những kết quả m&agrave; đội ngũ những người l&agrave;m b&aacute;o nước nh&agrave; đạt được trong 90 năm qua.</div>\r\n<div>\r\n	&nbsp;</div>\r\n<div>\r\n	Chủ tịch nước khẳng định, trong c&ocirc;ng cuộc giải ph&oacute;ng d&acirc;n tộc cũng như x&acirc;y dựng, đổi mới, ph&aacute;t triển đất nước được phồn vinh như ng&agrave;y h&ocirc;m nay lu&ocirc;n c&oacute; những dấu ấn đậm n&eacute;t của b&aacute;o ch&iacute;.</div>\r\n<div>\r\n	&nbsp;</div>\r\n<div>\r\n	Những người l&agrave;m b&aacute;o kh&ocirc;ng chỉ ti&ecirc;n phong tr&ecirc;n mặt trận tư tưởng văn h&oacute;a, định hướng dư luận m&agrave; c&ograve;n c&oacute; những ph&aacute;t hiện, phản biện t&iacute;ch cực trước những vấn đề của đất nước, vấn đề d&acirc;n sinh bức x&uacute;c.</div>\r\n', 0, '', ',,', 0, '', '', 0, 1, 1434492000, 0, 8, '_self', 0, 'administrator', '', 'vi', ''),
(9, 'Chủ tịch nước: Sự phát triển của đất nước có dấu ấn của báo chí', 'Chủ tịch nước: Sự phát triển của đất nước có dấu ấn của báo chí', '', 33, 'Chủ tịch nước: Sự phát triển của đất nước có dấu ấn của báo chí', '', '', '<p>\r\n	S&aacute;ng 17/6, tại Phủ Chủ tịch, Chủ tịch nước Trương Tấn Sang c&oacute; buổi gặp mặt c&aacute;c nh&agrave; b&aacute;o đại diện c&aacute;c cơ quan th&ocirc;ng tấn b&aacute;o ch&iacute;, nh&agrave; b&aacute;o l&atilde;o th&agrave;nh nh&acirc;n kỷ niệm 90 năm Ng&agrave;y b&aacute;o ch&iacute; c&aacute;ch mạng Việt Nam (21/6/1925-21/6/2015).<br />\r\n	<br />\r\n	Thay mặt c&aacute;c nh&agrave; b&aacute;o tại buổi gặp mặt, &ocirc;ng H&agrave; Minh Huệ - Ph&oacute; Chủ tịch Hội nh&agrave; b&aacute;o Việt Nam b&aacute;o c&aacute;o với Chủ tịch nước về những bước ph&aacute;t triển vượt bậc của nền b&aacute;o ch&iacute; c&aacute;ch mạng nước nh&agrave; thời gian qua.<br />\r\n	<br />\r\n	&Ocirc;ng H&agrave; Minh Huệ cho biết, hiện cả nước c&oacute; 845 cơ quan b&aacute;o ch&iacute;, tr&ecirc;n 1.100 ấn phẩm b&aacute;o, tạp ch&iacute;, trong đ&oacute; c&oacute; những &ldquo;binh chủng&rdquo; th&ocirc;ng tin rất h&ugrave;ng hậu, trang bị phương tiện hiện đại, hội đủ nhiều loại h&igrave;nh b&aacute;o ch&iacute;, ph&aacute;t s&oacute;ng rộng khắp như Đ&agrave;i TNVN, Th&ocirc;ng tấn x&atilde; Việt Nam, Đ&agrave;i Truyền h&igrave;nh Việt Nam&hellip;<br />\r\n	<br />\r\n	Hầu hết c&aacute;c cơ quan b&aacute;o ch&iacute; đều hoạt động đ&uacute;ng t&ocirc;n chỉ mục đ&iacute;ch, thực hiện tốt nhiệm vụ ch&iacute;nh trị, th&ocirc;ng tin nhanh nhạy, đầy đủ, to&agrave;n diện về mọi diễn biến của đời sống ch&iacute;nh trị, kinh tế-x&atilde; hội, ph&aacute;t hiện t&ocirc;n vinh gương điển h&igrave;nh ti&ecirc;n tiến, người tốt việc tốt. Đồng thời đấu tranh, ph&ecirc; ph&aacute;n c&aacute;c hiện tượng ti&ecirc;u cực, tham nhũng, phản b&aacute;c c&aacute;c quan điểm sai tr&aacute;i, th&ugrave; địch chống ph&aacute; Đảng, Nh&agrave; nước v&agrave; nh&acirc;n d&acirc;n ta.<br />\r\n	<br />\r\n	Ph&aacute;t biểu tại buổi gặp mặt, Chủ tịch nước Trương Tấn Sang ch&uacute;c mừng, biểu dương những kết quả m&agrave; đội ngũ những người l&agrave;m b&aacute;o nước nh&agrave; đạt được trong 90 năm qua.<br />\r\n	<br />\r\n	Chủ tịch nước khẳng định, trong c&ocirc;ng cuộc giải ph&oacute;ng d&acirc;n tộc cũng như x&acirc;y dựng, đổi mới, ph&aacute;t triển đất nước được phồn vinh như ng&agrave;y h&ocirc;m nay lu&ocirc;n c&oacute; những dấu ấn đậm n&eacute;t của b&aacute;o ch&iacute;.<br />\r\n	<br />\r\n	Những người l&agrave;m b&aacute;o kh&ocirc;ng chỉ ti&ecirc;n phong tr&ecirc;n mặt trận tư tưởng văn h&oacute;a, định hướng dư luận m&agrave; c&ograve;n c&oacute; những ph&aacute;t hiện, phản biện t&iacute;ch cực trước những vấn đề của đất nước, vấn đề d&acirc;n sinh bức x&uacute;c.</p>\r\n', 0, '', ',,', 0, '', '', 1, 1, 1434492000, 0, 9, '_self', 0, 'administrator', '', 'vi', ''),
(10, 'Chung cư Goldsilk Complex không gian tiện ích đẳng cấp nhất Hà Đông', 'Chung cư Goldsilk Complex không gian tiện ích đẳng cấp nhất Hà Đông', '', 33, 'Chung cư Goldsilk Complex không gian tiện ích đẳng cấp nhất Hà Đông', 'Dự án chung cư cao cấp Goldsilk Complex còn được đánh giá là tổ hợp chung cư cao tầng kết hợp nhà liền kề đẳng cấp được tọa lạc tại vị trí vàng với không gian Châu Âu hiện đại.\r\n\r\nSau thành công buổi mở bán đợt 1 dự án Goldsilk Complex Vạn Phúc Hà Đông, giá chỉ từ 20,8tr/m2 với nhiều diện tích đa dạng từ 68m2 đến 128m2 đã được rất nhiều khách hàng quan tâm.', '/upload/images/tin-tuc/5d9bd784bfd234610bf8ba15e7ad6a4e_XL.jpg', '<p style="text-align: center;">\r\n	<img alt="" src="/upload/images/tin-tuc/5d9bd784bfd234610bf8ba15e7ad6a4e_XL.jpg" style="width: 600px; height: 320px;" /></p>\r\n<p>\r\n	Chung cư Goldsilk Complex kh&ocirc;ng gian tiện &iacute;ch đẳng cấp nhất H&agrave; Đ&ocirc;ng<br />\r\n	<br />\r\n	Dự &aacute;n chung cư cao cấp Goldsilk Complex c&ograve;n được đ&aacute;nh gi&aacute; l&agrave; tổ hợp chung cư cao tầng kết hợp nh&agrave; liền kề đẳng cấp được tọa lạc tại vị tr&iacute; v&agrave;ng với kh&ocirc;ng gian Ch&acirc;u &Acirc;u hiện đại.<br />\r\n	<br />\r\n	Sau th&agrave;nh c&ocirc;ng buổi mở b&aacute;n đợt 1 dự &aacute;n Goldsilk Complex Vạn Ph&uacute;c H&agrave; Đ&ocirc;ng, gi&aacute; chỉ từ 20,8tr/m2 với nhiều diện t&iacute;ch đa dạng từ 68m2 đến 128m2 đ&atilde; được rất nhiều kh&aacute;ch h&agrave;ng quan t&acirc;m.<br />\r\n	<br />\r\n	Dự &aacute;n được Chủ đầu tư k&yacute; kết hợp t&aacute;c chiến lược với c&ocirc;ng ty cổ phần đầu tư x&acirc;y dựng v&agrave; tư vấn bất động sản An Việt Hưng độc quyền ph&acirc;n phối dự &aacute;n. Chung cư cao cấp Goldsilk tiếp tục được triển khai mở b&aacute;n căn hộ với gi&aacute; hết hết sức ưu đ&atilde;i:<br />\r\n	<br />\r\n	- Chiết khấu l&ecirc;n tới 7% khi thanh to&aacute;n 95% gi&aacute; trị căn hộ<br />\r\n	<br />\r\n	- Được ng&acirc;n h&agrave;ng hỗ trợ vay vốn l&atilde;i suất chỉ 4,99%/năm đầu ti&ecirc;n<br />\r\n	<br />\r\n	- Đặc biệt kh&aacute;ch h&agrave;ng đặt mua căn hộ từ ng&agrave;y 18/6 đến ng&agrave;y 5/7/2015 kh&aacute;ch h&agrave;ng c&ograve;n c&oacute; cơ hội bốc thăm tr&uacute;ng thưởng với gi&aacute; trị l&ecirc;n tới 150 triệu đồng<br />\r\n	<br />\r\n	Dự &aacute;n chung cư cao cấp Goldsilk Complex c&ograve;n được đ&aacute;nh gi&aacute; l&agrave; tổ hợp chung cư cao tầng kết hợp nh&agrave; liền kề đẳng cấp được tọa lạc tại vị tr&iacute; v&agrave;ng với kh&ocirc;ng gian Ch&acirc;u &Acirc;u hiện đại.<br />\r\n	<br />\r\n	Tổ hợp bao gồm: 2 t&ograve;a chung cư cao 32 tầng với 748 căn hộ, 5 tầng trung t&acirc;m thương mại &ndash; dịch vụ đẳng cấp như bể bơi, ph&ograve;ng tập Gym, nh&agrave; h&agrave;ng si&ecirc;u thị, khu nh&agrave; trẻ, khu phố thương mại sang trọng, kh&ocirc;ng gian c&acirc;y xanh thư gi&atilde;n cho cư d&acirc;n nơi đ&acirc;y. Goldsilk Complex l&agrave; dự &aacute;n đầu ti&ecirc;n tại H&agrave; Đ&ocirc;ng được t&iacute;ch hợp đầy đủ c&aacute;c tiện &iacute;ch đẳng, mang đến kh&ocirc;ng gian mới hiện đại.<br />\r\n	<br />\r\n	Goldsilk Complex l&agrave; dự &aacute;n nằm tại trung t&acirc;m quận H&agrave; Đ&ocirc;ng (thủ phủ tỉnh H&agrave; T&acirc;y cũ) với cơ sở hạ tầng đồng bộ, gần c&aacute;c trường đại học, giao th&ocirc;ng đặc biệt thuận lợi.<br />\r\n	<br />\r\n	B&ecirc;n cạnh những tiện &iacute;ch vượt trội của dự &aacute;n, Goldsilk Complex c&ograve;n được chủ đầu tư tuyển chọn những đơn vị thi c&ocirc;ng nổi tiếng như Coteccons để đảm bảo chất lượng c&ocirc;ng tr&igrave;nh, đem lại cuộc sống an to&agrave;n cho cư d&acirc;n.<br />\r\n	<br />\r\n	Với phương ch&acirc;m lấy lợi &iacute;ch của kh&aacute;ch h&agrave;ng l&agrave;m trung t&acirc;m, dự &aacute;n chung cư cao cấp Goldsilk Complex hứa hẹn sẽ đem đến một kh&ocirc;ng gian Ch&acirc;u &Acirc;u đẳng cấp, đem lại một kh&ocirc;ng gian sống mới cho quận H&agrave; Đ&ocirc;ng n&oacute;i ri&ecirc;ng v&agrave; thủ đ&ocirc; H&agrave; Nội n&oacute;i chung.</p>\r\n', 0, '', ',,', 0, '', '', 1, 1, 1434924000, 0, 10, '_self', 0, 'admin', '', 'vi', ''),
(12, 'Goldsilk Complex – “Làn gió mới” cho thị trường BĐS Hà Nội ', 'Goldsilk Complex – “Làn gió mới” cho thị trường BĐS Hà Nội ', '', 33, 'Goldsilk Complex – “Làn gió mới” cho thị trường BĐS Hà Nội ', 'Tọa lạc tại cửa ngõ của quận Hà Đông, nơi hội tụ văn hóa làng lụa Vạn Phúc 1.000 năm tuổi, Goldsilk Complex thổi “làn gió mới” cho khu vực này khi mang đến một thiết kế kiến trúc tinh tế, ấn tượng giao thoa giữa châu Âu đẳng cấp và Á Đông truyền thống, tinh tế.', '/upload/images/thumbs/tt2.jpg', '<p style="text-align: center;">\r\n	<img alt="" src="/upload/images/tin-tuc/p2.jpg" style="width: 600px; height: 338px;" /></p>\r\n<p class="fon33 mt1 sapo">\r\n	<strong>Tọa lạc tại cửa ng&otilde; của quận H&agrave; Đ&ocirc;ng, nơi hội tụ văn h&oacute;a l&agrave;ng lụa Vạn Ph&uacute;c 1.000 năm tuổi, Goldsilk Complex thổi &ldquo;l&agrave;n gi&oacute; mới&rdquo; cho khu vực n&agrave;y khi mang đến một thiết kế kiến tr&uacute;c tinh tế, ấn tượng giao thoa giữa ch&acirc;u &Acirc;u đẳng cấp v&agrave; &Aacute; Đ&ocirc;ng truyền thống, tinh tế.</strong></p>\r\n<p>\r\n	Goldsilk Complex l&agrave; tổ hợp thương mại v&agrave; nh&agrave; ở với tổng diện t&iacute;ch&nbsp;19.594 m<sup>2</sup>, gồm 2 t&ograve;a nh&agrave; cao 32 tầng, khu thấp tầng với 47 căn hộ liền kề, khu nh&agrave; trẻ trường học 2,000m2, được v&iacute; như 1 th&agrave;nh phố hiện đại thu nhỏ với đầy đủ tất cả c&aacute;c tiện &iacute;ch sống cao cấp.</p>\r\n<p>\r\n	<strong>Vị tr&iacute; mang &ldquo;linh hồn&rdquo; văn h&oacute;a của quận H&agrave; Đ&ocirc;ng</strong></p>\r\n<p>\r\n	Tọa lạc tại 430 Cầu Am, Vạn Ph&uacute;c, H&agrave; Đ&ocirc;ng, H&agrave; Nội &ndash; vị tr&iacute; cửa ng&otilde; của quận H&agrave; Đ&ocirc;ng, cạnh l&agrave;ng lụa Vạn Ph&uacute;c c&oacute; lịch sử 1.000 năm tuổi v&agrave; nằm trong khu l&agrave;ng cổ Vạn Ph&uacute;c c&oacute; nền văn h&oacute;a l&acirc;u đời. Từ đ&acirc;y, cư d&acirc;n Goldsilk Complex dễ d&agrave;ng lưu th&ocirc;ng v&agrave;o trung t&acirc;m th&agrave;nh phố H&agrave; Nội với 2 con đường đẹp nhất ph&iacute;a T&acirc;y th&agrave;nh phố: L&ecirc; Văn Lương k&eacute;o d&agrave;i v&agrave; tuyến đường Quang Trung - Trần Ph&uacute; - Nguyễn Tr&atilde;i. Đặc biệt, dự &aacute;n c&aacute;ch tuyến đường sắt tr&ecirc;n cao C&aacute;t Linh &ndash; H&agrave; Đ&ocirc;ng chỉ khoảng 500m, khi ho&agrave;n thiện v&agrave; đi v&agrave;o hoạt động v&agrave;o cuối năm 2015 thời gian di chuyển của cư d&acirc;n đến trung t&acirc;m th&agrave;nh phố sẽ được r&uacute;t ngắn rất nhiều.</p>\r\n<p style="text-align: center;">\r\n	<img alt="" src="/upload/images/tin-tuc/p2-1.jpg" style="width: 450px; height: 253px;" /></p>\r\n<p style="text-align: center;">\r\n	Golsilk Complex mang đến một sản phẩm BĐS kh&aacute;c biệt cho thị trường H&agrave; Nội.</p>\r\n<p>\r\n	An cư tại Goldsilk Complex, ngo&agrave;i được hưởng trọn vẹn hệ thống tiện &iacute;ch hiện đại, đẳng cấp từ dự &aacute;n, cư d&acirc;n c&ograve;n được thừa hưởng to&agrave;n bộ hệ thống hạ tầng, giao th&ocirc;ng khu vực từ những khu đ&ocirc; thị (KĐT) xung quanh đ&atilde; ph&aacute;t triển bền vững như: KĐT Văn Ph&uacute;, KĐT Dương Nội, KĐT Văn Kh&ecirc;, KĐT Mỗ Lao,&hellip; Ngo&agrave;i ra, dự &aacute;n rất gần một số bệnh viện, cơ quan h&agrave;nh ch&iacute;nh, trường học lớn của H&agrave; Nội như: bệnh viện 103 (2,5 km), bưu điện H&agrave; Đ&ocirc;ng (1,5 km), s&acirc;n v&acirc;n động H&agrave; Đ&ocirc;ng (1,5 km),&nbsp;Học Viện Qu&acirc;n y (2,5 km), Học viện An ninh Nh&acirc;n d&acirc;n, si&ecirc;u thị Coopmart, ...</p>\r\n<p>\r\n	<strong>Thiết kế kh&aacute;c biệt từ sự kết hợp phong c&aacute;ch &Aacute; - &Acirc;u</strong></p>\r\n<p>\r\n	Goldsilk Complex mang đến d&ograve;ng sản phẩm c&oacute; thiết kế kh&aacute;c biệt so với c&aacute;c sản phẩm BĐS đang c&oacute; mặt tr&ecirc;n thị trường. Tại Goldsilk Complex, CĐT mang đến một kh&ocirc;ng gian sống vừa hiện đại, năng động v&agrave; đẳng cấp nhưng kh&ocirc;ng l&agrave;m mất đi vẻ tự nhi&ecirc;n, truyền thống vốn c&oacute; trong phong c&aacute;ch &Aacute; Đ&ocirc;ng. N&eacute;t đẹp h&ograve;a quyện n&agrave;y được thể hiện tinh tế trong từng đường n&eacute;t ngoại cảnh đến thiết kế căn hộ, nội thất.</p>\r\n<p style="text-align: center;">\r\n	<img alt="" src="/upload/images/tin-tuc/p2-2.jpg" style="width: 450px; height: 253px;" /></p>\r\n<p style="text-align: center;">\r\n	Goldsilk Complex c&oacute; thiết kế phong c&aacute;ch ấn tượng với thi&ecirc;n nhi&ecirc;n kết hợp đan xen vườn hoa, b&atilde;i cỏ mang t&iacute;nh nghệ thuật.</p>\r\n<p>\r\n	Goldsilk Complex c&oacute; thiết kế phong c&aacute;ch ấn tượng với thi&ecirc;n nhi&ecirc;n kết hợp đan xen vườn hoa, b&atilde;i cỏ mang t&iacute;nh nghệ thuật; đa dạng hệ thực vật với hệ thống c&aacute;c c&acirc;y xanh tầm cao, trung v&agrave; tầm thấp; đ&agrave;i phun nước nghệ thuật v&agrave; hệ thống &aacute;nh s&aacute;ng, đ&egrave;n hắt th&ocirc;ng minh thay thế những thiết kế chiếu s&aacute;ng th&ocirc;ng thường,&hellip; tất cả mang lại một kh&ocirc;ng gian sống ho&agrave;n to&agrave;n mới, kh&aacute;c biệt v&agrave; đẳng cấp.</p>\r\n<p>\r\n	Đặc biệt, CĐT &aacute;p dụng phương ph&aacute;p x&acirc;y dựng tường trụ thay v&igrave; cột trụ, c&ocirc;ng nghệ ti&ecirc;n tiến nhất của ng&agrave;nh x&acirc;y dựng tr&ecirc;n thế giới ở thời điểm n&agrave;y. Phương ph&aacute;p n&agrave;y gi&uacute;p nới rộng kh&ocirc;ng gian, tiết kiệm mặt bằng v&agrave; kh&ocirc;ng c&ograve;n những g&oacute;c chết; khả năng c&aacute;ch &acirc;m, chống thấm v&agrave; c&oacute; khả năng chịu động đất cao gấp 2 lần so với tường gạch b&igrave;nh thường.</p>\r\n<p>\r\n	Về căn hộ, Goldsilk Complex c&oacute; diện t&iacute;ch linh hoạt từ 60 &ndash; 120m2, được thiết kế từ 2 - 4 ph&ograve;ng ngủ, với&nbsp;gi&aacute; chỉ từ 22 triệu đồng/m2, ph&ugrave; hợp với đa dạng nhu cầu của kh&aacute;ch h&agrave;ng. Được thiết kế nhằm tối ưu h&oacute;a diện t&iacute;ch v&agrave; c&ocirc;ng năng sử dụng, c&aacute;c ph&ograve;ng đều được t&iacute;nh to&aacute;n kỹ để c&oacute; độ th&ocirc;ng tho&aacute;ng v&agrave; đ&oacute;n &aacute;nh s&aacute;ng tự nhi&ecirc;n. Ngo&agrave;i ra, để ph&ugrave; hợp với kh&ocirc;ng gian sống v&agrave; phong thủy của người Việt, CĐT thiết kế t&ograve;a chung cư với hướng ch&iacute;nh l&agrave; hướng T&acirc;y Bắc, Đ&ocirc;ng Nam &ndash; dễ d&agrave;ng cho kh&aacute;ch h&agrave;ng chọn lựa.</p>\r\n<p>\r\n	<strong>Tiện &iacute;ch đẳng cấp: Bể bơi ch&acirc;n m&acirc;y tr&ecirc;n cao độc đ&aacute;o</strong></p>\r\n<p>\r\n	Đ&aacute;p ứng nhu cầu an cư tiện nghi, hiện đại của giới tr&iacute; thức trẻ, những người c&oacute; thu nhập ổn định, CĐT đầu tư x&acirc;y dựng chuỗi hệ thống tiện &iacute;ch chất lượng. Khu trung t&acirc;m thương mại với c&aacute;c thương hiệu cao cấp xen lẫn gian h&agrave;ng lụa truyền thống; Bể bơi ch&acirc;n m&acirc;y ngo&agrave;i trời tr&ecirc;n cao độc đ&aacute;o nằm giữa 2 t&ograve;a th&aacute;p, xung quanh được trồng nhiều loại c&acirc;y nhiệt đới tầm trung v&agrave; tầm thấp tạo cảm gi&aacute;c thư gi&atilde;n tuyệt vời; Khu nh&agrave; h&agrave;ng sang trọng; Ph&ograve;ng tập gym chuy&ecirc;n nghiệp được trang bị c&aacute;c thiết bị luyện tập hỗ trợ tăng cường sức khỏe tim mạch như m&aacute;y chạy bộ, xe đạp, ch&egrave;o thuyền; Khu spa sang trọng c&ugrave;ng phong c&aacute;ch phục vụ chuy&ecirc;n nghiệp; Ph&ograve;ng kh&aacute;m đa khoa hiện đại cung cấp dịch vụ chăm s&oacute;c sức khỏe theo ti&ecirc;u chuẩn quốc tế,&hellip;</p>\r\n<p style="text-align: center;">\r\n	<img alt="" src="/upload/images/tin-tuc/p2-3.jpg" style="width: 450px; height: 253px;" /></p>\r\n<p style="text-align: center;">\r\n	Dự &aacute;n được thiết kế bể bơi ch&acirc;n m&acirc;y tr&ecirc;n cao độc đ&aacute;o &ndash; l&agrave; nơi thư gi&atilde;n tuyệt vời của cư d&acirc;n.</p>\r\n<p>\r\n	Đặc biệt, tại Goldsilk Complex, CĐT d&agrave;nh quỹ đất 1.972 m2 x&acirc;y dựng khu nh&agrave; trẻ v&agrave; khu vui chơi an to&agrave;n được phủ xanh bởi những b&atilde;i cỏ, vườn hoa, c&acirc;y cao đan xen, đảm bảo m&ocirc;i trường trong l&agrave;nh cho c&aacute;c cư d&acirc;n nh&iacute;.</p>\r\n<p>\r\n	Với mật độ x&acirc;y dựng thấp v&agrave; c&oacute; vị tr&iacute; &ldquo;v&agrave;ng&rdquo;, Goldsilk Complex sẽ đ&oacute;ng g&oacute;p ph&aacute;t triển bền vững cho khu vực H&agrave; Đ&ocirc;ng n&oacute;i ri&ecirc;ng v&agrave; H&agrave; Nội n&oacute;i chung một khu đ&ocirc; thị mới, khang trang, xanh v&agrave; đẹp.</p>\r\n', 0, '', ',,', 0, '', '', 2, 1, 1434319200, 0, 11, '_self', 0, 'admin', '', 'vi', ''),
(13, 'Ra mắt tổ hợp căn hộ đẳng cấp nhất Hà Đông Goldsilk Complex ', 'Ra mắt tổ hợp căn hộ đẳng cấp nhất Hà Đông Goldsilk Complex ', '', 33, 'Ra mắt tổ hợp căn hộ đẳng cấp nhất Hà Đông Goldsilk Complex ', 'Vào 9h ngày 14/6/2015, tại khách sạn Grand Plaza (177 Trần Duy Hưng, Cầu Giấy, Hà Nội) sẽ diễn ra Lễ công bố dự án Goldsilk Complex và ký kết hợp tác chiến lược giữa CĐT – Công ty Cổ phần BĐS Hanovid và Công ty Cổ Phần Đầu Tư Xây Dựng và Tư Vấn Bất Động Sản An Việt Hưng. ', '/upload/images/thumbs/p3.jpg', '<p style="text-align: center;">\r\n	<img alt="" src="/upload/images/tin-tuc/p31.jpg" /></p>\r\n<div class="div-baiviet">\r\n	<p class="baiviet-sapo" style="text-align: justify;">\r\n		<strong>V&agrave;o 9h ng&agrave;y 14/6/2015, tại kh&aacute;ch sạn Grand Plaza (177 Trần Duy Hưng, Cầu Giấy, H&agrave; Nội) sẽ diễn ra Lễ c&ocirc;ng bố dự &aacute;n Goldsilk Complex v&agrave; k&yacute; kết hợp t&aacute;c chiến lược giữa CĐT &ndash; C&ocirc;ng ty Cổ phần BĐS Hanovid v&agrave; C&ocirc;ng ty Cổ Phần Đầu Tư X&acirc;y Dựng v&agrave; Tư Vấn Bất Động Sản An Việt Hưng.<span style="font-size: 12.1599998474121px; line-height: 1.3em;">&nbsp;</span></strong></p>\r\n</div>\r\n<p style="text-align: justify;">\r\n	Tham gia k&yacute; kết ngo&agrave;i CĐT Hanovid, đơn vị ph&acirc;n phối An Việt Hưng c&ograve;n c&oacute; đơn vị quản l&yacute;, ph&aacute;t triển dự &aacute;n &ndash; C&ocirc;ng ty Cổ Phần Đầu tư Ph&aacute;t triển Bất Động Sản TNR Holding v&agrave; tổng thầu thi c&ocirc;ng &ndash; C&ocirc;ng ty Cổ Phần X&acirc;y Dựng Conteccons.</p>\r\n<p style="text-align: justify;">\r\n	Goldsilk Complex tọa lạc tại 88 Vạn Ph&uacute;c, H&agrave; Đ&ocirc;ng (430 Cầu Am cũ, H&agrave; Đ&ocirc;ng, H&agrave; Nội) &ndash; mảnh đất v&agrave;ng của H&agrave; Đ&ocirc;ng, nằm ngay cạnh l&agrave;ng lụa Vạn Ph&uacute;c , c&aacute;ch bưu điện H&agrave; Đ&ocirc;ng 300m. Dự &aacute;n l&agrave; tổ hợp thương mại v&agrave; nh&agrave; ở với tổng diện t&iacute;ch 19.594 m3, gồm 2 t&ograve;a JASMINE v&agrave; TULIP cao 32 tầng v&agrave; 01 tầng hầm. Nh&agrave; phố Thương Mại bao gồm 4 khu với 47 căn phố liền kề, khu nh&agrave; trẻ rộng hơn 2000m2.</p>\r\n<p style="text-align: center;">\r\n	<img alt="" src="/upload/images/tin-tuc/p32.jpg" /></p>\r\n<p style="text-align: justify;">\r\n	Điểm nổi bật nhất trong kiến tr&uacute;c dự &aacute;n l&agrave; &aacute;p dụng phương ph&aacute;p tường trụ ưu việt, c&oacute; khả năng c&aacute;ch &acirc;m chống thấm v&agrave; chịu động đất cao gấp 2 lần so với tường b&igrave;nh thường. Khu bể bơi ch&acirc;n m&acirc;y độc đ&aacute;o giữa 2 t&ograve;a th&aacute;p tr&ecirc;n tầng 5 kết hợp với vườn treo phong c&aacute;ch biệt thự ch&acirc;u &Acirc;u tr&ecirc;n tầng 26 tất cả đ&atilde; tạo n&ecirc;n một kh&ocirc;ng gian sống mới, sang trọng v&agrave; l&atilde;ng mạn. Căn hộ được thiết kế độc đ&aacute;o kết hợp giữa phong c&aacute;ch hiện đại v&agrave; phong c&aacute;ch t&acirc;n cổ điển Ch&acirc;u &Acirc;u với diện t&iacute;ch từ 68m2 &ndash; 78m2 &ndash; 99m2 - 128m2 với gi&aacute; b&aacute;n chỉ từ 22 triệu đồng.m2.</p>\r\n<p style="text-align: center;">\r\n	<img alt="" src="/upload/images/tin-tuc/p33.jpg" /></p>\r\n<p style="text-align: center;">\r\n	Bể bơi ch&acirc;n m&acirc;y tầng 5</p>\r\n<p style="text-align: center;">\r\n	<img alt="" src="/upload/images/tin-tuc/p34.jpg" /></p>\r\n<p style="text-align: center;">\r\n	Thiết kế căn hộ B2</p>\r\n<p style="text-align: center;">\r\n	<img alt="" src="/upload/images/tin-tuc/p35.jpg" /></p>\r\n<p style="text-align: justify;">\r\n	C&ocirc;ng ty Cổ Phần Đầu Tư X&acirc;y Dựng v&agrave; Tư Vấn Bất Động Sản An Việt Hưng ch&iacute;nh thức trở th&agrave;nh đơn vị ph&acirc;n phối độc quyền t&ograve;a JASMINE &ndash; t&ograve;a đẹp nhất dự &aacute;n Goldsilk Complex.</p>\r\n', 0, '', ',,', 0, '', '', 0, 1, 1434319200, 0, 12, '_self', 0, 'admin', '', 'vi', ''),
(14, 'Dự án Goldsilk Complex đã chính thức có Giấy phép xây dựng ', 'Dự án Goldsilk Complex đã chính thức có Giấy phép xây dựng ', '', 33, 'Dự án Goldsilk Complex đã chính thức có Giấy phép xây dựng ', 'Sau hàng loạt những lùm xùm xung quanh việc dự án Goldsilk Complex thi công khi chưa có giấy phép xây dựng, ngày 8/6/2015 vừa qua, Sở Xây dựng Hà Nội đã chính thức cấp giấy phép xây dựng cho dự án này, đảm bảo đầy đủ về thủ tục pháp lý cho quá trình triển khai thi công dự án.', '/upload/images/thumbs/p4.jpg', '<p style="text-align: center;">\r\n	<img alt="" src="/upload/images/tin-tuc/t41.jpg" /></p>\r\n<p style="text-align: justify;">\r\n	Sau h&agrave;ng loạt những l&ugrave;m x&ugrave;m xung quanh việc dự &aacute;n Goldsilk Complex thi c&ocirc;ng khi chưa c&oacute; giấy ph&eacute;p x&acirc;y dựng, ng&agrave;y 8/6/2015 vừa qua, Sở X&acirc;y dựng H&agrave; Nội đ&atilde; ch&iacute;nh thức cấp giấy ph&eacute;p x&acirc;y dựng cho dự &aacute;n n&agrave;y, đảm bảo đầy đủ về thủ tục ph&aacute;p l&yacute; cho qu&aacute; tr&igrave;nh triển khai thi c&ocirc;ng dự &aacute;n.</p>\r\n<p style="text-align: center;">\r\n	<img alt="" src="/upload/images/tin-tuc/t42.jpg" /></p>\r\n<p style="text-align: center;">\r\n	<span class="clgt">Sở X&acirc;y dựng H&agrave; Nội đ&atilde; ch&iacute;nh thức cấp gi&aacute;y ph&eacute;p x&acirc;y dựng cho dự &aacute;n &nbsp;Goldsilk Complex ng&agrave;y 8/6 vừa qua.</span></p>\r\n<p>\r\n	Được khởi c&ocirc;ng từ th&aacute;ng 12/2014, dự &aacute;n Trung t&acirc;m thương mại, nh&agrave; ở cao tầng v&agrave; thấp tầng Goldsilk Complex (Goldsilk Complex) do C&ocirc;ng ty CP bất động sản Hano Vid (C&ocirc;ng ty Hano Vid) l&agrave;m chủ đầu tư,&nbsp;tọa lạc tại số 430, đường Cầu Am, phường Vạn Ph&uacute;c, H&agrave; Đ&ocirc;ng, H&agrave; Nội.&nbsp;</p>\r\n<p>\r\n	Ngay sau khi khởi c&ocirc;ng, dự &aacute;n&nbsp;Goldsilk Complex&nbsp;đ&atilde; thu h&uacute;t sự quan t&acirc;m rất lớn của dư luận v&agrave; cộng đồng bất động sản. B&ecirc;n cạnh đ&oacute;, dư luận đ&atilde; đặt ra nhiều nghi vấn trước vấn đề ho&agrave;n thiện c&aacute;c thủ tục đầu tư, x&acirc;y dựng của dự &aacute;n n&agrave;y.</p>\r\n<p>\r\n	Mới đ&acirc;y, ng&agrave;y 8/6/2015, Sở X&acirc;y dựng H&agrave; Nội đ&atilde; ch&iacute;nh thức cấp giấy ph&eacute;p x&acirc;y dựng số 34/GPXD-SXD cho dự &aacute;n n&agrave;y. Theo đ&oacute;, Sở x&acirc;y dựng H&agrave; Nội cấp cho C&ocirc;ng ty CP bất động sản Hano, dự &aacute;n&nbsp;Goldsilk Complex l&agrave; tổ hợp Trung t&acirc;m thương mại v&agrave; nh&agrave; ở gồm Trung t&acirc;m thương mại v&agrave; nh&agrave; ở cao tầng CT1 cao 32 tầng (01 tầng hầm) v&agrave; khu thấp tầng với 39 căn hộ liền kề...&nbsp;&nbsp;</p>\r\n<p>\r\n	Việc cấp Giấy ph&eacute;p X&acirc;y dựng cho dự &aacute;n Goldsilk Complex đ&atilde;&nbsp;đảm bảo đầy đủ về thủ tục ph&aacute;p l&yacute; cho qu&aacute; tr&igrave;nh triển khai thi c&ocirc;ng dự &aacute;n sau n&agrave;y cũng như giải tỏa t&acirc;m l&yacute; cho kh&aacute;ch h&agrave;ng v&agrave; nh&agrave; đầu tư.</p>\r\n<p style="text-align: justify;">\r\n	&nbsp;</p>\r\n<p style="text-align: center;">\r\n	<img alt="" src="/upload/images/tin-tuc/t43.jpg" /></p>\r\n<div style="text-align: center;">\r\n	Dự &aacute;n&nbsp;Goldsilk Complex với chất lượng v&agrave; nhiều tiện &iacute;ch nổi bật.</div>\r\n<p>\r\n	&nbsp;</p>\r\n<p>\r\n	Tọa lạc tại 430 Cầu Am, Vạn Ph&uacute;c, H&agrave; Đ&ocirc;ng,&nbsp;dự &aacute;n Goldsilk complex nằm trong khu vực đ&ocirc; thị ph&aacute;t triển năng động nhất của quận H&agrave; Đ&ocirc;ng, c&oacute; giao th&ocirc;ng thuận lợi do gần trục C&aacute;t Linh-H&agrave; Đ&ocirc;ng, tr&ecirc;n cửa ng&otilde; ch&iacute;nh kết nối ra s&acirc;n bay Nội B&agrave;i v&agrave; khu trung t&acirc;m th&agrave;nh phố H&agrave; Nội.&nbsp;</p>\r\n<p>\r\n	B&ecirc;n cạnh đ&oacute;, Goldsilk Complex c&ograve;n mang đến một sản phẩm bất động sản kh&aacute;c biệt cho thị trường H&agrave; Nội với hệ thống tiện &iacute;ch hiện đại, đẳng cấp,&nbsp;một kh&ocirc;ng gian sống vừa hiện đại vừa năng động, h&agrave;i h&ograve;a với thi&ecirc;n nhi&ecirc;n.&nbsp;</p>\r\n<p>\r\n	Bỏ qua những l&ugrave;m x&ugrave;m từ trước đ&oacute; th&igrave; dự &aacute;n n&agrave;y, theo nhiều chuy&ecirc;n gia tr&ecirc;n thị trường đ&aacute;nh gi&aacute;, ch&iacute;nh l&agrave; một trong những dự &aacute;n c&oacute; chất lượng tốt, được người mua nh&agrave; hết sức kỳ vọng trong thời gian tới.</p>\r\n<p style="text-align: justify;">\r\n	Ng&agrave;y 14/06/2015 tới đ&acirc;y, CĐT dự &aacute;n - C&ocirc;ng ty Cổ phần BĐS Hanovid v&agrave; đơn vị quản l&yacute;, ph&aacute;t triển dự &aacute;n &ndash; C&ocirc;ng ty Cổ phần Đầu tư Ph&aacute;t triển Bất động sản TNR Holdings, đơn vị ph&acirc;n phối - Hệ thống Si&ecirc;u thị dự &aacute;n Bất động sản STDA sẽ diễn ra&nbsp;Lễ k&yacute; kết hợp t&aacute;c chiến lược trong việc triển khai v&agrave; ph&acirc;n phối dự &aacute;n n&agrave;y.</p>\r\n', 0, '', ',,', 0, '', '', 3, 1, 1434078382, 0, 13, '_self', 0, 'admin', '', 'vi', ''),
(15, 'Goldsilk Complex: Phong cách Châu Âu trong lòng Hà Nội', 'Goldsilk Complex: Phong cách Châu Âu trong lòng Hà Nội', '', 33, 'Goldsilk Complex: Phong cách Châu Âu trong lòng Hà Nội', 'Thành phố Hà Nội vừa phê duyệt xây dựng tổ hợp chung cư thương mại Goldsilk Complex tại khu vực phát triển năng động nhất Hà Đông, phường Vạn Phúc, cạnh làng lụa 1.000 năm tuổi do Công ty cổ phần bất động sản Hanovid và Công ty cổ phần đầu tư phát triển bất động sản TNR Holdings Vietnam xây dựng và phát triển.', '/upload/images/thumbs/p5.jpg', '<p style="text-align: center;">\r\n	<img alt="" src="/upload/images/tin-tuc/p51.jpg" /></p>\r\n<p class="short_intro">\r\n	Th&agrave;nh phố H&agrave; Nội vừa ph&ecirc; duyệt x&acirc;y dựng tổ hợp chung cư thương mại Goldsilk Complex tại khu vực ph&aacute;t triển năng động nhất H&agrave; Đ&ocirc;ng, phường Vạn Ph&uacute;c, cạnh l&agrave;ng lụa 1.000 năm tuổi do C&ocirc;ng ty cổ phần bất động sản Hanovid v&agrave; C&ocirc;ng ty cổ phần đầu tư ph&aacute;t triển bất động sản TNR Holdings Vietnam x&acirc;y dựng v&agrave; ph&aacute;t triển.</p>\r\n<p>\r\n	Quần thể dự &aacute;n Goldsilk Complex c&oacute; diện t&iacute;ch 19.594m2, tại 430 Cầu Am, Phường Vạn Ph&uacute;c, H&agrave; Đ&ocirc;ng, H&agrave; Nội tr&ecirc;n trục đường C&aacute;t Linh &ndash; H&agrave; Đ&ocirc;ng rất thuận tiện cho việc di chuyển đến s&acirc;n bay Nội B&agrave;i, cũng như v&agrave;o trung t&acirc;m TP H&agrave; Nội.</p>\r\n<p>\r\n	&nbsp;</p>\r\n<p>\r\n	<strong>Phong c&aacute;ch Ch&acirc;u &Acirc;u trong l&ograve;ng H&agrave; Nội</strong></p>\r\n<p>\r\n	Khu tổ hợp đẳng cấp n&agrave;y gồm 2 t&ograve;a nh&agrave; 32 tầng tr&ecirc;n khu đất 9.000m2, 2 khu thấp tầng v&agrave; liền kề với diện t&iacute;ch 5.143 m2 quy hoạch hiện đại với kiến tr&uacute;c mang phong c&aacute;ch Ch&acirc;u &Acirc;u trong l&ograve;ng H&agrave; Nội đồng thời đ&aacute;p ứng được quy định của Bộ C&ocirc;ng Thương về c&aacute;c ti&ecirc;u chuẩn về kiến tr&uacute;c hiện đại, kho h&agrave;ng, kỹ thuật, khu vệ sinh, khu giải tr&iacute;.</p>\r\n<p>\r\n	C&aacute;c c&ocirc;ng tr&igrave;nh của dự &aacute;n được x&acirc;y theo m&ocirc; h&igrave;nh c&ocirc;ng tr&igrave;nh bền vững, quy hoạch một c&aacute;ch tổng thể, đồng bộ v&agrave; sự giao thoa&nbsp; của lối kiến tr&uacute;c mang đậm n&eacute;t hiện đại của Ch&acirc;u &Acirc;u&nbsp; v&agrave; c&acirc;y cối thi&ecirc;n nhi&ecirc;n miền nhiệt đới. Với thiết kế 2 t&ograve;a th&aacute;p h&igrave;nh chữ T lối liền tăng tối đa diện t&iacute;ch tiếp x&uacute;c cho c&aacute;c căn hộ, vị tr&iacute; v&agrave; diện t&iacute;ch c&aacute;c ph&ograve;ng sắp đặt th&ocirc;ng minh gi&uacute;p đ&oacute;n&nbsp; hướng gi&oacute; tự nhi&ecirc;n v&agrave; &aacute;nh s&aacute;ng ngo&agrave;i trời tối ưu nhất.</p>\r\n<p style="text-align: center;">\r\n	<img alt="" src="/upload/images/tin-tuc/p52.jpg" /></p>\r\n<p>\r\n	Theo quy hoạch, cư d&acirc;n của Goldsilk Complex được hưởng to&agrave;n bộ c&aacute;c tiện &iacute;ch cao cấp như khu nh&agrave; trẻ với diện t&iacute;ch 1.972m2, 4 tầng trung t&acirc;m thương mai mua sắm cao cấp, bể bơi Ch&acirc;n M&acirc;y nằm tr&ecirc;n cao giữa 2 t&ograve;a th&aacute;p, khu vui chơi giải tr&iacute; nằm trong quần thể, khu chăm s&oacute;c sức khỏe gồm khu ph&ograve;ng kh&aacute;m đa khoa hiện đại v&agrave; spa. 1 tầng hầm đỗ xe đủ rộng cho to&agrave;n bộ cư d&acirc;n với hơn 7200m2. C&aacute;c c&ocirc;ng tr&igrave;nh n&agrave;y được định hướng x&acirc;y dựng với cấu tr&uacute;c hiện đại nghỉ dưỡng chăm s&oacute;c đến đời sống tinh thần.</p>\r\n<p>\r\n	Ngo&agrave;i ra, với 2 khu thấp tầng nh&agrave; phố thương mại v&agrave; liền kề, ph&ugrave; hợp với nhu c&acirc;&ugrave; shopping kết hợp đi dạo như c&aacute;c khu phố mua sắm nổi tiếng Oxford Street của Anh.</p>\r\n<p>\r\n	Đặc biệt dự &aacute;n nối bật với lối kiến tr&uacute;c kh&ocirc;ng gian xanh: vườn treo sắc m&agrave;u; hệ thống c&acirc;y xanh phong ph&uacute; được trải d&agrave;i từ tầng thấp đến đỉnh 2 t&ograve;a th&aacute;p với hỗ trợ của hệ thống chiếu s&aacute;ng th&ocirc;ng minh hiện đại tạo cảm gi&aacute;c như lạc v&agrave;o một th&agrave;nh phố Ch&acirc;u &Acirc;u trong l&ograve;ng H&agrave; Nội.</p>\r\n<p>\r\n	&nbsp;</p>\r\n<p>\r\n	<strong>Cam kết của chủ đầu tư</strong></p>\r\n<p>\r\n	&nbsp;</p>\r\n<p>\r\n	Chủ đầu tư kh&ocirc;ng chỉ c&ugrave;ng c&aacute;c đối t&aacute;c chiến lược như Cotecons v&agrave; Maritime Bank cam kết đảm bảo về t&iacute;nh an to&agrave;n v&agrave; nguồn vốn của dự &aacute;n, m&agrave; c&ograve;n kết hợp với đối t&aacute;c chiến lược về đ&agrave;o tạo Just Kids, hay hệ thống b&aacute;n lẻ Family Mart v&agrave; Mizuchi để đảm bảo mọi tiện &iacute;ch đều ho&agrave;n hoản.</p>\r\n<p>\r\n	Với lợi thế nằm trong khu vực đ&ocirc; thị năng động nhất của Quận H&agrave; Đ&ocirc;ng v&agrave; kh&ocirc;ng qu&aacute; xa trung t&acirc;m th&agrave;nh phố &ldquo;Gold Silk Complex &ldquo; ch&iacute;nh l&agrave; cơ hội đầu tư bất động sản th&ocirc;ng minh mang đến nhiều lợi nhuận cũng như một thi&ecirc;n đường để cư tr&uacute;, m&ocirc;i trường sống chất lượng, kh&ocirc;ng gian nghỉ dưỡng, giải tr&iacute; v&agrave; ph&aacute;t triển sự nghiệp.</p>\r\n', 0, '', ',,', 0, '', '', 0, 1, 1434078409, 0, 14, '_self', 0, 'admin', '', 'vi', ''),
(16, 'Mặt bằng tầng, căn hộ điển hình dự án GoldSilk Complex ', 'Mặt bằng tầng, căn hộ điển hình dự án GoldSilk Complex ', '', 33, 'Mặt bằng tầng, căn hộ điển hình dự án GoldSilk Complex ', 'Được thiết kế thông minh, mỗi tầng đều được thiết kế tối ưu hóa diện tích và công năng sử dụng.\r\n\r\nCác phòng đều được tính toán kỹ lưỡng để có thể có ánh sáng tự nhiên cũng như đảm bảo cho căn phòng được thông thoáng.', '/upload/images/tin-tuc/t61.jpg', '<p>\r\n	<strong>Được thiết kế th&ocirc;ng minh, mỗi tầng đều được thiết kế tối ưu h&oacute;a diện t&iacute;ch v&agrave; c&ocirc;ng năng sử dụng. </strong></p>\r\n<p>\r\n	<strong>C&aacute;c&nbsp;<span style="font-size: 12.1599998474121px; line-height: 1.3em;">ph&ograve;ng đều được t&iacute;nh to&aacute;n kỹ lưỡng để c&oacute; thể c&oacute; &aacute;nh s&aacute;ng tự nhi&ecirc;n cũng như đảm bảo cho&nbsp;</span><span style="font-size: 12.1599998474121px; line-height: 1.3em;">căn ph&ograve;ng được th&ocirc;ng tho&aacute;ng.</span></strong></p>\r\n<p style="text-align: center;">\r\n	<img alt="" src="/upload/images/tin-tuc/t61.jpg" /></p>\r\n<p style="text-align: center;">\r\n	<img alt="" src="/upload/images/tin-tuc/t62.jpg" /></p>\r\n<p style="text-align: center;">\r\n	<img alt="" src="/upload/images/tin-tuc/t63.jpg" /></p>\r\n<p style="text-align: center;">\r\n	<img alt="" src="/upload/images/tin-tuc/t64.jpg" /></p>\r\n', 0, '', ',,', 0, '', '', 0, 1, 1433127982, 0, 15, '_self', 0, 'admin', '', 'vi', '');
INSERT INTO `vnvic_tblarticle` (`article_id`, `article_metatitle`, `article_h1`, `article_description`, `menu_id`, `article_title`, `article_header`, `article_image`, `article_content`, `article_allowcomment`, `article_fileattach`, `article_tags`, `article_home`, `article_keyword`, `article_author`, `article_view`, `article_visible`, `article_datetime`, `article_hot`, `article_queu`, `article_urltarget`, `article_rate`, `user_name`, `article_comment_privilege`, `lang`, `article_video`) VALUES
(17, 'Tổng quan dự án chung cư GoldSilk Complex Vạn Phúc - Hà Đông', 'Tổng quan dự án chung cư GoldSilk Complex Vạn Phúc - Hà Đông', '', 33, 'Tổng quan dự án chung cư GoldSilk Complex Vạn Phúc - Hà Đông', 'GoldSilk Complex là một tổ hợp thương mại và nhà ở tọa lạc trên một diện tích đất lên tới 19.594 m2. Dự án bao gồm 2 tòa tháp cao 32 tầng Lily và Lotus với 748 căn hộ và diện tích mặt bằng lên đến 9.000 m2.', '/upload/images/tin-tuc/p1251.jpg', '<p style="text-align: center;">\r\n	<img alt="" src="/upload/images/tin-tuc/p1251.jpg" style="width: 790px; height: 444px;" /></p>\r\n<p>\r\n	GoldSilk Complex l&agrave; một tổ hợp thương mại v&agrave; nh&agrave; ở tọa lạc tr&ecirc;n một diện t&iacute;ch đất l&ecirc;n tới 19.594 m2. Dự &aacute;n bao gồm 2 t&ograve;a th&aacute;p cao 32 tầng Lily v&agrave; Lotus với 748 căn hộ v&agrave; diện t&iacute;ch mặt bằng l&ecirc;n đến 9.000 m2.</p>\r\n<p>\r\n	Ngo&agrave;i ra, tổ hợp GoldSilk Complex c&ograve;n bao gồm khu nh&agrave; phố thương mại l&agrave; 4 t&ograve;a nh&agrave; với 47 căn nh&agrave; phố liền kề. Khu nh&agrave; phố n&agrave;y c&oacute; diện t&iacute;ch mặt bằng 4.732 m2. Dự &aacute;n cũng đặc biệt d&agrave;nh gần 6.000 m2 đất cho c&aacute;c tiện &iacute;ch c&ocirc;ng cộng v&agrave; nh&agrave; trẻ.</p>\r\n<p style="text-align: center;">\r\n	<img alt="" src="/upload/images/tin-tuc/p1252.jpg" style="width: 1920px; height: 1080px;" /></p>\r\n<p>\r\n	<strong>KHU CAO TẦNG</strong></p>\r\n<p>\r\n	Diện t&iacute;ch mặt bằng: 9.000 m2<br />\r\n	Diện t&iacute;ch đất x&acirc;y dựng: 5.222 m2<br />\r\n	Tầng cao: 32 tầngTầng hầm: 01 tầng<span style="font-size: 12.1599998474121px; line-height: 1.3em;">&nbsp;</span></p>\r\n<table align="center" border="1" cellpadding="1" cellspacing="1" frame="border" rules="all" style="border: 1px solid #000000; width: 600px;">\r\n	<thead>\r\n		<tr style="background-color: #c1bab8;">\r\n			<td style="text-align: center;">\r\n				<strong>Loại căn</strong></td>\r\n			<td style="text-align: center;">\r\n				<strong>Diện t&iacute;ch</strong></td>\r\n			<td style="text-align: center;">\r\n				<strong>Số căn</strong></td>\r\n			<td style="text-align: center;">\r\n				<strong>Tỷ lệ</strong></td>\r\n		</tr>\r\n	</thead>\r\n	<tbody>\r\n		<tr>\r\n			<td style="text-align: center;">\r\n				A1</td>\r\n			<td style="text-align: center;">\r\n				129</td>\r\n			<td style="text-align: center;">\r\n				70</td>\r\n			<td style="text-align: center;">\r\n				&nbsp;</td>\r\n		</tr>\r\n		<tr>\r\n			<td style="text-align: center;">\r\n				A2a,b</td>\r\n			<td style="text-align: center;">\r\n				128</td>\r\n			<td style="text-align: center;">\r\n				112</td>\r\n			<td style="text-align: center;">\r\n				45%</td>\r\n		</tr>\r\n		<tr>\r\n			<td style="text-align: center;">\r\n				B1,1a</td>\r\n			<td style="text-align: center;">\r\n				122</td>\r\n			<td style="text-align: center;">\r\n				112</td>\r\n			<td style="text-align: center;">\r\n				&nbsp;</td>\r\n		</tr>\r\n		<tr>\r\n			<td style="text-align: center;">\r\n				B2</td>\r\n			<td style="text-align: center;">\r\n				110</td>\r\n			<td style="text-align: center;">\r\n				40</td>\r\n			<td style="text-align: center;">\r\n				&nbsp;</td>\r\n		</tr>\r\n		<tr>\r\n			<td style="text-align: center;">\r\n				C1</td>\r\n			<td style="text-align: center;">\r\n				99</td>\r\n			<td style="text-align: center;">\r\n				70</td>\r\n			<td style="text-align: center;">\r\n				&nbsp;</td>\r\n		</tr>\r\n		<tr>\r\n			<td style="text-align: center;">\r\n				C2</td>\r\n			<td style="text-align: center;">\r\n				98</td>\r\n			<td style="text-align: center;">\r\n				40</td>\r\n			<td style="text-align: center;">\r\n				&nbsp;</td>\r\n		</tr>\r\n		<tr>\r\n			<td style="text-align: center;">\r\n				D1a,n</td>\r\n			<td style="text-align: center;">\r\n				79</td>\r\n			<td style="text-align: center;">\r\n				152</td>\r\n			<td style="text-align: center;">\r\n				55%</td>\r\n		</tr>\r\n		<tr>\r\n			<td style="text-align: center;">\r\n				D1c</td>\r\n			<td style="text-align: center;">\r\n				78</td>\r\n			<td style="text-align: center;">\r\n				112</td>\r\n			<td style="text-align: center;">\r\n				&nbsp;</td>\r\n		</tr>\r\n	</tbody>\r\n</table>\r\n<p>\r\n	<strong style="font-size: 12.1599998474121px; line-height: 1.3em;"><span style="font-size: 12.1599998474121px; line-height: 1.3em;">&nbsp;</span></strong></p>\r\n<p>\r\n	<strong style="font-size: 12.1599998474121px; line-height: 1.3em;"><span style="font-size: 12.1599998474121px; line-height: 1.3em;">KHU NH&Agrave; PHỐ THƯƠNG MẠI</span></strong></p>\r\n<p>\r\n	Diện t&iacute;ch mặt bằng: 4.732 m2<br />\r\n	Diện t&iacute;ch đất x&acirc;y dựng: 3.695 m2<br />\r\n	Số căn: 47 căn<br />\r\n	Diện t&iacute;ch: 82 - 82,5 m2<br />\r\n	Tầng cao: 05 tầng</p>\r\n<p>\r\n	<br />\r\n	<strong>KHU NH&Agrave; TRẺ</strong></p>\r\n<p>\r\n	Diện t&iacute;ch mặt bằng: 1.972 m2<br />\r\n	Diện t&iacute;ch đất x&acirc;y dựng: 875 m2<br />\r\n	Tầng cao: 03 tầng</p>\r\n', 0, '', ',,', 0, '', '', 5, 1, 1432696013, 0, 16, '_self', 0, 'admin', '', 'vi', '');

-- --------------------------------------------------------

--
-- Table structure for table `vnvic_tblarticlecomment`
--

CREATE TABLE IF NOT EXISTS `vnvic_tblarticlecomment` (
  `comment_id` int(11) NOT NULL AUTO_INCREMENT,
  `article_id` int(11) NOT NULL,
  `comment_title` varchar(200) COLLATE utf8_unicode_ci NOT NULL,
  `cus_name` varchar(50) COLLATE utf8_unicode_ci NOT NULL,
  `cus_email` varchar(50) COLLATE utf8_unicode_ci NOT NULL,
  `comment_content` text COLLATE utf8_unicode_ci NOT NULL,
  `comment_date` int(11) NOT NULL,
  `comment_visible` tinyint(4) NOT NULL DEFAULT '0',
  `comment_read` tinyint(4) NOT NULL DEFAULT '0',
  `ip_address` varchar(20) COLLATE utf8_unicode_ci NOT NULL,
  PRIMARY KEY (`comment_id`)
) ENGINE=MyISAM  DEFAULT CHARSET=utf8 COLLATE=utf8_unicode_ci AUTO_INCREMENT=9 ;

--
-- Dumping data for table `vnvic_tblarticlecomment`
--

INSERT INTO `vnvic_tblarticlecomment` (`comment_id`, `article_id`, `comment_title`, `cus_name`, `cus_email`, `comment_content`, `comment_date`, `comment_visible`, `comment_read`, `ip_address`) VALUES
(1, 92, 'Bình luận bài viết', 'Lê Sỹ Hùng', 'soledad2410@gmail.com', 'ádasdasdasd', 1314561374, 1, 1, '10.93.58.51'),
(3, 92, 'Bình luận bài viết', 'Lê Sỹ Hùng', 'soledad2410@gmail.com', 'ádasdasdasd', 1314561374, 1, 1, '10.93.58.51'),
(4, 92, 'Bình luận bài viết', 'Lê Sỹ Hùng', 'soledad2410@gmail.com', 'ádasdasdasd', 1314561374, 1, 1, '10.93.58.51'),
(5, 92, 'Bình luận bài viết', 'Lê Sỹ Hùng', 'soledad2410@gmail.com', 'ádasdasdasd', 1314561374, 1, 1, '10.93.58.51'),
(6, 92, 'Bình luận bài viết', 'Lê Sỹ Hùng', 'soledad2410@gmail.com', 'ádasdasdasd', 1314561374, 1, 1, '10.93.58.51');

-- --------------------------------------------------------

--
-- Table structure for table `vnvic_tblconfig`
--

CREATE TABLE IF NOT EXISTS `vnvic_tblconfig` (
  `config_id` int(11) NOT NULL AUTO_INCREMENT,
  `config_name` varchar(30) COLLATE utf8_unicode_ci NOT NULL,
  `config_module` varchar(20) COLLATE utf8_unicode_ci NOT NULL,
  `config_type` varchar(20) COLLATE utf8_unicode_ci NOT NULL,
  `config_title` varchar(100) COLLATE utf8_unicode_ci NOT NULL,
  `config_prototype` varchar(500) COLLATE utf8_unicode_ci NOT NULL,
  `config_active` tinyint(4) NOT NULL DEFAULT '1',
  `default_value` text COLLATE utf8_unicode_ci NOT NULL,
  PRIMARY KEY (`config_id`)
) ENGINE=MyISAM  DEFAULT CHARSET=utf8 COLLATE=utf8_unicode_ci AUTO_INCREMENT=128 ;

--
-- Dumping data for table `vnvic_tblconfig`
--

INSERT INTO `vnvic_tblconfig` (`config_id`, `config_name`, `config_module`, `config_type`, `config_title`, `config_prototype`, `config_active`, `default_value`) VALUES
(99, 'article_page', 'news', 'textbox', 'Số bản tin tối đa trên một trang tin', '', 1, ''),
(100, 'other_article', 'news', 'textbox', 'Số bản tin liên quan tối đa', '', 1, ''),
(103, 'product_page', 'product', 'number', 'Số lượng dự án trên 1 trang danh mục', '', 1, ''),
(106, 'list_product_style', 'product', 'radio', 'Kiểu hiển thị sản phẩm', 'Mặc định:default|Dạng lưới:grid|Dạng danh sách:grid', 0, ''),
(107, 'other_product', 'product', 'number', 'Số lượng dự án cùng loại hiển thị', '', 1, ''),
(1, 'web_title', 'home', 'textbox', 'Tiêu đề trang chủ', '', 1, ''),
(2, 'web_keyword', 'home', 'textarea', 'Thẻ meta keyword trang chủ', '', 1, ''),
(3, 'web_active', 'home', 'checkbox', 'Website hoạt động', 'hoạt động:1', 1, ''),
(5, 'web_notice', 'home', 'ckeditor', 'Thông báo website khi ngừng hoạt động', '', 1, ''),
(7, 'web_description', 'home', 'textarea', 'Thẻ meta description trang chủ', '', 1, ''),
(8, 'web_banner', 'home', 'ckeditor', 'Banner website', '', 1, ''),
(9, 'web_logo', 'home', 'filefield', 'logo website', '', 1, ''),
(12, 'contact_mail', 'email', 'textbox', 'Email liên hệ website', '', 1, ''),
(13, 'smtp_server', 'email', 'textbox', 'Địa chỉ server mail smtp dùng gửi email', '', 1, ''),
(14, 'smtp_acc', 'email', 'textbox', 'Tài khoản smtp server dùng gửi email', '', 1, ''),
(15, 'smtp_pwd', 'email', 'password', 'Mật khẩu tài khoản smtp dùng gửi email', '', 1, ''),
(16, 'send_mail', 'email', 'radio', 'Phương thức gửi email', 'Mặc định server:default_server|Sử dụng tài khoản smtp:smtp', 0, ''),
(17, 'web_h1', 'home', 'textbox', 'Thẻ h1 trang chủ', '', 1, ''),
(18, 'web_footer', 'home', 'ckeditor', 'Thông tin liên hệ website footer', '', 1, ''),
(112, 'order_info', 'order', 'ckeditor', 'Thông tin gửi đơn hàng', '', 1, ''),
(113, 'contact_info', 'contact', 'ckeditor', 'Thông tin liên hệ website', '', 1, ''),
(114, 'web_tip', 'home', 'textbox', 'Website tip', '', 1, ''),
(116, 'smtp_port', 'email', 'textbox', 'Mail server post', '', 1, ''),
(117, 'smtp_protocol', 'email', 'textbox', 'Mail server protocol', '', 1, ''),
(118, 'email_reply', 'email', 'textbox', 'Địa chỉ email nhận email trả lời', '', 1, ''),
(119, 'reply_name', 'email', 'textbox', 'Tên người nhận email phản hồi', '', 1, ''),
(120, 'email_send', 'email', 'textbox', 'Địa chỉ email gửi email', '', 1, ''),
(121, 'send_name', 'email', 'textbox', 'Tên người gửi email', '', 1, ''),
(122, 'web_tags', 'home', 'textarea', 'Tag website(cách nhau bởi dấu ",")', '', 1, ''),
(123, 'news_autotag', 'news', 'radio', 'Tự động đặt tag trong bài viết', 'Không:0|Tự động:1', 0, ''),
(124, 'system_active', '', '', '', '', 1, '1'),
(125, 'contact_email', 'contact', 'textbox', 'Địa chỉ email gửi liên hệ', '', 1, ''),
(126, 'content_description', 'home', 'textarea', 'Mô tả website', '', 1, ''),
(127, 'brochure_file', 'home', 'filefield', 'Brochure file', '', 1, '');

-- --------------------------------------------------------

--
-- Table structure for table `vnvic_tblconfigvalue`
--

CREATE TABLE IF NOT EXISTS `vnvic_tblconfigvalue` (
  `config_id` int(11) NOT NULL,
  `lang_shortname` varchar(20) CHARACTER SET utf8 COLLATE utf8_bin NOT NULL,
  `config_value` text CHARACTER SET utf8 COLLATE utf8_bin NOT NULL,
  PRIMARY KEY (`config_id`,`lang_shortname`)
) ENGINE=MyISAM DEFAULT CHARSET=utf8 COLLATE=utf8_unicode_ci;

--
-- Dumping data for table `vnvic_tblconfigvalue`
--

INSERT INTO `vnvic_tblconfigvalue` (`config_id`, `lang_shortname`, `config_value`) VALUES
(99, 'vi', '4'),
(100, 'vi', '5'),
(112, 'vi', '<p>\n	<strong><span style="font-weight: bold;">Radar</span>: 4 hệ thống rađa mạng đa năng, c&oacute; thể tương đương với loại được lắp đặt tr&ecirc;n c&aacute;c t&agrave;u khu trục Type 052C lớp Luyang-II</strong></p>\n<p>\n	<strong><span style="font-weight: bold;">Xuất xứ</span>: Varyag l&agrave; một t&agrave;u s&acirc;n bay đa chức năng lớp Kuznetsov từng thuộc Li&ecirc;n X&ocirc;. N&oacute; được khởi c&ocirc;ng đ&oacute;ng ng&agrave;y 6/12/1985 v&agrave; được hạ thủy ng&agrave;y 4/12/1988.</strong></p>\n<p>\n	<strong>C&ocirc;ng ty du lịch Chong Lot, được tin l&agrave; b&igrave;nh phong cho Qu&acirc;n đội Giải ph&oacute;ng Nh&acirc;n d&acirc;n Trung Quốc (PLAN), đ&atilde; mua Varyag với gi&aacute; 20 triệu trong một cuộc đấu gi&aacute; năm 1998. Chong Lot khi đ&oacute; tuy&ecirc;n bố rằng sẽ cải tạo con t&agrave;u th&agrave;nh một trung t&acirc;m giải tr&iacute; v&agrave; s&ograve;ng bạc nổi ở Macau. Tr&ecirc;n thực tế, Varyag đ&atilde; được t&acirc;n trang để trở th&agrave;nh t&agrave;u s&acirc;n bay t&agrave;u ti&ecirc;n của Trung Quốc.</strong></p>\n'),
(103, 'vi', '6'),
(112, 'en', ''),
(106, 'vi', 'default'),
(107, 'vi', '4'),
(1, 'vi', 'Nội thất Lâm Sơn Tùng'),
(2, 'vi', 'Nội thất Lâm Sơn Tùng'),
(3, 'vi', '1'),
(5, 'vi', ''),
(7, 'vi', ''),
(8, 'vi', ''),
(9, 'vi', '/upload/images/logo/logo(1).png'),
(12, 'vi', ''),
(13, 'vi', 'smtp.gmail.com'),
(14, 'vi', ''),
(15, 'vi', 'lythithuong'),
(16, 'vi', 'default_server'),
(17, 'vi', ''),
(18, 'vi', '<p class="strong">\n	C&ocirc;ng ty Cổ phần Đầu tư T&agrave;i ch&iacute;nh Quốc tế v&agrave; Ph&aacute;t triển Doanh nghiệp IDJ</p>\n<p>\n	Địa chỉ: Tầng 16 T&ograve;a nh&agrave; văn ph&ograve;ng Charmvit Tower, 117 Trần Duy Hưng, Phường Trung H&ograve;a, Quận Cầu Giấy, H&agrave; Nội</p>\n<p>\n	ĐT: 04.3555.8999 | Fax: 04.3555.8990 | MST: 0102 186 593 | Website: <a href="www.idjf.vn" title="">www.idjf.vn</a></p>\n'),
(113, 'en', ''),
(113, 'vi', '<div>\n	<span style="font-size:20px;"><strong>Li&ecirc;n hệ với ch&uacute;ng t&ocirc;i</strong></span></div>\n<div>\n	&nbsp;</div>\n<div>\n	<div>\n		Địa chỉ: 8/198 phố Trần Cung, Quận Bắc Từ Li&ecirc;m, H&agrave; Nội.</div>\n	<div>\n		&nbsp;</div>\n	<div>\n		Điện Thoại: +84 (0) 4.3767.5767 - Fax: +84 (0) 4.3556.2297.</div>\n	<div>\n		&nbsp;</div>\n	<div>\n		Bạn c&oacute; thắc mắc cần ch&uacute;ng t&ocirc;i giải đ&aacute;p, bạn c&oacute; th&ocirc;ng tin cần cung cấp, hoặc chỉ đơn giản l&agrave; bạn c&oacute; băn khoăn muốn chia sẻ với ch&uacute;ng t&ocirc;i, xin sử dụng form dưới đ&acirc;y v&agrave; gửi nội dung cho C&ocirc;ng ty. Xin ch&acirc;n th&agrave;nh cảm ơn bạn!</div>\n</div>\n<p>\n	&nbsp;</p>\n'),
(125, 'en', ''),
(125, 'vi', 'smtpwebmaisl@gmail.com'),
(116, 'en', ''),
(114, 'en', ''),
(114, 'vi', 'Cuộc sống thịnh vượng - Hạnh phúc vững bền'),
(116, 'vi', '465'),
(117, 'en', ''),
(117, 'vi', 'ssmtp'),
(118, 'en', ''),
(118, 'vi', ''),
(119, 'en', ''),
(119, 'vi', 'admin'),
(120, 'en', ''),
(120, 'vi', ''),
(121, 'en', ''),
(121, 'vi', ''),
(122, 'en', ''),
(122, 'vi', ''),
(123, 'en', '0'),
(123, 'vi', '0'),
(1, 'en', 'Wood Pallet in Vietnam'),
(2, 'en', ''),
(3, 'en', '1'),
(5, 'en', '<p>\n	Website tạm ngừng hoạt động</p>\n'),
(7, 'en', 'wood pallet,plastic pallet'),
(8, 'en', '<div id="logo">\n	<img atl="Logo Hascon" height="63" src="upload/images/logo/logo-hascon.png" width="194" /></div>\n<h2 class="slogan">\n	WOOD PALLET IN VIETNAM</h2>\n'),
(9, 'en', ''),
(17, 'en', 'Wood Pallet in Vietnam'),
(18, 'en', '<div id="foo-nav">\n	<ul>\n		<li>\n			<a href="#" title="Home">Home</a></li>\n		<li>\n			<a href="#" title="About Us">About Us</a></li>\n		<li>\n			<a href="#" title="Products">Products</a></li>\n		<li>\n			<a href="#" title="News">News</a></li>\n		<li>\n			<a href="#" title="Contact Us">Contact Us</a></li>\n	</ul>\n</div>\n<div class="line-foo">\n	<h2>\n		&copy;2012 C&ocirc;ng ty cổ phần Hascon.</h2>\n	<h3>\n		All rights reserved. Contact: email - info@hascon.vn</h3>\n</div>\n<div class="line-foo">\n	<h3>\n		Địa chỉ: 142 L&ecirc; Duẩn, Đống Đa, H&agrave; Nội | Điện thoại: 04 6285 7828 | Fax: 04 3640 5786</h3>\n</div>'),
(99, 'en', '10'),
(100, 'en', '4'),
(126, 'en', ''),
(126, 'vi', ''),
(127, 'en', ''),
(127, 'vi', '/upload/files/user_files/181416.rar');

-- --------------------------------------------------------

--
-- Table structure for table `vnvic_tblcontact`
--

CREATE TABLE IF NOT EXISTS `vnvic_tblcontact` (
  `contact_id` int(11) NOT NULL AUTO_INCREMENT,
  `contact_user` varchar(50) COLLATE utf8_unicode_ci NOT NULL,
  `contact_email` text COLLATE utf8_unicode_ci NOT NULL,
  `contact_address` text COLLATE utf8_unicode_ci NOT NULL,
  `contact_content` text COLLATE utf8_unicode_ci NOT NULL,
  `contact_datetime` int(11) NOT NULL,
  `contact_phone` varchar(20) COLLATE utf8_unicode_ci NOT NULL,
  `file_attach` varchar(200) COLLATE utf8_unicode_ci NOT NULL,
  `contact_read` tinyint(4) NOT NULL DEFAULT '0',
  `ip_address` varchar(20) COLLATE utf8_unicode_ci NOT NULL,
  `department_id` int(11) NOT NULL,
  `contact_title` varchar(200) COLLATE utf8_unicode_ci NOT NULL,
  `company_name` varchar(50) COLLATE utf8_unicode_ci NOT NULL,
  `company_address` varchar(100) COLLATE utf8_unicode_ci NOT NULL,
  PRIMARY KEY (`contact_id`)
) ENGINE=MyISAM  DEFAULT CHARSET=utf8 COLLATE=utf8_unicode_ci AUTO_INCREMENT=2 ;

--
-- Dumping data for table `vnvic_tblcontact`
--

INSERT INTO `vnvic_tblcontact` (`contact_id`, `contact_user`, `contact_email`, `contact_address`, `contact_content`, `contact_datetime`, `contact_phone`, `file_attach`, `contact_read`, `ip_address`, `department_id`, `contact_title`, `company_name`, `company_address`) VALUES
(1, 'Lê Hùng', 'soledad2410@gmail.com', 'thanh hóa', 'test contact website', 0, '', '', 1, '', 0, '', '', '');

-- --------------------------------------------------------

--
-- Table structure for table `vnvic_tblcounter`
--

CREATE TABLE IF NOT EXISTS `vnvic_tblcounter` (
  `id` int(11) NOT NULL AUTO_INCREMENT,
  `time` int(11) NOT NULL,
  `ip` varchar(17) COLLATE utf8_unicode_ci NOT NULL DEFAULT '0',
  `session_id` varchar(50) COLLATE utf8_unicode_ci NOT NULL,
  PRIMARY KEY (`id`),
  UNIQUE KEY `counter_name` (`time`)
) ENGINE=MyISAM  DEFAULT CHARSET=utf8 COLLATE=utf8_unicode_ci AUTO_INCREMENT=419 ;

--
-- Dumping data for table `vnvic_tblcounter`
--

INSERT INTO `vnvic_tblcounter` (`id`, `time`, `ip`, `session_id`) VALUES
(1, 1427162126, '127.0.0.1', '5j261ne8mpnf7227ugflpe9qv1'),
(2, 1427162269, '127.0.0.1', '5j261ne8mpnf7227ugflpe9qv1'),
(3, 1427162395, '127.0.0.1', '5j261ne8mpnf7227ugflpe9qv1'),
(4, 1427163653, '127.0.0.1', '5j261ne8mpnf7227ugflpe9qv1'),
(5, 1427166662, '127.0.0.1', '73656u4cu6vn6nd602qg3tbsk4'),
(6, 1427181126, '127.0.0.1', 'o7bci9il3coc2sl649a2e9eq16'),
(7, 1427182723, '127.0.0.1', 'dbkrch2c6t55fqkipq5ihqv5p4'),
(8, 1427333144, '127.0.0.1', 'gdshgo8l4o9iqo2bni5lgdgjb4'),
(9, 1427334245, '127.0.0.1', 'gdshgo8l4o9iqo2bni5lgdgjb4'),
(10, 1427385899, '127.0.0.1', '6jrqqo929pv0r3q1n15rvtkpc6'),
(11, 1427438228, '127.0.0.1', 'gqftpc9lkk74vg4uvff61gjlk1'),
(12, 1427448355, '127.0.0.1', 'gqftpc9lkk74vg4uvff61gjlk1'),
(13, 1427449002, '127.0.0.1', 'gqftpc9lkk74vg4uvff61gjlk1'),
(14, 1427449360, '127.0.0.1', 'snhpbrrj7puqge1l8leqcgp265'),
(15, 1427451314, '127.0.0.1', 'gqftpc9lkk74vg4uvff61gjlk1'),
(16, 1427453367, '127.0.0.1', 'gqftpc9lkk74vg4uvff61gjlk1'),
(17, 1427454000, '127.0.0.1', 'gqftpc9lkk74vg4uvff61gjlk1'),
(18, 1427454618, '127.0.0.1', 'gqftpc9lkk74vg4uvff61gjlk1'),
(19, 1427454732, '127.0.0.1', '2931c4gp6nqa221tqqmlss3jp1'),
(20, 1427512908, '127.0.0.1', '5npppujmaa7s447h5g0ng4c667'),
(21, 1427513694, '127.0.0.1', '5npppujmaa7s447h5g0ng4c667'),
(22, 1427514305, '127.0.0.1', '5npppujmaa7s447h5g0ng4c667'),
(23, 1427514916, '127.0.0.1', '5npppujmaa7s447h5g0ng4c667'),
(24, 1427516199, '127.0.0.1', '5npppujmaa7s447h5g0ng4c667'),
(25, 1427516812, '127.0.0.1', '5npppujmaa7s447h5g0ng4c667'),
(26, 1427517468, '127.0.0.1', '5npppujmaa7s447h5g0ng4c667'),
(27, 1427518080, '127.0.0.1', '5npppujmaa7s447h5g0ng4c667'),
(28, 1427519153, '127.0.0.1', '5npppujmaa7s447h5g0ng4c667'),
(29, 1427519766, '127.0.0.1', '5npppujmaa7s447h5g0ng4c667'),
(30, 1427679252, '127.0.0.1', 'r3g5gv3lc45r3of2n3ov8iaec7'),
(31, 1427680362, '127.0.0.1', 'r3g5gv3lc45r3of2n3ov8iaec7'),
(32, 1427681898, '127.0.0.1', 'r3g5gv3lc45r3of2n3ov8iaec7'),
(33, 1427682640, '127.0.0.1', 'r3g5gv3lc45r3of2n3ov8iaec7'),
(34, 1427683289, '127.0.0.1', 'r3g5gv3lc45r3of2n3ov8iaec7'),
(35, 1427683968, '127.0.0.1', 'r3g5gv3lc45r3of2n3ov8iaec7'),
(36, 1427684574, '127.0.0.1', 'r3g5gv3lc45r3of2n3ov8iaec7'),
(37, 1427685213, '127.0.0.1', 'r3g5gv3lc45r3of2n3ov8iaec7'),
(38, 1427686643, '127.0.0.1', 'r3g5gv3lc45r3of2n3ov8iaec7'),
(39, 1427687329, '127.0.0.1', 'r3g5gv3lc45r3of2n3ov8iaec7'),
(40, 1427688392, '127.0.0.1', 'r3g5gv3lc45r3of2n3ov8iaec7'),
(41, 1427689460, '127.0.0.1', 'r3g5gv3lc45r3of2n3ov8iaec7'),
(42, 1427690110, '127.0.0.1', 'r3g5gv3lc45r3of2n3ov8iaec7'),
(43, 1427698388, '127.0.0.1', 'r3g5gv3lc45r3of2n3ov8iaec7'),
(44, 1427699013, '127.0.0.1', 'r3g5gv3lc45r3of2n3ov8iaec7'),
(45, 1427699876, '127.0.0.1', 'r3g5gv3lc45r3of2n3ov8iaec7'),
(46, 1427700582, '127.0.0.1', 'r3g5gv3lc45r3of2n3ov8iaec7'),
(47, 1427701184, '127.0.0.1', 'r3g5gv3lc45r3of2n3ov8iaec7'),
(48, 1427701794, '127.0.0.1', 'r3g5gv3lc45r3of2n3ov8iaec7'),
(49, 1427702624, '127.0.0.1', 'r3g5gv3lc45r3of2n3ov8iaec7'),
(50, 1427703230, '127.0.0.1', 'r3g5gv3lc45r3of2n3ov8iaec7'),
(51, 1427703916, '127.0.0.1', 'r3g5gv3lc45r3of2n3ov8iaec7'),
(52, 1427704990, '127.0.0.1', 'r3g5gv3lc45r3of2n3ov8iaec7'),
(53, 1427706396, '127.0.0.1', 'r3g5gv3lc45r3of2n3ov8iaec7'),
(54, 1427707037, '127.0.0.1', 'r3g5gv3lc45r3of2n3ov8iaec7'),
(55, 1427707722, '127.0.0.1', 'r3g5gv3lc45r3of2n3ov8iaec7'),
(56, 1427708402, '127.0.0.1', 'r3g5gv3lc45r3of2n3ov8iaec7'),
(57, 1427709252, '127.0.0.1', 'r3g5gv3lc45r3of2n3ov8iaec7'),
(58, 1427765864, '127.0.0.1', 'eu47fien06fp0sqp7p6tf75313'),
(59, 1427770931, '127.0.0.1', 'eu47fien06fp0sqp7p6tf75313'),
(60, 1427772336, '127.0.0.1', 'eu47fien06fp0sqp7p6tf75313'),
(61, 1427773383, '127.0.0.1', 'eu47fien06fp0sqp7p6tf75313'),
(62, 1427783413, '127.0.0.1', 'n2ega1daiuk68eubmqcn0oab93'),
(63, 1427784668, '127.0.0.1', 'o6l7jc3hbbhooq09denpus2sd1'),
(64, 1427787532, '127.0.0.1', 'n2ega1daiuk68eubmqcn0oab93'),
(65, 1427788609, '127.0.0.1', 'n2ega1daiuk68eubmqcn0oab93'),
(66, 1427795248, '127.0.0.1', 'n2ega1daiuk68eubmqcn0oab93'),
(67, 1427854699, '127.0.0.1', '06is24keqn8mt6j54p6sgccui6'),
(68, 1427855412, '127.0.0.1', '06is24keqn8mt6j54p6sgccui6'),
(69, 1427858926, '127.0.0.1', '06is24keqn8mt6j54p6sgccui6'),
(70, 1427961130, '127.0.0.1', 'beq6pspbt0iagvtjomji0l7cs3'),
(71, 1427962299, '127.0.0.1', '7lnn197cqjphm6sj1qsvfkkba3'),
(72, 1427963193, '127.0.0.1', 'v1700ce5pjs919m0r6n9da3do2'),
(73, 1428024112, '127.0.0.1', '2n8vjiv5qqnu7h3r5mt2rqi1n5'),
(74, 1428024986, '127.0.0.1', '2n8vjiv5qqnu7h3r5mt2rqi1n5'),
(75, 1428042154, '127.0.0.1', '2n8vjiv5qqnu7h3r5mt2rqi1n5'),
(76, 1428046382, '127.0.0.1', '2n8vjiv5qqnu7h3r5mt2rqi1n5'),
(77, 1428048014, '127.0.0.1', '2n8vjiv5qqnu7h3r5mt2rqi1n5'),
(78, 1428051443, '127.0.0.1', '2n8vjiv5qqnu7h3r5mt2rqi1n5'),
(79, 1428112105, '127.0.0.1', 'hurgnesa90a5pjftnriu3p0nj1'),
(80, 1428113922, '127.0.0.1', 'hurgnesa90a5pjftnriu3p0nj1'),
(81, 1428115091, '127.0.0.1', 'hurgnesa90a5pjftnriu3p0nj1'),
(82, 1428116623, '127.0.0.1', 'hurgnesa90a5pjftnriu3p0nj1'),
(83, 1428118192, '127.0.0.1', 'hurgnesa90a5pjftnriu3p0nj1'),
(84, 1428119386, '127.0.0.1', 'hurgnesa90a5pjftnriu3p0nj1'),
(85, 1428120205, '127.0.0.1', 'hurgnesa90a5pjftnriu3p0nj1'),
(86, 1428121470, '127.0.0.1', 'hurgnesa90a5pjftnriu3p0nj1'),
(87, 1428122361, '127.0.0.1', 'hurgnesa90a5pjftnriu3p0nj1'),
(88, 1428122964, '127.0.0.1', 'hurgnesa90a5pjftnriu3p0nj1'),
(89, 1428123808, '127.0.0.1', 'hurgnesa90a5pjftnriu3p0nj1'),
(90, 1428124368, '14.160.90.38', 'vqs28hl3nqq1570u14b72n57p5'),
(91, 1428124479, '123.30.175.154', 'l7ccirnosutoa6vmqnr8m9m3c7'),
(92, 1428124483, '123.30.175.154', 'n55bbtbrn4a6intibuco5ukud4'),
(93, 1428124491, '123.30.175.150', 'edt1tce825sqehsqe590gfbgn0'),
(94, 1428125462, '66.249.71.244', 'eslhnr3e83rteoguo3701bnll2'),
(95, 1428129807, '66.249.71.244', '6i5kovltnjesgqn4ikd6b0ps01'),
(96, 1428134710, '66.249.71.227', '81ncqn5q0e5v77hvlom2m8eis1'),
(97, 1428141699, '66.249.71.6', '2r8n12f1ck7vquu5c7boj2alq0'),
(98, 1428144066, '66.249.71.227', '4osslpt8d3a5da4rn4ng5tbc65'),
(99, 1428144118, '66.249.71.6', '64iogv0rqjonhefbdum2of7vq7'),
(100, 1428147434, '208.107.46.20', 'hdu03ap9mbnl7er29ci8ht0jm0'),
(101, 1428147518, '208.107.46.20', '704ero7s14t2ehegskslslosh1'),
(102, 1428147525, '208.107.46.20', 'flvtslobjqmo0lqdq0geb05uj4'),
(103, 1428147531, '208.107.41.62', 'itj5jegafg0mm9kspukn4potm1'),
(104, 1428147537, '208.107.41.62', 'tjranfh49i4n7fdh2dnq2vfrs2'),
(105, 1428147543, '208.107.46.20', 'sjhdlb4i4sns2a2u8oqdbgqbe2'),
(106, 1428147548, '208.107.46.20', 'f7193cdg5f6u740oo8ks76dvd4'),
(107, 1428147559, '208.107.46.20', 'l4kvmcqpss5r2jcur73qbf0nv6'),
(108, 1428147564, '208.107.46.20', 'or842tfl9hbku8hgn871tegah1'),
(109, 1428147574, '208.107.46.20', 'vcho1ncmgh1e9u0h2002ouq700'),
(110, 1428147580, '208.107.46.20', 'h6qk588lncud7o7teeere9k0s5'),
(111, 1428147589, '208.107.46.20', 'oqk3tegch83i5qktjndijjqe74'),
(112, 1428147598, '208.107.41.62', 'rtgt12e1at904k3riaveuojd16'),
(113, 1428147604, '208.107.46.20', 'enr0u9garvke6q4an18drlvp57'),
(114, 1428147610, '208.107.46.20', 'spi7rf61jbql0ptkq4v8d40o25'),
(115, 1428147615, '208.107.41.62', '66smgfl1s3fah10521bcj24s07'),
(116, 1428147621, '208.107.41.62', 'f4sd9lcjmb0scsdse9u3toq973'),
(117, 1428147627, '208.107.41.62', '6ogvccu69hp7rdj3nbk2agbp07'),
(118, 1428147633, '208.107.41.62', 'vifrgu0aqcf1pl1aavid41ru66'),
(119, 1428147748, '208.107.46.20', 'lprj3dkrqrc8ek0m121ts6t027'),
(120, 1428147754, '208.107.46.20', 'q2v0r4lgef6aoorm6ng1nk5971'),
(121, 1428147760, '208.107.46.20', 'dacvb7ersc0f4j08kagkd7jtg1'),
(122, 1428147771, '208.107.41.62', 'l7k6oogiu8tjqs97aegqccc9q6'),
(123, 1428147777, '208.107.46.20', 'amipaqtm2gj7vp9qr46njfkjd5'),
(124, 1428147783, '208.107.46.20', 'unfh5cbiirnvs8meralp4pgep7'),
(125, 1428147789, '208.107.46.20', 'drrn9f947q673mfpnua4e99cf5'),
(126, 1428147795, '208.107.41.62', 'ie8m5jmvfiso8grq76rhgaq1t5'),
(127, 1428147801, '208.107.46.20', 'oq1hkgddh8s60cujm338j3hjf7'),
(128, 1428147807, '208.107.46.20', '27iadra244lo7lriufoesgovn0'),
(129, 1428147845, '208.107.46.20', 'aps3uajnandhu2b5dmnrrvifj4'),
(130, 1428147851, '208.107.46.20', '866dfcs3r69urj6lrucc87cv70'),
(131, 1428147857, '208.107.46.20', '0oif57c3l6j36sv7s89iprn3f0'),
(132, 1428147878, '208.107.46.20', '8gklejunn9lt4qkfvuqnjhja83'),
(133, 1428147883, '208.107.41.62', 'r186vf5do6qsu32te1vqdfsf36'),
(134, 1428147902, '208.107.41.62', 't6tpcp1nhph6c99g8lhst61je1'),
(135, 1428147908, '208.107.46.20', 'uhda965m84p7gogidvmrqfv9k2'),
(136, 1428148691, '148.251.124.174', 'oqbqlcl8m9s27i94glms2jrgr1'),
(137, 1428148705, '148.251.124.174', 'l893hhq9blvuo7hv3kefak06l1'),
(138, 1428148717, '148.251.124.174', 'ql904i3s7f05akdf95qt76v2u4'),
(139, 1428148731, '148.251.124.174', 'kvr9i4s18ejo6v5k0jje9uko80'),
(140, 1428148737, '148.251.124.174', '8b4lka4vmps3evp1qrsn3omu17'),
(141, 1428148743, '148.251.124.174', '2lhhrda07p5fs54d7mi6nlib83'),
(142, 1428148749, '148.251.124.174', '4ct78u0kss728fdcbic21s8ab7'),
(143, 1428148754, '148.251.124.174', 'nd427tagl6q4ugi0uaa50vktd2'),
(144, 1428148761, '148.251.124.174', '071sv7bsj96sap5461prkc4785'),
(145, 1428148777, '148.251.124.174', 'r461tjkbeu4hn1d5ao31sd1u07'),
(146, 1428148783, '148.251.124.174', 'm63hqsuqf2oe8p5t9jjtjfrv31'),
(147, 1428148790, '148.251.124.174', 'o0e520pqdgvaqca8aq98955442'),
(148, 1428148797, '148.251.124.174', '2b4187dhfq70iih95c289t6tu5'),
(149, 1428148811, '148.251.124.174', 'nor2k08emnopbsumtka3o2rhq4'),
(150, 1428148822, '148.251.124.174', 'oum7ktu9gee3vjq6p8uelilks1'),
(151, 1428148828, '148.251.124.174', 'kkd193to8da9sm4d2c60u631r6'),
(152, 1428148837, '148.251.124.174', 'jt8gi934jktpm97fcg6kuf7tn7'),
(153, 1428148843, '148.251.124.174', '0rrts80uujmtaggl08ijvu2vg3'),
(154, 1428148858, '148.251.124.174', 'm2t570a7a0ltkk8fs26kpovif0'),
(155, 1428148871, '148.251.124.174', '9uf7jgem34m5486r1211j2iq81'),
(156, 1428148889, '148.251.124.174', 'o2cmukb3cscd8dc9h84gsakcr3'),
(157, 1428148908, '148.251.124.174', '70n057s3re88rnoc3fva1lupc5'),
(158, 1428148923, '148.251.124.174', 'ge2i81his854m4316kobrv97l4'),
(159, 1428148939, '148.251.124.174', 'g3vsfhtlrje6ma3g7p7dkr3ag0'),
(160, 1428148975, '148.251.124.174', '653ufra8qlvvb2oj99s4kp3rd5'),
(161, 1428148985, '148.251.124.174', 'e9ckm39ka0a292at7sar0saqb4'),
(162, 1428148996, '148.251.124.174', '1fhc75j49kopc9p77cmtmcr0r5'),
(163, 1428149008, '148.251.124.174', '4mpsm2j7ms7sn4huo4ae0tmbf7'),
(164, 1428149015, '148.251.124.174', '0duui1ln52lhta47s514dksq63'),
(165, 1428149026, '148.251.124.174', 'lj04baf72sgjskjnvg6f72bqv1'),
(166, 1428149034, '148.251.124.174', 'jkdd5qbjl2jcskv0r9od8ksfg2'),
(167, 1428149042, '148.251.124.174', 'vu4aoumdo04eq5j45l06jm3mr4'),
(168, 1428149049, '148.251.124.174', 'ficifr8hirgrtcnajr6d410f82'),
(169, 1428149108, '148.251.124.174', 'aouffc4don6oitia4l5pg97br6'),
(170, 1428149155, '148.251.124.174', 'fnl89e4v7djs1rjmdt1bkghu82'),
(171, 1428149195, '148.251.124.174', 'i56okika5usk3jc97ser0av3u6'),
(172, 1428150802, '66.249.71.227', 'l0un5lq2fvgk0mugk9umpi0f15'),
(173, 1428151056, '66.249.71.6', 'sj4c5ilb6g3lh8su40s5gbl5c7'),
(174, 1428154487, '5.255.253.155', '7ohadqjnojgdjvp73j58fmjoe6'),
(175, 1428154496, '5.255.253.202', 't3qidndvanivneh3kievg2kuh0'),
(176, 1428155720, '66.249.71.244', 'b0c42qhnek65b9kc1fp4f1fcp5'),
(177, 1428156745, '66.249.71.6', 'c9oipcu4lbcf463otq91ki0j17'),
(178, 1428158534, '66.249.71.6', 'pfo8tie2b1c5hgr1ujknljufm1'),
(179, 1428160839, '66.249.71.227', 'p62bqvv7nqgnogotnifmjuovm4'),
(180, 1428171337, '210.211.107.136', 'rmk1bhkslefiqdka6elts8qd92'),
(181, 1428174195, '206.253.226.23', '6okg0vad72esgjo5rhld1uvgn5'),
(182, 1428183531, '210.211.107.136', 'j7hk0ug98dioigcv8jdm56qqv0'),
(183, 1428186949, '180.76.5.191', 'c1j3kfphhmj5uqv1v5n6n2m4i2'),
(184, 1428190684, '66.249.71.6', 'gffbgs1vlii3fjqsqbutvj48g1'),
(185, 1428197447, '66.249.71.244', 'ls5hfbslhp9qj0dfptb8hr4v61'),
(186, 1428204819, '123.30.175.153', 'rhpo5a6os3h9n8uu6oeqiko0o7'),
(187, 1428204833, '123.30.175.153', '67214v12ke7hhb78hqibrjoov7'),
(188, 1428204837, '123.30.175.156', 'auc355bfdq185lodikelhnoul7'),
(189, 1428205782, '210.211.107.136', 'np581e1u9huqr1us6auejefoj6'),
(190, 1428219871, '180.76.6.148', 'a28kuql86ejem3qcq0vl10udh1'),
(191, 1428229607, '148.251.124.174', '2pj8amcion3p55ltt4ov9kiva6'),
(192, 1428229648, '148.251.124.174', 'ht0sb2gv4kjr8idguhvgb5dmt7'),
(193, 1428229920, '216.189.147.30', 'aojb0h01abg3ru8g8k35slmf25'),
(194, 1428229929, '216.189.147.30', 'itp8e82693kd4unus2gt8v4v46'),
(195, 1428229943, '216.189.147.30', 'gpetgjhhjm8i24rg21ek13lor0'),
(196, 1428229950, '216.189.147.30', 'fce1574cb8fqaouc8rlmu5ulr0'),
(197, 1428229958, '216.189.147.30', 'n75r9t6mimc5gvlj1m0gudui15'),
(198, 1428229977, '216.189.147.30', 'uo0rkjmajb7ar3l4p1r3f2gq47'),
(199, 1428229989, '216.189.147.30', '7k735foclhjka0lpum7insme36'),
(200, 1428230002, '216.189.147.30', 'abo7vephigcnonpv4k1q0qcel4'),
(201, 1428230008, '216.189.147.30', 'e07q6sn7559frhnmurhou7pol7'),
(202, 1428230018, '216.189.147.30', 'lgs5ldhg9h5lgq3rgv10t8f0o5'),
(203, 1428234503, '180.76.6.136', 'pvaqrlmv8rl6jqv3ubekjv8735'),
(204, 1428243395, '66.249.71.244', '8fbvi6gp4739nic7p7j670ntu2'),
(205, 1428243595, '66.249.71.6', 'gn9mvggqtiha4e05mhkrtal8d7'),
(206, 1428243796, '66.249.79.126', '9mrj179g9uk2glhm3u5dbdava7'),
(207, 1428244176, '66.249.71.244', 's8cchsi7eeuf8c0g9jkujq92j3'),
(208, 1428244355, '66.249.71.244', 'utet8l4ph91omrrb0dgkfuuh13'),
(209, 1428244532, '66.249.71.244', 'euuvahcjo8r84qdhgdompqpr13'),
(210, 1428244713, '66.249.71.244', 'e9cfq4kbk07sgegdkeqm3uhm46'),
(211, 1428244895, '66.249.71.6', 'bgiml4dbsv5moss0gur4hsl9s0'),
(212, 1428249393, '66.249.71.6', 'a54h5ihr7q9g62akm5e45egft5'),
(213, 1428249579, '66.249.71.6', '8puns4s70e7vug7lv63ef74im2'),
(214, 1428249766, '66.249.71.244', 'rr6kjs2mm1gor220ac6dverqi4'),
(215, 1428249950, '66.249.71.244', 'q9s02oqejk2e9rukcuu98osvg6'),
(216, 1428250141, '66.249.71.244', '8fhnp58boot67dau4vf6ptmo64'),
(217, 1428250330, '66.249.71.227', '2ksi0ml9icjclj7bcl7jkbd5s7'),
(218, 1428250519, '66.249.71.244', 'r9mhceh516uv26i9ak1cnmfbg1'),
(219, 1428250707, '66.249.71.6', 'i6iudpg1b7oseo7urhiphhnp55'),
(220, 1428250886, '66.249.71.6', 'pf1nfis5qr3fhls1rvlp1dfoa4'),
(221, 1428251047, '66.249.71.244', '5m2apj6jl012lu7esqk3temd62'),
(222, 1428251208, '66.249.71.6', 'o7bks3ju0nh03f22g92jh8cqc6'),
(223, 1428251375, '66.249.71.227', '4rs1vi59tbrka5q6tj2ojg6g94'),
(224, 1428251540, '66.249.71.227', 'l0kocpas1rv7391ldorjsgpv22'),
(225, 1428251705, '66.249.71.244', '3kunvllsb5aj7831efdpmnkjn2'),
(226, 1428251878, '66.249.71.244', 'jds3l006a3j2vbrq3uvsgb39t5'),
(227, 1428252049, '66.249.71.244', '33ihloii69vjrsr7kavnmknl83'),
(228, 1428252410, '66.249.71.6', '3sppdhl1p2150vnauginsujbs2'),
(229, 1428253174, '66.249.71.6', '8kdd3a12tgapced4jn45kd6316'),
(230, 1428253367, '66.249.71.6', '1u67r3vglq0fposopne3ik42o5'),
(231, 1428253560, '66.249.71.6', 'ej49mq84huu8ducmihu92g0up0'),
(232, 1428253759, '66.249.71.6', 'bd1f81p4p5u1650sfr0m0lt6g4'),
(233, 1428253958, '66.249.71.6', 'ehk1o738frugfm6upd4ilffl72'),
(234, 1428254156, '66.249.71.244', 'hsmafaqocalpknta6u94ddbnm4'),
(235, 1428254355, '66.249.71.244', 'e2gu7vptfmr6ssueje967b8kj6'),
(236, 1428254528, '66.249.71.6', '1usg0db6ret3orvom3qhbpkub1'),
(237, 1428254661, '66.249.71.6', '8lcbn6s1lt73ada6t8fm9kp1m1'),
(238, 1428254821, '66.249.71.227', '9sbavm9q8ne92th1i0iijhp150'),
(239, 1428254990, '66.249.79.110', 'amr8da0nnj0ge59u58iegvhui7'),
(240, 1428256048, '66.249.71.244', 'r71nh253cn5gm74agvrghnc3s6'),
(241, 1428256228, '66.249.71.244', 'pcvadt92ikb61878d9ku4a72l5'),
(242, 1428256412, '66.249.71.227', 'ma6ai7277atakuma772rmlf6l7'),
(243, 1428256595, '66.249.71.227', 'r4qfcuurq07ml4k6jdh77tf4m4'),
(244, 1428256783, '66.249.71.227', 'sk9spk1atkk264tfm9fbfr8rq7'),
(245, 1428256969, '66.249.71.244', 'ul449vtmmchhdsi2tenlerb310'),
(246, 1428257349, '66.249.71.6', '330i6ids2s5bmll7gd92inmes2'),
(247, 1428257540, '66.249.71.227', 'r9ep0nubn9l89sjc2dgfsfarj5'),
(248, 1428257731, '66.249.71.244', 'bjm0s9kj6c2jefrn0tlf0nj2n3'),
(249, 1428257922, '66.249.71.6', 'bm1ptqnha5lnese20b7k0ejjc6'),
(250, 1428258304, '66.249.79.110', 'eeqfembija8oc0rblim1c2cnd6'),
(251, 1428258655, '66.249.79.118', '74fmllhajfqkgkolus2c94nkm4'),
(252, 1428260407, '66.249.71.244', 'va3o92vlpf3rr8jdoo0tsns3h5'),
(253, 1428260607, '66.249.71.244', '7pd369nvr1oe5nuq7ie01r4fo1'),
(254, 1428261007, '66.249.71.6', '3pc4hanl8e9fild00sea35dln2'),
(255, 1428261207, '66.249.71.227', 'ont7vqv8834q6d2q0bm76m4va6'),
(256, 1428261407, '66.249.71.227', 'vrgr3ing0mep9pvkn4ibi19ot3'),
(257, 1428261589, '66.249.71.227', 'o0rnomh5fr3fhdmogbjfsnca55'),
(258, 1428261773, '66.249.71.244', 'sslunpll7vstme9s1ln991jgv3'),
(259, 1428261935, '66.249.71.244', '4jd75d5bq4f71dqlu3b3sidch2'),
(260, 1428262114, '66.249.71.244', 'ioas21hrts215fk504sdgqkbc5'),
(261, 1428262293, '66.249.71.227', 'du1tvjnb5b62df8iodi3bbn510'),
(262, 1428262478, '66.249.71.6', 'nkhsm7jn9gb7gip24mi00b60l0'),
(263, 1428262665, '66.249.71.227', 'q2a0m0eg1aj9e3bp6bhj8m7dm5'),
(264, 1428263641, '66.249.71.6', 's8c6l59g5e827k59epnqm0nub2'),
(265, 1428264039, '66.249.71.244', 'ldfta89pbgrriett88164lh5p0'),
(266, 1428264242, '66.249.71.6', '8gs7pjjhosu5tmkgcm91vdqiq2'),
(267, 1428264648, '66.249.79.126', 'sphp67tccma32ubsd289nf7pr4'),
(268, 1428265363, '180.76.6.53', 'vk916qh48fqpkktc5enh1dg4g1'),
(269, 1428267613, '66.249.79.118', 'ip9u16n9cvsu17cbjg81l3qch7'),
(270, 1428270750, '66.249.71.227', '3vgnoodqbfncjoulq94jf2mb37'),
(271, 1428277105, '66.249.71.244', 'rntddk6q9nphqlnnm9jsrfqae2'),
(272, 1428277526, '66.249.71.244', '7jva6gmftk124j5f2htgu5bdt5'),
(273, 1428280889, '66.249.71.244', 'jl1vjhl0b2hguk06lrc36f50c1'),
(274, 1428283363, '66.249.71.227', 'qb1u69do3lfoo64i2brmr1kg13'),
(275, 1428285722, '123.30.175.150', 'olitm3u4v6isooakgkrff0nnt3'),
(276, 1428285725, '123.30.175.150', '7jee3qm4rvoc81v01t59qrr2g0'),
(277, 1428285736, '123.30.175.153', 'hadan9knsp8avc0la15pjckqt1'),
(278, 1428287216, '66.249.71.6', 'phq6u9qkcrcms6col23viej7a5'),
(279, 1428289702, '142.4.213.178', 'ev2drri4t7mu4q1hapqkkfm510'),
(280, 1428289714, '142.4.213.178', '3utin65s81kj51b44hm5ki1s10'),
(281, 1428291455, '157.55.39.244', 'srn8uq7dnkpf5jtdntq6ncgni7'),
(282, 1428297362, '203.190.163.6', 'jov06hk51dm52uodltp35jgor5'),
(283, 1428297366, '203.190.163.6', '8nig4jebi81r693h59pcmsoup7'),
(284, 1428300646, '113.23.36.145', '08bqaiba5iaktajuldlhtro1l0'),
(285, 1428309738, '2.92.154.250', 'k3i94ateivh69chdisqvhqqrl1'),
(286, 1428313668, '192.99.107.234', 'qnsf9cfplomsmb22c0ku5egoq6'),
(287, 1428316178, '38.111.147.83', '03ijh7o1ai42v0sv74spaa6ch1'),
(288, 1428326199, '176.9.113.45', 'icpn6jdiadbhhb4qbp7utrk054'),
(289, 1428334378, '64.246.165.180', 'kb9jipvt07p8amnem7hp3lvab3'),
(290, 1428335328, '64.246.165.160', '9qk43cgc9t7he31c5qgvs5v444'),
(291, 1428336346, '64.246.165.170', '4edc0aulbq6fci2hcn97hvqap7'),
(292, 1428367227, '123.30.175.151', 'pkbkgcoth21kh4me431jss7k73'),
(293, 1428367230, '123.30.175.151', 'kqlb0uc0v77kcr1p6jb6n8rt34'),
(294, 1428367240, '123.30.175.153', 'fnrk2prip6gf0mq9u9jraopjf5'),
(295, 1428367607, '66.249.71.227', '5224cdl5vbmesh6vg7cmmgofd3'),
(296, 1428368482, '180.76.6.150', 'jetblbhijhlvke0dmvicf8c4v7'),
(297, 1428369381, '180.76.6.36', 'rn0mi393he5ua5em60k7j83543'),
(298, 1428371838, '14.160.90.38', 'r4eor4h0q9470snec1vj8qrb56'),
(299, 1428371862, '14.160.90.38', 'ogb1e52j9regc1ufrm0rshukj0'),
(300, 1428371865, '14.160.90.38', 'top167hjr06k055hf69vt62c73'),
(301, 1428371868, '14.160.90.38', 'ca9mpkhb7dpkkg8qntbdt8u4j4'),
(302, 1428372611, '14.160.90.38', 'top167hjr06k055hf69vt62c73'),
(303, 1428373647, '14.160.90.38', 'top167hjr06k055hf69vt62c73'),
(304, 1428374338, '14.160.90.38', 'top167hjr06k055hf69vt62c73'),
(305, 1428374952, '14.160.90.38', 'top167hjr06k055hf69vt62c73'),
(306, 1428375922, '14.160.90.38', 'top167hjr06k055hf69vt62c73'),
(307, 1428376535, '14.160.90.38', 'top167hjr06k055hf69vt62c73'),
(308, 1428377285, '14.160.90.38', 'top167hjr06k055hf69vt62c73'),
(309, 1428377886, '14.160.90.38', 'top167hjr06k055hf69vt62c73'),
(310, 1428378571, '14.160.90.38', 'top167hjr06k055hf69vt62c73'),
(311, 1428379175, '14.160.90.38', 'top167hjr06k055hf69vt62c73'),
(312, 1428379912, '14.160.90.38', 'top167hjr06k055hf69vt62c73'),
(313, 1428380630, '127.0.0.1', '9m1b8flbj0fd0d6qdm8do0ns76'),
(314, 1428388205, '127.0.0.1', '9m1b8flbj0fd0d6qdm8do0ns76'),
(315, 1428391572, '127.0.0.1', '9m1b8flbj0fd0d6qdm8do0ns76'),
(316, 1428392384, '127.0.0.1', '9m1b8flbj0fd0d6qdm8do0ns76'),
(317, 1428393930, '127.0.0.1', '9m1b8flbj0fd0d6qdm8do0ns76'),
(318, 1428395835, '127.0.0.1', '9m1b8flbj0fd0d6qdm8do0ns76'),
(319, 1428396456, '127.0.0.1', '9m1b8flbj0fd0d6qdm8do0ns76'),
(320, 1428400823, '127.0.0.1', '9m1b8flbj0fd0d6qdm8do0ns76'),
(321, 1428995989, '127.0.0.1', 'be55i3ut18n50occglg0619hh6'),
(322, 1429061889, '127.0.0.1', '6536tk3qb5cd0bm3qbnmb20vp5'),
(323, 1429064576, '127.0.0.1', 'f9eadjbckm6ag0lsvl78tnk2q1'),
(324, 1429088473, '127.0.0.1', 'alfvquis3fitvs7nd8dbq6qa52'),
(325, 1429151785, '127.0.0.1', 'mj8r0av3e9tqvku24tj81o4uu5'),
(326, 1429155621, '127.0.0.1', 'mj8r0av3e9tqvku24tj81o4uu5'),
(327, 1429166544, '127.0.0.1', 'alfvquis3fitvs7nd8dbq6qa52'),
(328, 1429169930, '127.0.0.1', 'alfvquis3fitvs7nd8dbq6qa52'),
(329, 1429252923, '127.0.0.1', 'dant64fpuko7jj7al2koj47i44'),
(330, 1429265946, '127.0.0.1', '4rtpa7ta3q11v50t6s6o217ik1'),
(331, 1429322147, '127.0.0.1', '618fb488r8t713oljei71gjbr0'),
(332, 1429511127, '127.0.0.1', 'v33rgp3cklrd8hlnj3t42gba66'),
(333, 1429517709, '127.0.0.1', 'v33rgp3cklrd8hlnj3t42gba66'),
(334, 1429612247, '127.0.0.1', 'v33rgp3cklrd8hlnj3t42gba66'),
(335, 1429673772, '127.0.0.1', '8j69b039ohjr7f0jgrlmmrf5m4'),
(336, 1429688834, '127.0.0.1', '0pt8es35bt4a61m8of86c5lgo7'),
(337, 1429689788, '127.0.0.1', '0pt8es35bt4a61m8of86c5lgo7'),
(338, 1429692964, '127.0.0.1', 'n9ug15cfhd1nvjsft37eleg3b7'),
(339, 1429756416, '127.0.0.1', 'iepq2go3mfmkubk5o9np04ebj5'),
(340, 1429762769, '127.0.0.1', 'iepq2go3mfmkubk5o9np04ebj5'),
(341, 1429860749, '127.0.0.1', 'mml1ah8mgjiurkc1nu04vhfai2'),
(342, 1429862536, '127.0.0.1', '2dig7j16iqnkknn5n38gd651c7'),
(343, 1430969995, '127.0.0.1', '2pq0c2cla6uuvn2dbgd96dbd86'),
(344, 1430985569, '127.0.0.1', '2pq0c2cla6uuvn2dbgd96dbd86'),
(345, 1431053079, '127.0.0.1', 'bcl0ppqm5cca1m4aqohp7bur07'),
(346, 1431071381, '127.0.0.1', '4j45ms4tl6ftshpb3vqo4q6fr1'),
(347, 1432283053, '127.0.0.1', 'sb4rdq1u6n2n8kpif7299shrp3'),
(348, 1432292604, '127.0.0.1', 'sb4rdq1u6n2n8kpif7299shrp3'),
(349, 1432350066, '127.0.0.1', 'qvnnut5r8jldl5mv17m47fjuv4'),
(350, 1432352119, '127.0.0.1', '90k7ocra4sco0etd31kqqvsqa4'),
(351, 1432519087, '127.0.0.1', '19atv2qvfl04v56bu02crrruc2'),
(352, 1432521296, '127.0.0.1', 'o8rmirau7p16bug7l4meilv232'),
(353, 1432527847, '127.0.0.1', 'ri850vjehao8sg9tpgolln1v41'),
(354, 1432545655, '127.0.0.1', 'bja7ta7mrg5o42dko03f36iu21'),
(355, 1432612616, '127.0.0.1', 'tmmo7f83pkravgqrjjsjgv1r34'),
(356, 1432630621, '127.0.0.1', 'tmmo7f83pkravgqrjjsjgv1r34'),
(357, 1432692787, '127.0.0.1', 'tmmo7f83pkravgqrjjsjgv1r34'),
(358, 1432707730, '127.0.0.1', '4bnfkqqojqevci8ahs5ggev9r7'),
(359, 1432711711, '127.0.0.1', 'tmmo7f83pkravgqrjjsjgv1r34'),
(360, 1432777985, '127.0.0.1', 'br8mb8s8thtfevtmb1jv1cthr5'),
(361, 1432804482, '127.0.0.1', 'br8mb8s8thtfevtmb1jv1cthr5'),
(362, 1433063896, '127.0.0.1', '0r3anab3lsjnjcuilsjc3v1r95'),
(363, 1433074025, '127.0.0.1', '0r3anab3lsjnjcuilsjc3v1r95'),
(364, 1433077207, '127.0.0.1', '0r3anab3lsjnjcuilsjc3v1r95'),
(365, 1433313276, '127.0.0.1', 'ruchldesvrdtm78j34ocrg58n0'),
(366, 1433314351, '127.0.0.1', 'ruchldesvrdtm78j34ocrg58n0'),
(367, 1433380377, '127.0.0.1', 'ruchldesvrdtm78j34ocrg58n0'),
(368, 1433746249, '127.0.0.1', 'v8lo4ei05550f17htai16uo4c5'),
(369, 1433812343, '127.0.0.1', 'ibugepjutoafaoev932t0aqpb6'),
(370, 1433906709, '127.0.0.1', '3vp3g1d9rei5vt7is2gr5bl4n7'),
(371, 1433932403, '127.0.0.1', '3vp3g1d9rei5vt7is2gr5bl4n7'),
(372, 1434090691, '127.0.0.1', '0phlm5et1nt9g5337d55k2ti64'),
(373, 1434164832, '127.0.0.1', 'h1bl25ub7acc8rr6d215b2bo61'),
(374, 1434336352, '127.0.0.1', 'sp7vfm1sla0bj0f5ualknslla5'),
(375, 1434340569, '127.0.0.1', 'sp7vfm1sla0bj0f5ualknslla5'),
(376, 1434358769, '127.0.0.1', 'gg79ra3l9m3guoe6khbt0dhva2'),
(377, 1434365701, '127.0.0.1', '8rvaj5hma2jf2cfpqk831a4i56'),
(378, 1434419686, '127.0.0.1', 'j453ta40o95tj4hloh6vukfrf1'),
(379, 1434507093, '127.0.0.1', '6b8dneiul69ft7flg75644fvp1'),
(380, 1434510360, '127.0.0.1', 'j453ta40o95tj4hloh6vukfrf1'),
(381, 1434515821, '127.0.0.1', 'j453ta40o95tj4hloh6vukfrf1'),
(382, 1434590865, '127.0.0.1', '84e7vgvqo56j35lisua9fnm4b4'),
(383, 1434766837, '127.0.0.1', '64i0j0a0k2rg5fk9objrg4elg4'),
(384, 1434963341, '127.0.0.1', '53263j37484c7ht4opj5drh6l4'),
(385, 1435024436, '127.0.0.1', 'l4kpufml5fhl41f4q6g5d041n5'),
(386, 1435027489, '127.0.0.1', '6ijtvvc6oud66bqged1gkkoue4'),
(387, 1435046800, '127.0.0.1', 'l4kpufml5fhl41f4q6g5d041n5'),
(388, 1435110558, '127.0.0.1', 'nuan9qnnplajgso5crrt4vt5m0'),
(389, 1435117970, '127.0.0.1', '6kr57drde88vc8vv69std5tat6'),
(390, 1435197808, '127.0.0.1', 'k57cou75q4qodsrel7ejf5lr63'),
(391, 1435819114, '127.0.0.1', '5tfkpqbv8tpt49hhr7ggr3ikt7'),
(392, 1435822745, '127.0.0.1', 'rqope119vugsso07u7aeep41a7'),
(393, 1435823519, '127.0.0.1', 'rqope119vugsso07u7aeep41a7'),
(394, 1435824296, '127.0.0.1', 'rqope119vugsso07u7aeep41a7'),
(395, 1435824896, '127.0.0.1', 'rqope119vugsso07u7aeep41a7'),
(396, 1435826395, '127.0.0.1', 'rqope119vugsso07u7aeep41a7'),
(397, 1435827323, '127.0.0.1', 'rqope119vugsso07u7aeep41a7'),
(398, 1435827942, '127.0.0.1', 'rqope119vugsso07u7aeep41a7'),
(399, 1435828802, '127.0.0.1', 'rqope119vugsso07u7aeep41a7'),
(400, 1435829884, '127.0.0.1', 'rqope119vugsso07u7aeep41a7'),
(401, 1435830614, '127.0.0.1', 'rqope119vugsso07u7aeep41a7'),
(402, 1435831591, '127.0.0.1', 'rqope119vugsso07u7aeep41a7'),
(403, 1435832350, '127.0.0.1', 'rqope119vugsso07u7aeep41a7'),
(404, 1435834368, '127.0.0.1', 'rqope119vugsso07u7aeep41a7'),
(405, 1435893664, '127.0.0.1', '117mnirpadp65ledndlhgcf115'),
(406, 1435909491, '127.0.0.1', '1f6roamed3a1fo9rm3rarc19j2'),
(407, 1435973178, '127.0.0.1', '3daotbonjtirpfuihm5ch2cs57'),
(408, 1435977931, '127.0.0.1', '6njoou3th1u32o0b9ftrkg8vn4'),
(409, 1435979752, '127.0.0.1', '3daotbonjtirpfuihm5ch2cs57'),
(410, 1435983228, '127.0.0.1', '6njoou3th1u32o0b9ftrkg8vn4'),
(411, 1435994305, '127.0.0.1', 'rdae3pm5g7vk536qdsgap2v5u5'),
(412, 1435994661, '127.0.0.1', 'f9j0ugvq957e3tcd6h1anlj4j4'),
(413, 1435997287, '127.0.0.1', '3daotbonjtirpfuihm5ch2cs57'),
(414, 1435998375, '127.0.0.1', '3daotbonjtirpfuihm5ch2cs57'),
(415, 1436150655, '127.0.0.1', '63tjbhmj937rps34rftcgbnam0'),
(416, 1436152476, '127.0.0.1', '63tjbhmj937rps34rftcgbnam0'),
(417, 1436170342, '127.0.0.1', '63tjbhmj937rps34rftcgbnam0'),
(418, 1436180421, '127.0.0.1', '63tjbhmj937rps34rftcgbnam0');

-- --------------------------------------------------------

--
-- Table structure for table `vnvic_tblcustomer`
--

CREATE TABLE IF NOT EXISTS `vnvic_tblcustomer` (
  `id` int(11) NOT NULL AUTO_INCREMENT,
  `username` varchar(50) COLLATE utf8_unicode_ci DEFAULT NULL,
  `fullname` varchar(50) COLLATE utf8_unicode_ci DEFAULT NULL,
  `email` varchar(50) COLLATE utf8_unicode_ci NOT NULL,
  `created_date` int(11) DEFAULT NULL,
  `address` text COLLATE utf8_unicode_ci,
  `phone` varchar(16) COLLATE utf8_unicode_ci DEFAULT NULL,
  PRIMARY KEY (`id`),
  UNIQUE KEY `email` (`email`)
) ENGINE=MyISAM  DEFAULT CHARSET=utf8 COLLATE=utf8_unicode_ci AUTO_INCREMENT=7 ;

--
-- Dumping data for table `vnvic_tblcustomer`
--

INSERT INTO `vnvic_tblcustomer` (`id`, `username`, `fullname`, `email`, `created_date`, `address`, `phone`) VALUES
(6, NULL, NULL, 'smtpwebmails@gmail.com', 1427454625, NULL, NULL),
(5, NULL, NULL, 'soledad2410@gmail.com', 1427454574, NULL, NULL),
(4, 'hungls2410', 'Lê Sỹ Hùng', 'hungls2410@gmail.com', 1427452093, 'Thanh hóa', '098.450.4580');

-- --------------------------------------------------------

--
-- Table structure for table `vnvic_tbldepartment`
--

CREATE TABLE IF NOT EXISTS `vnvic_tbldepartment` (
  `department_id` int(11) NOT NULL AUTO_INCREMENT,
  `department_name` varchar(50) COLLATE utf8_unicode_ci NOT NULL,
  `department_email` varchar(30) COLLATE utf8_unicode_ci NOT NULL,
  PRIMARY KEY (`department_id`)
) ENGINE=MyISAM  DEFAULT CHARSET=utf8 COLLATE=utf8_unicode_ci AUTO_INCREMENT=8 ;

--
-- Dumping data for table `vnvic_tbldepartment`
--

INSERT INTO `vnvic_tbldepartment` (`department_id`, `department_name`, `department_email`) VALUES
(4, 'Phòng bán hàng', ''),
(3, 'Phòng dự án', ''),
(5, 'Phòng thiết kế', ''),
(6, 'Phòng khiếu nại', '');

-- --------------------------------------------------------

--
-- Table structure for table `vnvic_tbldomain`
--

CREATE TABLE IF NOT EXISTS `vnvic_tbldomain` (
  `domain_id` int(11) NOT NULL AUTO_INCREMENT,
  `domain_name` varchar(50) COLLATE utf8_unicode_ci NOT NULL,
  `domain_key` varchar(50) COLLATE utf8_unicode_ci NOT NULL,
  `customer_name` varchar(50) COLLATE utf8_unicode_ci NOT NULL,
  `customer_email` varchar(50) COLLATE utf8_unicode_ci NOT NULL,
  `customer_address` varchar(200) COLLATE utf8_unicode_ci NOT NULL,
  `date_create` int(11) NOT NULL,
  `domain_active` tinyint(4) NOT NULL DEFAULT '1',
  PRIMARY KEY (`domain_id`),
  UNIQUE KEY `domain_name` (`domain_name`)
) ENGINE=MyISAM  DEFAULT CHARSET=utf8 COLLATE=utf8_unicode_ci AUTO_INCREMENT=3 ;

--
-- Dumping data for table `vnvic_tbldomain`
--

INSERT INTO `vnvic_tbldomain` (`domain_id`, `domain_name`, `domain_key`, `customer_name`, `customer_email`, `customer_address`, `date_create`, `domain_active`) VALUES
(1, 'dhdfsnew.com', '2a829d2317039c5cdd89dfc79e4781ac', 'sỹ hùng', 'soledad2410@gmail.com', 'Thọ xuân,Thanh hóa', 1315081271, 0);

-- --------------------------------------------------------

--
-- Table structure for table `vnvic_tblgallery`
--

CREATE TABLE IF NOT EXISTS `vnvic_tblgallery` (
  `gallery_id` int(11) NOT NULL AUTO_INCREMENT,
  `gallery_time` int(11) NOT NULL,
  `gallery_name` varchar(50) COLLATE utf8_unicode_ci NOT NULL,
  `gallery_title` varchar(50) COLLATE utf8_unicode_ci NOT NULL,
  `menu_id` int(11) NOT NULL,
  `gallery_image` varchar(200) COLLATE utf8_unicode_ci DEFAULT NULL,
  `gallery_desc` varchar(400) COLLATE utf8_unicode_ci DEFAULT NULL,
  `type` varchar(10) COLLATE utf8_unicode_ci NOT NULL,
  `map` varchar(100) COLLATE utf8_unicode_ci DEFAULT NULL,
  `waypoints` text COLLATE utf8_unicode_ci,
  `hotspots` text COLLATE utf8_unicode_ci,
  `default` char(50) COLLATE utf8_unicode_ci NOT NULL,
  PRIMARY KEY (`gallery_id`)
) ENGINE=MyISAM  DEFAULT CHARSET=utf8 COLLATE=utf8_unicode_ci AUTO_INCREMENT=66 ;

--
-- Dumping data for table `vnvic_tblgallery`
--

INSERT INTO `vnvic_tblgallery` (`gallery_id`, `gallery_time`, `gallery_name`, `gallery_title`, `menu_id`, `gallery_image`, `gallery_desc`, `type`, `map`, `waypoints`, `hotspots`, `default`) VALUES
(43, 1434963963, 'mat_truoc', 'Quảng trường trung tâm', 16, '/upload/images/panoramas/1_0.jpg', '', 'panorama', NULL, NULL, '[{"pan":"13.80","tilt":"-12.19","from":"mat truoc 1","to":"Sanh Dich vu","caption":"S\\u1ea3nh d\\u1ecbch v\\u1ee5"},{"pan":"-79.94","tilt":"-9.27","from":"mat truoc 1","to":"mat truoc 2","caption":"Khu TM ngo\\u00e0i tr\\u1eddi"},{"pan":"96.53","tilt":"-9.13","from":"mat truoc 1","to":"nha tre - ben ngoai","caption":"Ph\\u00eda tr\\u01b0\\u1edbc nh\\u00e0 tr\\u1ebb"},{"pan":"-0.11","tilt":"-7.49","from":"Sanh Dich vu","to":"mat truoc 1","caption":"Qu\\u1ea3ng tr\\u01b0\\u1eddng trung t\\u00e2m"},{"pan":"-33.95","tilt":"-16.74","from":"Sanh Dich vu","to":"Cua hang lua","caption":"C\\u1eeda h\\u00e0ng l\\u1ee5a"},{"pan":"38.61","tilt":"-16.53","from":"Sanh Dich vu","to":"Sieu thi","caption":"Si\\u00eau th\\u1ecb"},{"pan":"94.15","tilt":"-10.58","from":"Sieu thi","to":"Sanh Dich vu","caption":"S\\u1ea3nh d\\u1ecbch v\\u1ee5"},{"pan":"18.52","tilt":"-24.85","from":"Cua hang lua","to":"Sanh Dich vu","caption":"S\\u1ea3nh d\\u1ecbch v\\u1ee5"},{"pan":"-157.90","tilt":"-14.69","from":"nha tre - ben ngoai","to":"mat truoc 1","caption":"Qu\\u1ea3ng tr\\u01b0\\u1eddng trung t\\u00e2m"},{"pan":"18.16","tilt":"-16.53","from":"mat truoc 2","to":"Cafe","caption":"Khu cafe"},{"pan":"88.09","tilt":"-8.93","from":"mat truoc 2","to":"mat truoc 1","caption":"Qu\\u1ea3ng tr\\u01b0\\u1eddng trung t\\u00e2m"},{"pan":"-88.12","tilt":"-8.39","from":"mat truoc 2","to":"mat truoc 3","caption":"L\\u1ed1i v\\u00e0o d\\u1ef1 \\u00e1n"},{"pan":"46.00","tilt":"-10.94","from":"mat truoc 3","to":"mat truoc 2","caption":"Khu TM ngo\\u00e0i tr\\u1eddi"},{"pan":"-8.95","tilt":"-21.40","from":"Cafe","to":"mat truoc 2","caption":"Khu TM ngo\\u00e0i tr\\u1eddi"},{"pan":"-174.21","tilt":"-4.56","from":"mat truoc 1","to":"TT01-Phong khach","caption":"Khu nh\\u00e0 TT01-Ph\\u00f2ng kh\\u00e1ch"},{"pan":"88.92","tilt":"-36.18","from":"TT01-Phong khach","to":"mat truoc 1","caption":"Qu\\u1ea3ng tr\\u01b0\\u1eddng trung t\\u00e2m"},{"pan":"-73.04","tilt":"-22.31","from":"TT01-Phong khach","to":"TT01-Bep","caption":"Khu nh\\u00e0 TT01-B\\u1ebfp"},{"pan":"67.21","tilt":"-21.69","from":"TT01-Bep","to":"TT01-Phong khach","caption":"Khu nh\\u00e0 TT01-Ph\\u00f2ng kh\\u00e1ch"},{"pan":"-91.65","tilt":"-6.56","from":"mat truoc 3","to":"khu de xe","caption":"Khu \\u0111\\u1ec3 xe"},{"pan":"3.68","tilt":"-19.22","from":"khu de xe","to":"mat truoc 3","caption":"L\\u1ed1i v\\u00e0o d\\u1ef1 \\u00e1n"},{"pan":"-180","tilt":"-16.23","from":"khu de xe","to":"Sanh thang may","caption":"S\\u1ea3nh thang m\\u00e1y"},{"pan":"154.87","tilt":"-27.79","from":"Sanh thang may","to":"Be boi ngoai troi","caption":"B\\u1ec3 b\\u01a1i ngo\\u00e0i tr\\u1eddi"},{"pan":"-146.95","tilt":"-30.60","from":"Sanh thang may","to":"D1-phong khach","caption":"C\\u0103n h\\u1ed9 D1-Ph\\u00f2ng kh\\u00e1ch"},{"pan":"34.83","tilt":"-25.04","from":"Sanh thang may","to":"khu de xe","caption":"Khu \\u0111\\u1ec3 xe"},{"pan":"-23.65","tilt":"-30.92","from":"Sanh thang may","to":"Benh vien","caption":"B\\u1ec7nh vi\\u1ec7n qu\\u1ed1c t\\u1ebf"},{"pan":"-0.10","tilt":"-23.96","from":"Sanh thang may","to":"Sanh Tiep tan","caption":"S\\u1ea3nh ti\\u1ebfp t\\u00e2n"},{"pan":"3.29","tilt":"-13.28","from":"D1-phong khach","to":"D1-phongan","caption":"D1-Ph\\u00f2ng \\u0103n"},{"pan":"116.90","tilt":"-6.76","from":"Be boi ngoai troi","to":"Sanh thang may","caption":"S\\u1ea3nh thang m\\u00e1y"},{"pan":"-119.08","tilt":"-4.41","from":"Be boi ngoai troi","to":"Spa","caption":"Spa"},{"pan":"128.22","tilt":"-42.12","from":"Spa","to":"gym","caption":"Ph\\u00f2ng t\\u1eadp Gym"},{"pan":"-22.00","tilt":"-14.63","from":"gym","to":"Spa","caption":"Spa"},{"pan":"-108.52","tilt":"-16.71","from":"Benh vien","to":"Sanh thang may","caption":"S\\u1ea3nh thang m\\u00e1y"},{"pan":"-58.11","tilt":"-18.74","from":"Sanh Tiep tan","to":"Sanh thang may","caption":"S\\u1ea3nh thang m\\u00e1y"},{"pan":"-65.66","tilt":"-16.69","from":"Sanh Tiep tan","to":"Sanh Dich vu","caption":"S\\u1ea3nh d\\u1ecbch v\\u1ee5"},{"pan":"-142.26","tilt":"-19.41","from":"Sanh Tiep tan","to":"nha tre - ben ngoai","caption":"Nh\\u00e0 tr\\u1ebb"},{"pan":"-103.86","tilt":"16.47","from":"TT01-Phong khach","to":"TT01-phong ngu 1","caption":"Ph\\u00f2ng ng\\u1ee7"},{"pan":"119.59","tilt":"-26","from":"TT01-phong ngu 1","to":"TT01-Phong khach","caption":"Ph\\u00f2ng kh\\u00e1ch"},{"pan":"108.67","tilt":"-27.66","from":"TT01-phong ngu 1","to":"TT01-phong ngu 2","caption":"Ph\\u00f2ng ng\\u1ee7 2"},{"pan":"90.02","tilt":"-22.19","from":"TT01-phong ngu 2","to":"TT01-Phong khach","caption":"Ph\\u00f2ng kh\\u00e1ch"},{"pan":"100.00","tilt":"-22.19","from":"TT01-phong ngu 2","to":"TT01-phong ngu 1","caption":"Ph\\u00f2ng ng\\u1ee7 1"},{"pan":"110.00","tilt":"-22.19","from":"TT01-phong ngu 2","to":"TT01-WC","caption":"WC"},{"pan":"-138.71","tilt":"-25.74","from":"TT01-WC","to":"TT01-phong ngu 2","caption":"Ph\\u00f2ng ng\\u1ee7 2"},{"pan":"-178.87","tilt":"-5.44","from":"Sanh Dich vu","to":"Sanh Tiep tan","caption":"S\\u1ea3nh l\\u1ec5 t\\u00e2n"},{"pan":"-151.64","tilt":"-5.44","from":"Sanh Dich vu","to":"Cafe","caption":"Qu\\u00e1n cafe"},{"pan":"-140","tilt":"-5.44","from":"Sanh Dich vu","to":"nha hang","caption":"Nh\\u00e0 h\\u00e0ng"},{"pan":"2.62","tilt":"-14.90","from":"nha hang","to":"Sanh Dich vu","caption":"S\\u1ea3nh d\\u1ecbch v\\u1ee5"}]', 'mat truoc 1'),
(42, 1434963963, 'mat_truoc', 'Phía trước nhà trẻ ', 16, '/upload/images/panoramas/nhatre_front.jpg', '', 'panorama', NULL, NULL, '[{"pan":"13.80","tilt":"-12.19","from":"mat truoc 1","to":"Sanh Dich vu","caption":"S\\u1ea3nh d\\u1ecbch v\\u1ee5"},{"pan":"-79.94","tilt":"-9.27","from":"mat truoc 1","to":"mat truoc 2","caption":"Khu TM ngo\\u00e0i tr\\u1eddi"},{"pan":"96.53","tilt":"-9.13","from":"mat truoc 1","to":"nha tre - ben ngoai","caption":"Ph\\u00eda tr\\u01b0\\u1edbc nh\\u00e0 tr\\u1ebb"},{"pan":"-0.11","tilt":"-7.49","from":"Sanh Dich vu","to":"mat truoc 1","caption":"Qu\\u1ea3ng tr\\u01b0\\u1eddng trung t\\u00e2m"},{"pan":"-33.95","tilt":"-16.74","from":"Sanh Dich vu","to":"Cua hang lua","caption":"C\\u1eeda h\\u00e0ng l\\u1ee5a"},{"pan":"38.61","tilt":"-16.53","from":"Sanh Dich vu","to":"Sieu thi","caption":"Si\\u00eau th\\u1ecb"},{"pan":"94.15","tilt":"-10.58","from":"Sieu thi","to":"Sanh Dich vu","caption":"S\\u1ea3nh d\\u1ecbch v\\u1ee5"},{"pan":"18.52","tilt":"-24.85","from":"Cua hang lua","to":"Sanh Dich vu","caption":"S\\u1ea3nh d\\u1ecbch v\\u1ee5"},{"pan":"-157.90","tilt":"-14.69","from":"nha tre - ben ngoai","to":"mat truoc 1","caption":"Qu\\u1ea3ng tr\\u01b0\\u1eddng trung t\\u00e2m"},{"pan":"18.16","tilt":"-16.53","from":"mat truoc 2","to":"Cafe","caption":"Khu cafe"},{"pan":"88.09","tilt":"-8.93","from":"mat truoc 2","to":"mat truoc 1","caption":"Qu\\u1ea3ng tr\\u01b0\\u1eddng trung t\\u00e2m"},{"pan":"-88.12","tilt":"-8.39","from":"mat truoc 2","to":"mat truoc 3","caption":"L\\u1ed1i v\\u00e0o d\\u1ef1 \\u00e1n"},{"pan":"46.00","tilt":"-10.94","from":"mat truoc 3","to":"mat truoc 2","caption":"Khu TM ngo\\u00e0i tr\\u1eddi"},{"pan":"-8.95","tilt":"-21.40","from":"Cafe","to":"mat truoc 2","caption":"Khu TM ngo\\u00e0i tr\\u1eddi"},{"pan":"-174.21","tilt":"-4.56","from":"mat truoc 1","to":"TT01-Phong khach","caption":"Khu nh\\u00e0 TT01-Ph\\u00f2ng kh\\u00e1ch"},{"pan":"88.92","tilt":"-36.18","from":"TT01-Phong khach","to":"mat truoc 1","caption":"Qu\\u1ea3ng tr\\u01b0\\u1eddng trung t\\u00e2m"},{"pan":"-73.04","tilt":"-22.31","from":"TT01-Phong khach","to":"TT01-Bep","caption":"Khu nh\\u00e0 TT01-B\\u1ebfp"},{"pan":"67.21","tilt":"-21.69","from":"TT01-Bep","to":"TT01-Phong khach","caption":"Khu nh\\u00e0 TT01-Ph\\u00f2ng kh\\u00e1ch"},{"pan":"-91.65","tilt":"-6.56","from":"mat truoc 3","to":"khu de xe","caption":"Khu \\u0111\\u1ec3 xe"},{"pan":"3.68","tilt":"-19.22","from":"khu de xe","to":"mat truoc 3","caption":"L\\u1ed1i v\\u00e0o d\\u1ef1 \\u00e1n"},{"pan":"-180","tilt":"-16.23","from":"khu de xe","to":"Sanh thang may","caption":"S\\u1ea3nh thang m\\u00e1y"},{"pan":"154.87","tilt":"-27.79","from":"Sanh thang may","to":"Be boi ngoai troi","caption":"B\\u1ec3 b\\u01a1i ngo\\u00e0i tr\\u1eddi"},{"pan":"-146.95","tilt":"-30.60","from":"Sanh thang may","to":"D1-phong khach","caption":"C\\u0103n h\\u1ed9 D1-Ph\\u00f2ng kh\\u00e1ch"},{"pan":"34.83","tilt":"-25.04","from":"Sanh thang may","to":"khu de xe","caption":"Khu \\u0111\\u1ec3 xe"},{"pan":"-23.65","tilt":"-30.92","from":"Sanh thang may","to":"Benh vien","caption":"B\\u1ec7nh vi\\u1ec7n qu\\u1ed1c t\\u1ebf"},{"pan":"-0.10","tilt":"-23.96","from":"Sanh thang may","to":"Sanh Tiep tan","caption":"S\\u1ea3nh ti\\u1ebfp t\\u00e2n"},{"pan":"3.29","tilt":"-13.28","from":"D1-phong khach","to":"D1-phongan","caption":"D1-Ph\\u00f2ng \\u0103n"},{"pan":"116.90","tilt":"-6.76","from":"Be boi ngoai troi","to":"Sanh thang may","caption":"S\\u1ea3nh thang m\\u00e1y"},{"pan":"-119.08","tilt":"-4.41","from":"Be boi ngoai troi","to":"Spa","caption":"Spa"},{"pan":"128.22","tilt":"-42.12","from":"Spa","to":"gym","caption":"Ph\\u00f2ng t\\u1eadp Gym"},{"pan":"-22.00","tilt":"-14.63","from":"gym","to":"Spa","caption":"Spa"},{"pan":"-108.52","tilt":"-16.71","from":"Benh vien","to":"Sanh thang may","caption":"S\\u1ea3nh thang m\\u00e1y"},{"pan":"-58.11","tilt":"-18.74","from":"Sanh Tiep tan","to":"Sanh thang may","caption":"S\\u1ea3nh thang m\\u00e1y"},{"pan":"-65.66","tilt":"-16.69","from":"Sanh Tiep tan","to":"Sanh Dich vu","caption":"S\\u1ea3nh d\\u1ecbch v\\u1ee5"},{"pan":"-142.26","tilt":"-19.41","from":"Sanh Tiep tan","to":"nha tre - ben ngoai","caption":"Nh\\u00e0 tr\\u1ebb"},{"pan":"-103.86","tilt":"16.47","from":"TT01-Phong khach","to":"TT01-phong ngu 1","caption":"Ph\\u00f2ng ng\\u1ee7"},{"pan":"119.59","tilt":"-26","from":"TT01-phong ngu 1","to":"TT01-Phong khach","caption":"Ph\\u00f2ng kh\\u00e1ch"},{"pan":"108.67","tilt":"-27.66","from":"TT01-phong ngu 1","to":"TT01-phong ngu 2","caption":"Ph\\u00f2ng ng\\u1ee7 2"},{"pan":"90.02","tilt":"-22.19","from":"TT01-phong ngu 2","to":"TT01-Phong khach","caption":"Ph\\u00f2ng kh\\u00e1ch"},{"pan":"100.00","tilt":"-22.19","from":"TT01-phong ngu 2","to":"TT01-phong ngu 1","caption":"Ph\\u00f2ng ng\\u1ee7 1"},{"pan":"110.00","tilt":"-22.19","from":"TT01-phong ngu 2","to":"TT01-WC","caption":"WC"},{"pan":"-138.71","tilt":"-25.74","from":"TT01-WC","to":"TT01-phong ngu 2","caption":"Ph\\u00f2ng ng\\u1ee7 2"},{"pan":"-178.87","tilt":"-5.44","from":"Sanh Dich vu","to":"Sanh Tiep tan","caption":"S\\u1ea3nh l\\u1ec5 t\\u00e2n"},{"pan":"-151.64","tilt":"-5.44","from":"Sanh Dich vu","to":"Cafe","caption":"Qu\\u00e1n cafe"},{"pan":"-140","tilt":"-5.44","from":"Sanh Dich vu","to":"nha hang","caption":"Nh\\u00e0 h\\u00e0ng"},{"pan":"2.62","tilt":"-14.90","from":"nha hang","to":"Sanh Dich vu","caption":"S\\u1ea3nh d\\u1ecbch v\\u1ee5"},{"pan":"45.28","tilt":"-11.67","from":"nha tre - ben ngoai","to":"nha tre - noi that","caption":"Nh\\u00e0 tr\\u1ebb - b\\u00ean trong"},{"pan":"-26.74","tilt":"-9.65","from":"nha tre - noi that","to":"nha tre - ben ngoai","caption":"Nh\\u00e0 tr\\u1ebb - b\\u00ean ngo\\u00e0i"}]', 'nha tre - ben ngoai'),
(44, 1434963963, 'mat_truoc', 'Nội thất nhà trẻ', 16, '/upload/images/panoramas/nhatre_inside.jpg', '', 'panorama', NULL, NULL, '[{"pan":"13.80","tilt":"-12.19","from":"mat truoc 1","to":"Sanh Dich vu","caption":"S\\u1ea3nh d\\u1ecbch v\\u1ee5"},{"pan":"-79.94","tilt":"-9.27","from":"mat truoc 1","to":"mat truoc 2","caption":"Khu TM ngo\\u00e0i tr\\u1eddi"},{"pan":"96.53","tilt":"-9.13","from":"mat truoc 1","to":"nha tre - ben ngoai","caption":"Ph\\u00eda tr\\u01b0\\u1edbc nh\\u00e0 tr\\u1ebb"},{"pan":"-0.11","tilt":"-7.49","from":"Sanh Dich vu","to":"mat truoc 1","caption":"Qu\\u1ea3ng tr\\u01b0\\u1eddng trung t\\u00e2m"},{"pan":"-33.95","tilt":"-16.74","from":"Sanh Dich vu","to":"Cua hang lua","caption":"C\\u1eeda h\\u00e0ng l\\u1ee5a"},{"pan":"38.61","tilt":"-16.53","from":"Sanh Dich vu","to":"Sieu thi","caption":"Si\\u00eau th\\u1ecb"},{"pan":"94.15","tilt":"-10.58","from":"Sieu thi","to":"Sanh Dich vu","caption":"S\\u1ea3nh d\\u1ecbch v\\u1ee5"},{"pan":"18.52","tilt":"-24.85","from":"Cua hang lua","to":"Sanh Dich vu","caption":"S\\u1ea3nh d\\u1ecbch v\\u1ee5"},{"pan":"-157.90","tilt":"-14.69","from":"nha tre - ben ngoai","to":"mat truoc 1","caption":"Qu\\u1ea3ng tr\\u01b0\\u1eddng trung t\\u00e2m"},{"pan":"18.16","tilt":"-16.53","from":"mat truoc 2","to":"Cafe","caption":"Khu cafe"},{"pan":"88.09","tilt":"-8.93","from":"mat truoc 2","to":"mat truoc 1","caption":"Qu\\u1ea3ng tr\\u01b0\\u1eddng trung t\\u00e2m"},{"pan":"-88.12","tilt":"-8.39","from":"mat truoc 2","to":"mat truoc 3","caption":"L\\u1ed1i v\\u00e0o d\\u1ef1 \\u00e1n"},{"pan":"46.00","tilt":"-10.94","from":"mat truoc 3","to":"mat truoc 2","caption":"Khu TM ngo\\u00e0i tr\\u1eddi"},{"pan":"-8.95","tilt":"-21.40","from":"Cafe","to":"mat truoc 2","caption":"Khu TM ngo\\u00e0i tr\\u1eddi"},{"pan":"-174.21","tilt":"-4.56","from":"mat truoc 1","to":"TT01-Phong khach","caption":"Khu nh\\u00e0 TT01-Ph\\u00f2ng kh\\u00e1ch"},{"pan":"88.92","tilt":"-36.18","from":"TT01-Phong khach","to":"mat truoc 1","caption":"Qu\\u1ea3ng tr\\u01b0\\u1eddng trung t\\u00e2m"},{"pan":"-73.04","tilt":"-22.31","from":"TT01-Phong khach","to":"TT01-Bep","caption":"Khu nh\\u00e0 TT01-B\\u1ebfp"},{"pan":"67.21","tilt":"-21.69","from":"TT01-Bep","to":"TT01-Phong khach","caption":"Khu nh\\u00e0 TT01-Ph\\u00f2ng kh\\u00e1ch"},{"pan":"-91.65","tilt":"-6.56","from":"mat truoc 3","to":"khu de xe","caption":"Khu \\u0111\\u1ec3 xe"},{"pan":"3.68","tilt":"-19.22","from":"khu de xe","to":"mat truoc 3","caption":"L\\u1ed1i v\\u00e0o d\\u1ef1 \\u00e1n"},{"pan":"-180","tilt":"-16.23","from":"khu de xe","to":"Sanh thang may","caption":"S\\u1ea3nh thang m\\u00e1y"},{"pan":"154.87","tilt":"-27.79","from":"Sanh thang may","to":"Be boi ngoai troi","caption":"B\\u1ec3 b\\u01a1i ngo\\u00e0i tr\\u1eddi"},{"pan":"-146.95","tilt":"-30.60","from":"Sanh thang may","to":"D1-phong khach","caption":"C\\u0103n h\\u1ed9 D1-Ph\\u00f2ng kh\\u00e1ch"},{"pan":"34.83","tilt":"-25.04","from":"Sanh thang may","to":"khu de xe","caption":"Khu \\u0111\\u1ec3 xe"},{"pan":"-23.65","tilt":"-30.92","from":"Sanh thang may","to":"Benh vien","caption":"B\\u1ec7nh vi\\u1ec7n qu\\u1ed1c t\\u1ebf"},{"pan":"-0.10","tilt":"-23.96","from":"Sanh thang may","to":"Sanh Tiep tan","caption":"S\\u1ea3nh ti\\u1ebfp t\\u00e2n"},{"pan":"3.29","tilt":"-13.28","from":"D1-phong khach","to":"D1-phongan","caption":"D1-Ph\\u00f2ng \\u0103n"},{"pan":"116.90","tilt":"-6.76","from":"Be boi ngoai troi","to":"Sanh thang may","caption":"S\\u1ea3nh thang m\\u00e1y"},{"pan":"-119.08","tilt":"-4.41","from":"Be boi ngoai troi","to":"Spa","caption":"Spa"},{"pan":"128.22","tilt":"-42.12","from":"Spa","to":"gym","caption":"Ph\\u00f2ng t\\u1eadp Gym"},{"pan":"-22.00","tilt":"-14.63","from":"gym","to":"Spa","caption":"Spa"},{"pan":"-108.52","tilt":"-16.71","from":"Benh vien","to":"Sanh thang may","caption":"S\\u1ea3nh thang m\\u00e1y"},{"pan":"-58.11","tilt":"-18.74","from":"Sanh Tiep tan","to":"Sanh thang may","caption":"S\\u1ea3nh thang m\\u00e1y"},{"pan":"-65.66","tilt":"-16.69","from":"Sanh Tiep tan","to":"Sanh Dich vu","caption":"S\\u1ea3nh d\\u1ecbch v\\u1ee5"},{"pan":"-142.26","tilt":"-19.41","from":"Sanh Tiep tan","to":"nha tre - ben ngoai","caption":"Nh\\u00e0 tr\\u1ebb"},{"pan":"-103.86","tilt":"16.47","from":"TT01-Phong khach","to":"TT01-phong ngu 1","caption":"Ph\\u00f2ng ng\\u1ee7"},{"pan":"119.59","tilt":"-26","from":"TT01-phong ngu 1","to":"TT01-Phong khach","caption":"Ph\\u00f2ng kh\\u00e1ch"},{"pan":"108.67","tilt":"-27.66","from":"TT01-phong ngu 1","to":"TT01-phong ngu 2","caption":"Ph\\u00f2ng ng\\u1ee7 2"},{"pan":"90.02","tilt":"-22.19","from":"TT01-phong ngu 2","to":"TT01-Phong khach","caption":"Ph\\u00f2ng kh\\u00e1ch"},{"pan":"100.00","tilt":"-22.19","from":"TT01-phong ngu 2","to":"TT01-phong ngu 1","caption":"Ph\\u00f2ng ng\\u1ee7 1"},{"pan":"110.00","tilt":"-22.19","from":"TT01-phong ngu 2","to":"TT01-WC","caption":"WC"},{"pan":"-138.71","tilt":"-25.74","from":"TT01-WC","to":"TT01-phong ngu 2","caption":"Ph\\u00f2ng ng\\u1ee7 2"},{"pan":"-178.87","tilt":"-5.44","from":"Sanh Dich vu","to":"Sanh Tiep tan","caption":"S\\u1ea3nh l\\u1ec5 t\\u00e2n"},{"pan":"-151.64","tilt":"-5.44","from":"Sanh Dich vu","to":"Cafe","caption":"Qu\\u00e1n cafe"},{"pan":"-140","tilt":"-5.44","from":"Sanh Dich vu","to":"nha hang","caption":"Nh\\u00e0 h\\u00e0ng"},{"pan":"2.62","tilt":"-14.90","from":"nha hang","to":"Sanh Dich vu","caption":"S\\u1ea3nh d\\u1ecbch v\\u1ee5"}]', 'nha tre - noi that'),
(45, 1434963963, 'mat_truoc', 'Sảnh dịch vụ', 16, '/upload/images/panoramas/sanhdv.jpg', '', 'panorama', NULL, NULL, '[{"pan":"13.80","tilt":"-12.19","from":"mat truoc 1","to":"Sanh Dich vu","caption":"S\\u1ea3nh d\\u1ecbch v\\u1ee5"},{"pan":"-79.94","tilt":"-9.27","from":"mat truoc 1","to":"mat truoc 2","caption":"Khu TM ngo\\u00e0i tr\\u1eddi"},{"pan":"96.53","tilt":"-9.13","from":"mat truoc 1","to":"nha tre - ben ngoai","caption":"Ph\\u00eda tr\\u01b0\\u1edbc nh\\u00e0 tr\\u1ebb"},{"pan":"-0.11","tilt":"-7.49","from":"Sanh Dich vu","to":"mat truoc 1","caption":"Qu\\u1ea3ng tr\\u01b0\\u1eddng trung t\\u00e2m"},{"pan":"-33.95","tilt":"-16.74","from":"Sanh Dich vu","to":"Cua hang lua","caption":"C\\u1eeda h\\u00e0ng l\\u1ee5a"},{"pan":"38.61","tilt":"-16.53","from":"Sanh Dich vu","to":"Sieu thi","caption":"Si\\u00eau th\\u1ecb"},{"pan":"94.15","tilt":"-10.58","from":"Sieu thi","to":"Sanh Dich vu","caption":"S\\u1ea3nh d\\u1ecbch v\\u1ee5"},{"pan":"18.52","tilt":"-24.85","from":"Cua hang lua","to":"Sanh Dich vu","caption":"S\\u1ea3nh d\\u1ecbch v\\u1ee5"},{"pan":"-157.90","tilt":"-14.69","from":"nha tre - ben ngoai","to":"mat truoc 1","caption":"Qu\\u1ea3ng tr\\u01b0\\u1eddng trung t\\u00e2m"},{"pan":"18.16","tilt":"-16.53","from":"mat truoc 2","to":"Cafe","caption":"Khu cafe"},{"pan":"88.09","tilt":"-8.93","from":"mat truoc 2","to":"mat truoc 1","caption":"Qu\\u1ea3ng tr\\u01b0\\u1eddng trung t\\u00e2m"},{"pan":"-88.12","tilt":"-8.39","from":"mat truoc 2","to":"mat truoc 3","caption":"L\\u1ed1i v\\u00e0o d\\u1ef1 \\u00e1n"},{"pan":"46.00","tilt":"-10.94","from":"mat truoc 3","to":"mat truoc 2","caption":"Khu TM ngo\\u00e0i tr\\u1eddi"},{"pan":"-8.95","tilt":"-21.40","from":"Cafe","to":"mat truoc 2","caption":"Khu TM ngo\\u00e0i tr\\u1eddi"},{"pan":"-174.21","tilt":"-4.56","from":"mat truoc 1","to":"TT01-Phong khach","caption":"Khu nh\\u00e0 TT01-Ph\\u00f2ng kh\\u00e1ch"},{"pan":"88.92","tilt":"-36.18","from":"TT01-Phong khach","to":"mat truoc 1","caption":"Qu\\u1ea3ng tr\\u01b0\\u1eddng trung t\\u00e2m"},{"pan":"-73.04","tilt":"-22.31","from":"TT01-Phong khach","to":"TT01-Bep","caption":"Khu nh\\u00e0 TT01-B\\u1ebfp"},{"pan":"67.21","tilt":"-21.69","from":"TT01-Bep","to":"TT01-Phong khach","caption":"Khu nh\\u00e0 TT01-Ph\\u00f2ng kh\\u00e1ch"},{"pan":"-91.65","tilt":"-6.56","from":"mat truoc 3","to":"khu de xe","caption":"Khu \\u0111\\u1ec3 xe"},{"pan":"3.68","tilt":"-19.22","from":"khu de xe","to":"mat truoc 3","caption":"L\\u1ed1i v\\u00e0o d\\u1ef1 \\u00e1n"},{"pan":"-180","tilt":"-16.23","from":"khu de xe","to":"Sanh thang may","caption":"S\\u1ea3nh thang m\\u00e1y"},{"pan":"154.87","tilt":"-27.79","from":"Sanh thang may","to":"Be boi ngoai troi","caption":"B\\u1ec3 b\\u01a1i ngo\\u00e0i tr\\u1eddi"},{"pan":"-146.95","tilt":"-30.60","from":"Sanh thang may","to":"D1-phong khach","caption":"C\\u0103n h\\u1ed9 D1-Ph\\u00f2ng kh\\u00e1ch"},{"pan":"34.83","tilt":"-25.04","from":"Sanh thang may","to":"khu de xe","caption":"Khu \\u0111\\u1ec3 xe"},{"pan":"-23.65","tilt":"-30.92","from":"Sanh thang may","to":"Benh vien","caption":"B\\u1ec7nh vi\\u1ec7n qu\\u1ed1c t\\u1ebf"},{"pan":"-0.10","tilt":"-23.96","from":"Sanh thang may","to":"Sanh Tiep tan","caption":"S\\u1ea3nh ti\\u1ebfp t\\u00e2n"},{"pan":"3.29","tilt":"-13.28","from":"D1-phong khach","to":"D1-phongan","caption":"D1-Ph\\u00f2ng \\u0103n"},{"pan":"116.90","tilt":"-6.76","from":"Be boi ngoai troi","to":"Sanh thang may","caption":"S\\u1ea3nh thang m\\u00e1y"},{"pan":"-119.08","tilt":"-4.41","from":"Be boi ngoai troi","to":"Spa","caption":"Spa"},{"pan":"128.22","tilt":"-42.12","from":"Spa","to":"gym","caption":"Ph\\u00f2ng t\\u1eadp Gym"},{"pan":"-22.00","tilt":"-14.63","from":"gym","to":"Spa","caption":"Spa"},{"pan":"-108.52","tilt":"-16.71","from":"Benh vien","to":"Sanh thang may","caption":"S\\u1ea3nh thang m\\u00e1y"},{"pan":"-58.11","tilt":"-18.74","from":"Sanh Tiep tan","to":"Sanh thang may","caption":"S\\u1ea3nh thang m\\u00e1y"},{"pan":"-65.66","tilt":"-16.69","from":"Sanh Tiep tan","to":"Sanh Dich vu","caption":"S\\u1ea3nh d\\u1ecbch v\\u1ee5"},{"pan":"-142.26","tilt":"-19.41","from":"Sanh Tiep tan","to":"nha tre - ben ngoai","caption":"Nh\\u00e0 tr\\u1ebb"},{"pan":"-103.86","tilt":"16.47","from":"TT01-Phong khach","to":"TT01-phong ngu 1","caption":"Ph\\u00f2ng ng\\u1ee7"},{"pan":"119.59","tilt":"-26","from":"TT01-phong ngu 1","to":"TT01-Phong khach","caption":"Ph\\u00f2ng kh\\u00e1ch"},{"pan":"108.67","tilt":"-27.66","from":"TT01-phong ngu 1","to":"TT01-phong ngu 2","caption":"Ph\\u00f2ng ng\\u1ee7 2"},{"pan":"90.02","tilt":"-22.19","from":"TT01-phong ngu 2","to":"TT01-Phong khach","caption":"Ph\\u00f2ng kh\\u00e1ch"},{"pan":"100.00","tilt":"-22.19","from":"TT01-phong ngu 2","to":"TT01-phong ngu 1","caption":"Ph\\u00f2ng ng\\u1ee7 1"},{"pan":"110.00","tilt":"-22.19","from":"TT01-phong ngu 2","to":"TT01-WC","caption":"WC"},{"pan":"-138.71","tilt":"-25.74","from":"TT01-WC","to":"TT01-phong ngu 2","caption":"Ph\\u00f2ng ng\\u1ee7 2"},{"pan":"-178.87","tilt":"-5.44","from":"Sanh Dich vu","to":"Sanh Tiep tan","caption":"S\\u1ea3nh l\\u1ec5 t\\u00e2n"},{"pan":"-151.64","tilt":"-5.44","from":"Sanh Dich vu","to":"Cafe","caption":"Qu\\u00e1n cafe"},{"pan":"-140","tilt":"-5.44","from":"Sanh Dich vu","to":"nha hang","caption":"Nh\\u00e0 h\\u00e0ng"},{"pan":"2.62","tilt":"-14.90","from":"nha hang","to":"Sanh Dich vu","caption":"S\\u1ea3nh d\\u1ecbch v\\u1ee5"}]', 'Sanh Dich vu'),
(46, 1434963963, 'mat_truoc', 'Sảnh thang máy', 16, '/upload/images/panoramas/thangmay.jpg', '', 'panorama', NULL, NULL, '[{"pan":"13.80","tilt":"-12.19","from":"mat truoc 1","to":"Sanh Dich vu","caption":"S\\u1ea3nh d\\u1ecbch v\\u1ee5"},{"pan":"-79.94","tilt":"-9.27","from":"mat truoc 1","to":"mat truoc 2","caption":"Khu TM ngo\\u00e0i tr\\u1eddi"},{"pan":"96.53","tilt":"-9.13","from":"mat truoc 1","to":"nha tre - ben ngoai","caption":"Ph\\u00eda tr\\u01b0\\u1edbc nh\\u00e0 tr\\u1ebb"},{"pan":"-0.11","tilt":"-7.49","from":"Sanh Dich vu","to":"mat truoc 1","caption":"Qu\\u1ea3ng tr\\u01b0\\u1eddng trung t\\u00e2m"},{"pan":"-33.95","tilt":"-16.74","from":"Sanh Dich vu","to":"Cua hang lua","caption":"C\\u1eeda h\\u00e0ng l\\u1ee5a"},{"pan":"38.61","tilt":"-16.53","from":"Sanh Dich vu","to":"Sieu thi","caption":"Si\\u00eau th\\u1ecb"},{"pan":"94.15","tilt":"-10.58","from":"Sieu thi","to":"Sanh Dich vu","caption":"S\\u1ea3nh d\\u1ecbch v\\u1ee5"},{"pan":"18.52","tilt":"-24.85","from":"Cua hang lua","to":"Sanh Dich vu","caption":"S\\u1ea3nh d\\u1ecbch v\\u1ee5"},{"pan":"-157.90","tilt":"-14.69","from":"nha tre - ben ngoai","to":"mat truoc 1","caption":"Qu\\u1ea3ng tr\\u01b0\\u1eddng trung t\\u00e2m"},{"pan":"18.16","tilt":"-16.53","from":"mat truoc 2","to":"Cafe","caption":"Khu cafe"},{"pan":"88.09","tilt":"-8.93","from":"mat truoc 2","to":"mat truoc 1","caption":"Qu\\u1ea3ng tr\\u01b0\\u1eddng trung t\\u00e2m"},{"pan":"-88.12","tilt":"-8.39","from":"mat truoc 2","to":"mat truoc 3","caption":"L\\u1ed1i v\\u00e0o d\\u1ef1 \\u00e1n"},{"pan":"46.00","tilt":"-10.94","from":"mat truoc 3","to":"mat truoc 2","caption":"Khu TM ngo\\u00e0i tr\\u1eddi"},{"pan":"-8.95","tilt":"-21.40","from":"Cafe","to":"mat truoc 2","caption":"Khu TM ngo\\u00e0i tr\\u1eddi"},{"pan":"-174.21","tilt":"-4.56","from":"mat truoc 1","to":"TT01-Phong khach","caption":"Khu nh\\u00e0 TT01-Ph\\u00f2ng kh\\u00e1ch"},{"pan":"88.92","tilt":"-36.18","from":"TT01-Phong khach","to":"mat truoc 1","caption":"Qu\\u1ea3ng tr\\u01b0\\u1eddng trung t\\u00e2m"},{"pan":"-73.04","tilt":"-22.31","from":"TT01-Phong khach","to":"TT01-Bep","caption":"Khu nh\\u00e0 TT01-B\\u1ebfp"},{"pan":"67.21","tilt":"-21.69","from":"TT01-Bep","to":"TT01-Phong khach","caption":"Khu nh\\u00e0 TT01-Ph\\u00f2ng kh\\u00e1ch"},{"pan":"-91.65","tilt":"-6.56","from":"mat truoc 3","to":"khu de xe","caption":"Khu \\u0111\\u1ec3 xe"},{"pan":"3.68","tilt":"-19.22","from":"khu de xe","to":"mat truoc 3","caption":"L\\u1ed1i v\\u00e0o d\\u1ef1 \\u00e1n"},{"pan":"-180","tilt":"-16.23","from":"khu de xe","to":"Sanh thang may","caption":"S\\u1ea3nh thang m\\u00e1y"},{"pan":"154.87","tilt":"-27.79","from":"Sanh thang may","to":"Be boi ngoai troi","caption":"B\\u1ec3 b\\u01a1i ngo\\u00e0i tr\\u1eddi"},{"pan":"-146.95","tilt":"-30.60","from":"Sanh thang may","to":"D1-phong khach","caption":"C\\u0103n h\\u1ed9 D1-Ph\\u00f2ng kh\\u00e1ch"},{"pan":"34.83","tilt":"-25.04","from":"Sanh thang may","to":"khu de xe","caption":"Khu \\u0111\\u1ec3 xe"},{"pan":"-23.65","tilt":"-30.92","from":"Sanh thang may","to":"Benh vien","caption":"B\\u1ec7nh vi\\u1ec7n qu\\u1ed1c t\\u1ebf"},{"pan":"-0.10","tilt":"-23.96","from":"Sanh thang may","to":"Sanh Tiep tan","caption":"S\\u1ea3nh ti\\u1ebfp t\\u00e2n"},{"pan":"3.29","tilt":"-13.28","from":"D1-phong khach","to":"D1-phongan","caption":"D1-Ph\\u00f2ng \\u0103n"},{"pan":"116.90","tilt":"-6.76","from":"Be boi ngoai troi","to":"Sanh thang may","caption":"S\\u1ea3nh thang m\\u00e1y"},{"pan":"-119.08","tilt":"-4.41","from":"Be boi ngoai troi","to":"Spa","caption":"Spa"},{"pan":"128.22","tilt":"-42.12","from":"Spa","to":"gym","caption":"Ph\\u00f2ng t\\u1eadp Gym"},{"pan":"-22.00","tilt":"-14.63","from":"gym","to":"Spa","caption":"Spa"},{"pan":"-108.52","tilt":"-16.71","from":"Benh vien","to":"Sanh thang may","caption":"S\\u1ea3nh thang m\\u00e1y"},{"pan":"-58.11","tilt":"-18.74","from":"Sanh Tiep tan","to":"Sanh thang may","caption":"S\\u1ea3nh thang m\\u00e1y"},{"pan":"-65.66","tilt":"-16.69","from":"Sanh Tiep tan","to":"Sanh Dich vu","caption":"S\\u1ea3nh d\\u1ecbch v\\u1ee5"},{"pan":"-142.26","tilt":"-19.41","from":"Sanh Tiep tan","to":"nha tre - ben ngoai","caption":"Nh\\u00e0 tr\\u1ebb"},{"pan":"-103.86","tilt":"16.47","from":"TT01-Phong khach","to":"TT01-phong ngu 1","caption":"Ph\\u00f2ng ng\\u1ee7"},{"pan":"119.59","tilt":"-26","from":"TT01-phong ngu 1","to":"TT01-Phong khach","caption":"Ph\\u00f2ng kh\\u00e1ch"},{"pan":"108.67","tilt":"-27.66","from":"TT01-phong ngu 1","to":"TT01-phong ngu 2","caption":"Ph\\u00f2ng ng\\u1ee7 2"},{"pan":"90.02","tilt":"-22.19","from":"TT01-phong ngu 2","to":"TT01-Phong khach","caption":"Ph\\u00f2ng kh\\u00e1ch"},{"pan":"100.00","tilt":"-22.19","from":"TT01-phong ngu 2","to":"TT01-phong ngu 1","caption":"Ph\\u00f2ng ng\\u1ee7 1"},{"pan":"110.00","tilt":"-22.19","from":"TT01-phong ngu 2","to":"TT01-WC","caption":"WC"},{"pan":"-138.71","tilt":"-25.74","from":"TT01-WC","to":"TT01-phong ngu 2","caption":"Ph\\u00f2ng ng\\u1ee7 2"},{"pan":"-178.87","tilt":"-5.44","from":"Sanh Dich vu","to":"Sanh Tiep tan","caption":"S\\u1ea3nh l\\u1ec5 t\\u00e2n"},{"pan":"-151.64","tilt":"-5.44","from":"Sanh Dich vu","to":"Cafe","caption":"Qu\\u00e1n cafe"},{"pan":"-140","tilt":"-5.44","from":"Sanh Dich vu","to":"nha hang","caption":"Nh\\u00e0 h\\u00e0ng"},{"pan":"2.62","tilt":"-14.90","from":"nha hang","to":"Sanh Dich vu","caption":"S\\u1ea3nh d\\u1ecbch v\\u1ee5"}]', 'Sanh thang may'),
(47, 1434963963, 'mat_truoc', 'Sảnh lễ tân', 16, '/upload/images/panoramas/letan.jpg', '', 'panorama', NULL, NULL, '[{"pan":"13.80","tilt":"-12.19","from":"mat truoc 1","to":"Sanh Dich vu","caption":"S\\u1ea3nh d\\u1ecbch v\\u1ee5"},{"pan":"-79.94","tilt":"-9.27","from":"mat truoc 1","to":"mat truoc 2","caption":"Khu TM ngo\\u00e0i tr\\u1eddi"},{"pan":"96.53","tilt":"-9.13","from":"mat truoc 1","to":"nha tre - ben ngoai","caption":"Ph\\u00eda tr\\u01b0\\u1edbc nh\\u00e0 tr\\u1ebb"},{"pan":"-0.11","tilt":"-7.49","from":"Sanh Dich vu","to":"mat truoc 1","caption":"Qu\\u1ea3ng tr\\u01b0\\u1eddng trung t\\u00e2m"},{"pan":"-33.95","tilt":"-16.74","from":"Sanh Dich vu","to":"Cua hang lua","caption":"C\\u1eeda h\\u00e0ng l\\u1ee5a"},{"pan":"38.61","tilt":"-16.53","from":"Sanh Dich vu","to":"Sieu thi","caption":"Si\\u00eau th\\u1ecb"},{"pan":"94.15","tilt":"-10.58","from":"Sieu thi","to":"Sanh Dich vu","caption":"S\\u1ea3nh d\\u1ecbch v\\u1ee5"},{"pan":"18.52","tilt":"-24.85","from":"Cua hang lua","to":"Sanh Dich vu","caption":"S\\u1ea3nh d\\u1ecbch v\\u1ee5"},{"pan":"-157.90","tilt":"-14.69","from":"nha tre - ben ngoai","to":"mat truoc 1","caption":"Qu\\u1ea3ng tr\\u01b0\\u1eddng trung t\\u00e2m"},{"pan":"18.16","tilt":"-16.53","from":"mat truoc 2","to":"Cafe","caption":"Khu cafe"},{"pan":"88.09","tilt":"-8.93","from":"mat truoc 2","to":"mat truoc 1","caption":"Qu\\u1ea3ng tr\\u01b0\\u1eddng trung t\\u00e2m"},{"pan":"-88.12","tilt":"-8.39","from":"mat truoc 2","to":"mat truoc 3","caption":"L\\u1ed1i v\\u00e0o d\\u1ef1 \\u00e1n"},{"pan":"46.00","tilt":"-10.94","from":"mat truoc 3","to":"mat truoc 2","caption":"Khu TM ngo\\u00e0i tr\\u1eddi"},{"pan":"-8.95","tilt":"-21.40","from":"Cafe","to":"mat truoc 2","caption":"Khu TM ngo\\u00e0i tr\\u1eddi"},{"pan":"-174.21","tilt":"-4.56","from":"mat truoc 1","to":"TT01-Phong khach","caption":"Khu nh\\u00e0 TT01-Ph\\u00f2ng kh\\u00e1ch"},{"pan":"88.92","tilt":"-36.18","from":"TT01-Phong khach","to":"mat truoc 1","caption":"Qu\\u1ea3ng tr\\u01b0\\u1eddng trung t\\u00e2m"},{"pan":"-73.04","tilt":"-22.31","from":"TT01-Phong khach","to":"TT01-Bep","caption":"Khu nh\\u00e0 TT01-B\\u1ebfp"},{"pan":"67.21","tilt":"-21.69","from":"TT01-Bep","to":"TT01-Phong khach","caption":"Khu nh\\u00e0 TT01-Ph\\u00f2ng kh\\u00e1ch"},{"pan":"-91.65","tilt":"-6.56","from":"mat truoc 3","to":"khu de xe","caption":"Khu \\u0111\\u1ec3 xe"},{"pan":"3.68","tilt":"-19.22","from":"khu de xe","to":"mat truoc 3","caption":"L\\u1ed1i v\\u00e0o d\\u1ef1 \\u00e1n"},{"pan":"-180","tilt":"-16.23","from":"khu de xe","to":"Sanh thang may","caption":"S\\u1ea3nh thang m\\u00e1y"},{"pan":"154.87","tilt":"-27.79","from":"Sanh thang may","to":"Be boi ngoai troi","caption":"B\\u1ec3 b\\u01a1i ngo\\u00e0i tr\\u1eddi"},{"pan":"-146.95","tilt":"-30.60","from":"Sanh thang may","to":"D1-phong khach","caption":"C\\u0103n h\\u1ed9 D1-Ph\\u00f2ng kh\\u00e1ch"},{"pan":"34.83","tilt":"-25.04","from":"Sanh thang may","to":"khu de xe","caption":"Khu \\u0111\\u1ec3 xe"},{"pan":"-23.65","tilt":"-30.92","from":"Sanh thang may","to":"Benh vien","caption":"B\\u1ec7nh vi\\u1ec7n qu\\u1ed1c t\\u1ebf"},{"pan":"-0.10","tilt":"-23.96","from":"Sanh thang may","to":"Sanh Tiep tan","caption":"S\\u1ea3nh ti\\u1ebfp t\\u00e2n"},{"pan":"3.29","tilt":"-13.28","from":"D1-phong khach","to":"D1-phongan","caption":"D1-Ph\\u00f2ng \\u0103n"},{"pan":"116.90","tilt":"-6.76","from":"Be boi ngoai troi","to":"Sanh thang may","caption":"S\\u1ea3nh thang m\\u00e1y"},{"pan":"-119.08","tilt":"-4.41","from":"Be boi ngoai troi","to":"Spa","caption":"Spa"},{"pan":"128.22","tilt":"-42.12","from":"Spa","to":"gym","caption":"Ph\\u00f2ng t\\u1eadp Gym"},{"pan":"-22.00","tilt":"-14.63","from":"gym","to":"Spa","caption":"Spa"},{"pan":"-108.52","tilt":"-16.71","from":"Benh vien","to":"Sanh thang may","caption":"S\\u1ea3nh thang m\\u00e1y"},{"pan":"-58.11","tilt":"-18.74","from":"Sanh Tiep tan","to":"Sanh thang may","caption":"S\\u1ea3nh thang m\\u00e1y"},{"pan":"-65.66","tilt":"-16.69","from":"Sanh Tiep tan","to":"Sanh Dich vu","caption":"S\\u1ea3nh d\\u1ecbch v\\u1ee5"},{"pan":"-142.26","tilt":"-19.41","from":"Sanh Tiep tan","to":"nha tre - ben ngoai","caption":"Nh\\u00e0 tr\\u1ebb"},{"pan":"-103.86","tilt":"16.47","from":"TT01-Phong khach","to":"TT01-phong ngu 1","caption":"Ph\\u00f2ng ng\\u1ee7"},{"pan":"119.59","tilt":"-26","from":"TT01-phong ngu 1","to":"TT01-Phong khach","caption":"Ph\\u00f2ng kh\\u00e1ch"},{"pan":"108.67","tilt":"-27.66","from":"TT01-phong ngu 1","to":"TT01-phong ngu 2","caption":"Ph\\u00f2ng ng\\u1ee7 2"},{"pan":"90.02","tilt":"-22.19","from":"TT01-phong ngu 2","to":"TT01-Phong khach","caption":"Ph\\u00f2ng kh\\u00e1ch"},{"pan":"100.00","tilt":"-22.19","from":"TT01-phong ngu 2","to":"TT01-phong ngu 1","caption":"Ph\\u00f2ng ng\\u1ee7 1"},{"pan":"110.00","tilt":"-22.19","from":"TT01-phong ngu 2","to":"TT01-WC","caption":"WC"},{"pan":"-138.71","tilt":"-25.74","from":"TT01-WC","to":"TT01-phong ngu 2","caption":"Ph\\u00f2ng ng\\u1ee7 2"},{"pan":"-178.87","tilt":"-5.44","from":"Sanh Dich vu","to":"Sanh Tiep tan","caption":"S\\u1ea3nh l\\u1ec5 t\\u00e2n"},{"pan":"-151.64","tilt":"-5.44","from":"Sanh Dich vu","to":"Cafe","caption":"Qu\\u00e1n cafe"},{"pan":"-140","tilt":"-5.44","from":"Sanh Dich vu","to":"nha hang","caption":"Nh\\u00e0 h\\u00e0ng"},{"pan":"2.62","tilt":"-14.90","from":"nha hang","to":"Sanh Dich vu","caption":"S\\u1ea3nh d\\u1ecbch v\\u1ee5"}]', 'Sanh Tiep tan'),
(48, 1434963963, 'mat_truoc', 'Siêu thị', 16, '/upload/images/panoramas/sieuthi.jpg', '', 'panorama', NULL, NULL, '[{"pan":"13.80","tilt":"-12.19","from":"mat truoc 1","to":"Sanh Dich vu","caption":"S\\u1ea3nh d\\u1ecbch v\\u1ee5"},{"pan":"-79.94","tilt":"-9.27","from":"mat truoc 1","to":"mat truoc 2","caption":"Khu TM ngo\\u00e0i tr\\u1eddi"},{"pan":"96.53","tilt":"-9.13","from":"mat truoc 1","to":"nha tre - ben ngoai","caption":"Ph\\u00eda tr\\u01b0\\u1edbc nh\\u00e0 tr\\u1ebb"},{"pan":"-0.11","tilt":"-7.49","from":"Sanh Dich vu","to":"mat truoc 1","caption":"Qu\\u1ea3ng tr\\u01b0\\u1eddng trung t\\u00e2m"},{"pan":"-33.95","tilt":"-16.74","from":"Sanh Dich vu","to":"Cua hang lua","caption":"C\\u1eeda h\\u00e0ng l\\u1ee5a"},{"pan":"38.61","tilt":"-16.53","from":"Sanh Dich vu","to":"Sieu thi","caption":"Si\\u00eau th\\u1ecb"},{"pan":"94.15","tilt":"-10.58","from":"Sieu thi","to":"Sanh Dich vu","caption":"S\\u1ea3nh d\\u1ecbch v\\u1ee5"},{"pan":"18.52","tilt":"-24.85","from":"Cua hang lua","to":"Sanh Dich vu","caption":"S\\u1ea3nh d\\u1ecbch v\\u1ee5"},{"pan":"-157.90","tilt":"-14.69","from":"nha tre - ben ngoai","to":"mat truoc 1","caption":"Qu\\u1ea3ng tr\\u01b0\\u1eddng trung t\\u00e2m"},{"pan":"18.16","tilt":"-16.53","from":"mat truoc 2","to":"Cafe","caption":"Khu cafe"},{"pan":"88.09","tilt":"-8.93","from":"mat truoc 2","to":"mat truoc 1","caption":"Qu\\u1ea3ng tr\\u01b0\\u1eddng trung t\\u00e2m"},{"pan":"-88.12","tilt":"-8.39","from":"mat truoc 2","to":"mat truoc 3","caption":"L\\u1ed1i v\\u00e0o d\\u1ef1 \\u00e1n"},{"pan":"46.00","tilt":"-10.94","from":"mat truoc 3","to":"mat truoc 2","caption":"Khu TM ngo\\u00e0i tr\\u1eddi"},{"pan":"-8.95","tilt":"-21.40","from":"Cafe","to":"mat truoc 2","caption":"Khu TM ngo\\u00e0i tr\\u1eddi"},{"pan":"-174.21","tilt":"-4.56","from":"mat truoc 1","to":"TT01-Phong khach","caption":"Khu nh\\u00e0 TT01-Ph\\u00f2ng kh\\u00e1ch"},{"pan":"88.92","tilt":"-36.18","from":"TT01-Phong khach","to":"mat truoc 1","caption":"Qu\\u1ea3ng tr\\u01b0\\u1eddng trung t\\u00e2m"},{"pan":"-73.04","tilt":"-22.31","from":"TT01-Phong khach","to":"TT01-Bep","caption":"Khu nh\\u00e0 TT01-B\\u1ebfp"},{"pan":"67.21","tilt":"-21.69","from":"TT01-Bep","to":"TT01-Phong khach","caption":"Khu nh\\u00e0 TT01-Ph\\u00f2ng kh\\u00e1ch"},{"pan":"-91.65","tilt":"-6.56","from":"mat truoc 3","to":"khu de xe","caption":"Khu \\u0111\\u1ec3 xe"},{"pan":"3.68","tilt":"-19.22","from":"khu de xe","to":"mat truoc 3","caption":"L\\u1ed1i v\\u00e0o d\\u1ef1 \\u00e1n"},{"pan":"-180","tilt":"-16.23","from":"khu de xe","to":"Sanh thang may","caption":"S\\u1ea3nh thang m\\u00e1y"},{"pan":"154.87","tilt":"-27.79","from":"Sanh thang may","to":"Be boi ngoai troi","caption":"B\\u1ec3 b\\u01a1i ngo\\u00e0i tr\\u1eddi"},{"pan":"-146.95","tilt":"-30.60","from":"Sanh thang may","to":"D1-phong khach","caption":"C\\u0103n h\\u1ed9 D1-Ph\\u00f2ng kh\\u00e1ch"},{"pan":"34.83","tilt":"-25.04","from":"Sanh thang may","to":"khu de xe","caption":"Khu \\u0111\\u1ec3 xe"},{"pan":"-23.65","tilt":"-30.92","from":"Sanh thang may","to":"Benh vien","caption":"B\\u1ec7nh vi\\u1ec7n qu\\u1ed1c t\\u1ebf"},{"pan":"-0.10","tilt":"-23.96","from":"Sanh thang may","to":"Sanh Tiep tan","caption":"S\\u1ea3nh ti\\u1ebfp t\\u00e2n"},{"pan":"3.29","tilt":"-13.28","from":"D1-phong khach","to":"D1-phongan","caption":"D1-Ph\\u00f2ng \\u0103n"},{"pan":"116.90","tilt":"-6.76","from":"Be boi ngoai troi","to":"Sanh thang may","caption":"S\\u1ea3nh thang m\\u00e1y"},{"pan":"-119.08","tilt":"-4.41","from":"Be boi ngoai troi","to":"Spa","caption":"Spa"},{"pan":"128.22","tilt":"-42.12","from":"Spa","to":"gym","caption":"Ph\\u00f2ng t\\u1eadp Gym"},{"pan":"-22.00","tilt":"-14.63","from":"gym","to":"Spa","caption":"Spa"},{"pan":"-108.52","tilt":"-16.71","from":"Benh vien","to":"Sanh thang may","caption":"S\\u1ea3nh thang m\\u00e1y"},{"pan":"-58.11","tilt":"-18.74","from":"Sanh Tiep tan","to":"Sanh thang may","caption":"S\\u1ea3nh thang m\\u00e1y"},{"pan":"-65.66","tilt":"-16.69","from":"Sanh Tiep tan","to":"Sanh Dich vu","caption":"S\\u1ea3nh d\\u1ecbch v\\u1ee5"},{"pan":"-142.26","tilt":"-19.41","from":"Sanh Tiep tan","to":"nha tre - ben ngoai","caption":"Nh\\u00e0 tr\\u1ebb"},{"pan":"-103.86","tilt":"16.47","from":"TT01-Phong khach","to":"TT01-phong ngu 1","caption":"Ph\\u00f2ng ng\\u1ee7"},{"pan":"119.59","tilt":"-26","from":"TT01-phong ngu 1","to":"TT01-Phong khach","caption":"Ph\\u00f2ng kh\\u00e1ch"},{"pan":"108.67","tilt":"-27.66","from":"TT01-phong ngu 1","to":"TT01-phong ngu 2","caption":"Ph\\u00f2ng ng\\u1ee7 2"},{"pan":"90.02","tilt":"-22.19","from":"TT01-phong ngu 2","to":"TT01-Phong khach","caption":"Ph\\u00f2ng kh\\u00e1ch"},{"pan":"100.00","tilt":"-22.19","from":"TT01-phong ngu 2","to":"TT01-phong ngu 1","caption":"Ph\\u00f2ng ng\\u1ee7 1"},{"pan":"110.00","tilt":"-22.19","from":"TT01-phong ngu 2","to":"TT01-WC","caption":"WC"},{"pan":"-138.71","tilt":"-25.74","from":"TT01-WC","to":"TT01-phong ngu 2","caption":"Ph\\u00f2ng ng\\u1ee7 2"},{"pan":"-178.87","tilt":"-5.44","from":"Sanh Dich vu","to":"Sanh Tiep tan","caption":"S\\u1ea3nh l\\u1ec5 t\\u00e2n"},{"pan":"-151.64","tilt":"-5.44","from":"Sanh Dich vu","to":"Cafe","caption":"Qu\\u00e1n cafe"},{"pan":"-140","tilt":"-5.44","from":"Sanh Dich vu","to":"nha hang","caption":"Nh\\u00e0 h\\u00e0ng"},{"pan":"2.62","tilt":"-14.90","from":"nha hang","to":"Sanh Dich vu","caption":"S\\u1ea3nh d\\u1ecbch v\\u1ee5"}]', 'Sieu thi'),
(49, 1434963963, 'mat_truoc', 'Spa', 16, '/upload/images/panoramas/Spa.jpg', '', 'panorama', NULL, NULL, '[{"pan":"13.80","tilt":"-12.19","from":"mat truoc 1","to":"Sanh Dich vu","caption":"S\\u1ea3nh d\\u1ecbch v\\u1ee5"},{"pan":"-79.94","tilt":"-9.27","from":"mat truoc 1","to":"mat truoc 2","caption":"Khu TM ngo\\u00e0i tr\\u1eddi"},{"pan":"96.53","tilt":"-9.13","from":"mat truoc 1","to":"nha tre - ben ngoai","caption":"Ph\\u00eda tr\\u01b0\\u1edbc nh\\u00e0 tr\\u1ebb"},{"pan":"-0.11","tilt":"-7.49","from":"Sanh Dich vu","to":"mat truoc 1","caption":"Qu\\u1ea3ng tr\\u01b0\\u1eddng trung t\\u00e2m"},{"pan":"-33.95","tilt":"-16.74","from":"Sanh Dich vu","to":"Cua hang lua","caption":"C\\u1eeda h\\u00e0ng l\\u1ee5a"},{"pan":"38.61","tilt":"-16.53","from":"Sanh Dich vu","to":"Sieu thi","caption":"Si\\u00eau th\\u1ecb"},{"pan":"94.15","tilt":"-10.58","from":"Sieu thi","to":"Sanh Dich vu","caption":"S\\u1ea3nh d\\u1ecbch v\\u1ee5"},{"pan":"18.52","tilt":"-24.85","from":"Cua hang lua","to":"Sanh Dich vu","caption":"S\\u1ea3nh d\\u1ecbch v\\u1ee5"},{"pan":"-157.90","tilt":"-14.69","from":"nha tre - ben ngoai","to":"mat truoc 1","caption":"Qu\\u1ea3ng tr\\u01b0\\u1eddng trung t\\u00e2m"},{"pan":"18.16","tilt":"-16.53","from":"mat truoc 2","to":"Cafe","caption":"Khu cafe"},{"pan":"88.09","tilt":"-8.93","from":"mat truoc 2","to":"mat truoc 1","caption":"Qu\\u1ea3ng tr\\u01b0\\u1eddng trung t\\u00e2m"},{"pan":"-88.12","tilt":"-8.39","from":"mat truoc 2","to":"mat truoc 3","caption":"L\\u1ed1i v\\u00e0o d\\u1ef1 \\u00e1n"},{"pan":"46.00","tilt":"-10.94","from":"mat truoc 3","to":"mat truoc 2","caption":"Khu TM ngo\\u00e0i tr\\u1eddi"},{"pan":"-8.95","tilt":"-21.40","from":"Cafe","to":"mat truoc 2","caption":"Khu TM ngo\\u00e0i tr\\u1eddi"},{"pan":"-174.21","tilt":"-4.56","from":"mat truoc 1","to":"TT01-Phong khach","caption":"Khu nh\\u00e0 TT01-Ph\\u00f2ng kh\\u00e1ch"},{"pan":"88.92","tilt":"-36.18","from":"TT01-Phong khach","to":"mat truoc 1","caption":"Qu\\u1ea3ng tr\\u01b0\\u1eddng trung t\\u00e2m"},{"pan":"-73.04","tilt":"-22.31","from":"TT01-Phong khach","to":"TT01-Bep","caption":"Khu nh\\u00e0 TT01-B\\u1ebfp"},{"pan":"67.21","tilt":"-21.69","from":"TT01-Bep","to":"TT01-Phong khach","caption":"Khu nh\\u00e0 TT01-Ph\\u00f2ng kh\\u00e1ch"},{"pan":"-91.65","tilt":"-6.56","from":"mat truoc 3","to":"khu de xe","caption":"Khu \\u0111\\u1ec3 xe"},{"pan":"3.68","tilt":"-19.22","from":"khu de xe","to":"mat truoc 3","caption":"L\\u1ed1i v\\u00e0o d\\u1ef1 \\u00e1n"},{"pan":"-180","tilt":"-16.23","from":"khu de xe","to":"Sanh thang may","caption":"S\\u1ea3nh thang m\\u00e1y"},{"pan":"154.87","tilt":"-27.79","from":"Sanh thang may","to":"Be boi ngoai troi","caption":"B\\u1ec3 b\\u01a1i ngo\\u00e0i tr\\u1eddi"},{"pan":"-146.95","tilt":"-30.60","from":"Sanh thang may","to":"D1-phong khach","caption":"C\\u0103n h\\u1ed9 D1-Ph\\u00f2ng kh\\u00e1ch"},{"pan":"34.83","tilt":"-25.04","from":"Sanh thang may","to":"khu de xe","caption":"Khu \\u0111\\u1ec3 xe"},{"pan":"-23.65","tilt":"-30.92","from":"Sanh thang may","to":"Benh vien","caption":"B\\u1ec7nh vi\\u1ec7n qu\\u1ed1c t\\u1ebf"},{"pan":"-0.10","tilt":"-23.96","from":"Sanh thang may","to":"Sanh Tiep tan","caption":"S\\u1ea3nh ti\\u1ebfp t\\u00e2n"},{"pan":"3.29","tilt":"-13.28","from":"D1-phong khach","to":"D1-phongan","caption":"D1-Ph\\u00f2ng \\u0103n"},{"pan":"116.90","tilt":"-6.76","from":"Be boi ngoai troi","to":"Sanh thang may","caption":"S\\u1ea3nh thang m\\u00e1y"},{"pan":"-119.08","tilt":"-4.41","from":"Be boi ngoai troi","to":"Spa","caption":"Spa"},{"pan":"128.22","tilt":"-42.12","from":"Spa","to":"gym","caption":"Ph\\u00f2ng t\\u1eadp Gym"},{"pan":"-22.00","tilt":"-14.63","from":"gym","to":"Spa","caption":"Spa"},{"pan":"-108.52","tilt":"-16.71","from":"Benh vien","to":"Sanh thang may","caption":"S\\u1ea3nh thang m\\u00e1y"},{"pan":"-58.11","tilt":"-18.74","from":"Sanh Tiep tan","to":"Sanh thang may","caption":"S\\u1ea3nh thang m\\u00e1y"},{"pan":"-65.66","tilt":"-16.69","from":"Sanh Tiep tan","to":"Sanh Dich vu","caption":"S\\u1ea3nh d\\u1ecbch v\\u1ee5"},{"pan":"-142.26","tilt":"-19.41","from":"Sanh Tiep tan","to":"nha tre - ben ngoai","caption":"Nh\\u00e0 tr\\u1ebb"},{"pan":"-103.86","tilt":"16.47","from":"TT01-Phong khach","to":"TT01-phong ngu 1","caption":"Ph\\u00f2ng ng\\u1ee7"},{"pan":"119.59","tilt":"-26","from":"TT01-phong ngu 1","to":"TT01-Phong khach","caption":"Ph\\u00f2ng kh\\u00e1ch"},{"pan":"108.67","tilt":"-27.66","from":"TT01-phong ngu 1","to":"TT01-phong ngu 2","caption":"Ph\\u00f2ng ng\\u1ee7 2"},{"pan":"90.02","tilt":"-22.19","from":"TT01-phong ngu 2","to":"TT01-Phong khach","caption":"Ph\\u00f2ng kh\\u00e1ch"},{"pan":"100.00","tilt":"-22.19","from":"TT01-phong ngu 2","to":"TT01-phong ngu 1","caption":"Ph\\u00f2ng ng\\u1ee7 1"},{"pan":"110.00","tilt":"-22.19","from":"TT01-phong ngu 2","to":"TT01-WC","caption":"WC"},{"pan":"-138.71","tilt":"-25.74","from":"TT01-WC","to":"TT01-phong ngu 2","caption":"Ph\\u00f2ng ng\\u1ee7 2"},{"pan":"-178.87","tilt":"-5.44","from":"Sanh Dich vu","to":"Sanh Tiep tan","caption":"S\\u1ea3nh l\\u1ec5 t\\u00e2n"},{"pan":"-151.64","tilt":"-5.44","from":"Sanh Dich vu","to":"Cafe","caption":"Qu\\u00e1n cafe"},{"pan":"-140","tilt":"-5.44","from":"Sanh Dich vu","to":"nha hang","caption":"Nh\\u00e0 h\\u00e0ng"},{"pan":"2.62","tilt":"-14.90","from":"nha hang","to":"Sanh Dich vu","caption":"S\\u1ea3nh d\\u1ecbch v\\u1ee5"}]', 'Spa'),
(50, 1434963963, 'mat_truoc', 'Khu nhà TT01-bếp', 16, '/upload/images/panoramas/tt01_bep.jpg', '', 'panorama', NULL, NULL, '[{"pan":"13.80","tilt":"-12.19","from":"mat truoc 1","to":"Sanh Dich vu","caption":"S\\u1ea3nh d\\u1ecbch v\\u1ee5"},{"pan":"-79.94","tilt":"-9.27","from":"mat truoc 1","to":"mat truoc 2","caption":"Khu TM ngo\\u00e0i tr\\u1eddi"},{"pan":"96.53","tilt":"-9.13","from":"mat truoc 1","to":"nha tre - ben ngoai","caption":"Ph\\u00eda tr\\u01b0\\u1edbc nh\\u00e0 tr\\u1ebb"},{"pan":"-0.11","tilt":"-7.49","from":"Sanh Dich vu","to":"mat truoc 1","caption":"Qu\\u1ea3ng tr\\u01b0\\u1eddng trung t\\u00e2m"},{"pan":"-33.95","tilt":"-16.74","from":"Sanh Dich vu","to":"Cua hang lua","caption":"C\\u1eeda h\\u00e0ng l\\u1ee5a"},{"pan":"38.61","tilt":"-16.53","from":"Sanh Dich vu","to":"Sieu thi","caption":"Si\\u00eau th\\u1ecb"},{"pan":"94.15","tilt":"-10.58","from":"Sieu thi","to":"Sanh Dich vu","caption":"S\\u1ea3nh d\\u1ecbch v\\u1ee5"},{"pan":"18.52","tilt":"-24.85","from":"Cua hang lua","to":"Sanh Dich vu","caption":"S\\u1ea3nh d\\u1ecbch v\\u1ee5"},{"pan":"-157.90","tilt":"-14.69","from":"nha tre - ben ngoai","to":"mat truoc 1","caption":"Qu\\u1ea3ng tr\\u01b0\\u1eddng trung t\\u00e2m"},{"pan":"18.16","tilt":"-16.53","from":"mat truoc 2","to":"Cafe","caption":"Khu cafe"},{"pan":"88.09","tilt":"-8.93","from":"mat truoc 2","to":"mat truoc 1","caption":"Qu\\u1ea3ng tr\\u01b0\\u1eddng trung t\\u00e2m"},{"pan":"-88.12","tilt":"-8.39","from":"mat truoc 2","to":"mat truoc 3","caption":"L\\u1ed1i v\\u00e0o d\\u1ef1 \\u00e1n"},{"pan":"46.00","tilt":"-10.94","from":"mat truoc 3","to":"mat truoc 2","caption":"Khu TM ngo\\u00e0i tr\\u1eddi"},{"pan":"-8.95","tilt":"-21.40","from":"Cafe","to":"mat truoc 2","caption":"Khu TM ngo\\u00e0i tr\\u1eddi"},{"pan":"-174.21","tilt":"-4.56","from":"mat truoc 1","to":"TT01-Phong khach","caption":"Khu nh\\u00e0 TT01-Ph\\u00f2ng kh\\u00e1ch"},{"pan":"88.92","tilt":"-36.18","from":"TT01-Phong khach","to":"mat truoc 1","caption":"Qu\\u1ea3ng tr\\u01b0\\u1eddng trung t\\u00e2m"},{"pan":"-73.04","tilt":"-22.31","from":"TT01-Phong khach","to":"TT01-Bep","caption":"Khu nh\\u00e0 TT01-B\\u1ebfp"},{"pan":"67.21","tilt":"-21.69","from":"TT01-Bep","to":"TT01-Phong khach","caption":"Khu nh\\u00e0 TT01-Ph\\u00f2ng kh\\u00e1ch"},{"pan":"-91.65","tilt":"-6.56","from":"mat truoc 3","to":"khu de xe","caption":"Khu \\u0111\\u1ec3 xe"},{"pan":"3.68","tilt":"-19.22","from":"khu de xe","to":"mat truoc 3","caption":"L\\u1ed1i v\\u00e0o d\\u1ef1 \\u00e1n"},{"pan":"-180","tilt":"-16.23","from":"khu de xe","to":"Sanh thang may","caption":"S\\u1ea3nh thang m\\u00e1y"},{"pan":"154.87","tilt":"-27.79","from":"Sanh thang may","to":"Be boi ngoai troi","caption":"B\\u1ec3 b\\u01a1i ngo\\u00e0i tr\\u1eddi"},{"pan":"-146.95","tilt":"-30.60","from":"Sanh thang may","to":"D1-phong khach","caption":"C\\u0103n h\\u1ed9 D1-Ph\\u00f2ng kh\\u00e1ch"},{"pan":"34.83","tilt":"-25.04","from":"Sanh thang may","to":"khu de xe","caption":"Khu \\u0111\\u1ec3 xe"},{"pan":"-23.65","tilt":"-30.92","from":"Sanh thang may","to":"Benh vien","caption":"B\\u1ec7nh vi\\u1ec7n qu\\u1ed1c t\\u1ebf"},{"pan":"-0.10","tilt":"-23.96","from":"Sanh thang may","to":"Sanh Tiep tan","caption":"S\\u1ea3nh ti\\u1ebfp t\\u00e2n"},{"pan":"3.29","tilt":"-13.28","from":"D1-phong khach","to":"D1-phongan","caption":"D1-Ph\\u00f2ng \\u0103n"},{"pan":"116.90","tilt":"-6.76","from":"Be boi ngoai troi","to":"Sanh thang may","caption":"S\\u1ea3nh thang m\\u00e1y"},{"pan":"-119.08","tilt":"-4.41","from":"Be boi ngoai troi","to":"Spa","caption":"Spa"},{"pan":"128.22","tilt":"-42.12","from":"Spa","to":"gym","caption":"Ph\\u00f2ng t\\u1eadp Gym"},{"pan":"-22.00","tilt":"-14.63","from":"gym","to":"Spa","caption":"Spa"},{"pan":"-108.52","tilt":"-16.71","from":"Benh vien","to":"Sanh thang may","caption":"S\\u1ea3nh thang m\\u00e1y"},{"pan":"-58.11","tilt":"-18.74","from":"Sanh Tiep tan","to":"Sanh thang may","caption":"S\\u1ea3nh thang m\\u00e1y"},{"pan":"-65.66","tilt":"-16.69","from":"Sanh Tiep tan","to":"Sanh Dich vu","caption":"S\\u1ea3nh d\\u1ecbch v\\u1ee5"},{"pan":"-142.26","tilt":"-19.41","from":"Sanh Tiep tan","to":"nha tre - ben ngoai","caption":"Nh\\u00e0 tr\\u1ebb"},{"pan":"-103.86","tilt":"16.47","from":"TT01-Phong khach","to":"TT01-phong ngu 1","caption":"Ph\\u00f2ng ng\\u1ee7"},{"pan":"119.59","tilt":"-26","from":"TT01-phong ngu 1","to":"TT01-Phong khach","caption":"Ph\\u00f2ng kh\\u00e1ch"},{"pan":"108.67","tilt":"-27.66","from":"TT01-phong ngu 1","to":"TT01-phong ngu 2","caption":"Ph\\u00f2ng ng\\u1ee7 2"},{"pan":"90.02","tilt":"-22.19","from":"TT01-phong ngu 2","to":"TT01-Phong khach","caption":"Ph\\u00f2ng kh\\u00e1ch"},{"pan":"100.00","tilt":"-22.19","from":"TT01-phong ngu 2","to":"TT01-phong ngu 1","caption":"Ph\\u00f2ng ng\\u1ee7 1"},{"pan":"110.00","tilt":"-22.19","from":"TT01-phong ngu 2","to":"TT01-WC","caption":"WC"},{"pan":"-138.71","tilt":"-25.74","from":"TT01-WC","to":"TT01-phong ngu 2","caption":"Ph\\u00f2ng ng\\u1ee7 2"},{"pan":"-178.87","tilt":"-5.44","from":"Sanh Dich vu","to":"Sanh Tiep tan","caption":"S\\u1ea3nh l\\u1ec5 t\\u00e2n"},{"pan":"-151.64","tilt":"-5.44","from":"Sanh Dich vu","to":"Cafe","caption":"Qu\\u00e1n cafe"},{"pan":"-140","tilt":"-5.44","from":"Sanh Dich vu","to":"nha hang","caption":"Nh\\u00e0 h\\u00e0ng"},{"pan":"2.62","tilt":"-14.90","from":"nha hang","to":"Sanh Dich vu","caption":"S\\u1ea3nh d\\u1ecbch v\\u1ee5"}]', 'TT01-Phong khach');
INSERT INTO `vnvic_tblgallery` (`gallery_id`, `gallery_time`, `gallery_name`, `gallery_title`, `menu_id`, `gallery_image`, `gallery_desc`, `type`, `map`, `waypoints`, `hotspots`, `default`) VALUES
(51, 1434963963, 'mat_truoc', 'Nhà hàng', 16, '/upload/images/panoramas/nhahang.jpg', '', 'panorama', NULL, NULL, '[{"pan":"13.80","tilt":"-12.19","from":"mat truoc 1","to":"Sanh Dich vu","caption":"S\\u1ea3nh d\\u1ecbch v\\u1ee5"},{"pan":"-79.94","tilt":"-9.27","from":"mat truoc 1","to":"mat truoc 2","caption":"Khu TM ngo\\u00e0i tr\\u1eddi"},{"pan":"96.53","tilt":"-9.13","from":"mat truoc 1","to":"nha tre - ben ngoai","caption":"Ph\\u00eda tr\\u01b0\\u1edbc nh\\u00e0 tr\\u1ebb"},{"pan":"-0.11","tilt":"-7.49","from":"Sanh Dich vu","to":"mat truoc 1","caption":"Qu\\u1ea3ng tr\\u01b0\\u1eddng trung t\\u00e2m"},{"pan":"-33.95","tilt":"-16.74","from":"Sanh Dich vu","to":"Cua hang lua","caption":"C\\u1eeda h\\u00e0ng l\\u1ee5a"},{"pan":"38.61","tilt":"-16.53","from":"Sanh Dich vu","to":"Sieu thi","caption":"Si\\u00eau th\\u1ecb"},{"pan":"94.15","tilt":"-10.58","from":"Sieu thi","to":"Sanh Dich vu","caption":"S\\u1ea3nh d\\u1ecbch v\\u1ee5"},{"pan":"18.52","tilt":"-24.85","from":"Cua hang lua","to":"Sanh Dich vu","caption":"S\\u1ea3nh d\\u1ecbch v\\u1ee5"},{"pan":"-157.90","tilt":"-14.69","from":"nha tre - ben ngoai","to":"mat truoc 1","caption":"Qu\\u1ea3ng tr\\u01b0\\u1eddng trung t\\u00e2m"},{"pan":"18.16","tilt":"-16.53","from":"mat truoc 2","to":"Cafe","caption":"Khu cafe"},{"pan":"88.09","tilt":"-8.93","from":"mat truoc 2","to":"mat truoc 1","caption":"Qu\\u1ea3ng tr\\u01b0\\u1eddng trung t\\u00e2m"},{"pan":"-88.12","tilt":"-8.39","from":"mat truoc 2","to":"mat truoc 3","caption":"L\\u1ed1i v\\u00e0o d\\u1ef1 \\u00e1n"},{"pan":"46.00","tilt":"-10.94","from":"mat truoc 3","to":"mat truoc 2","caption":"Khu TM ngo\\u00e0i tr\\u1eddi"},{"pan":"-8.95","tilt":"-21.40","from":"Cafe","to":"mat truoc 2","caption":"Khu TM ngo\\u00e0i tr\\u1eddi"},{"pan":"-174.21","tilt":"-4.56","from":"mat truoc 1","to":"TT01-Phong khach","caption":"Khu nh\\u00e0 TT01-Ph\\u00f2ng kh\\u00e1ch"},{"pan":"88.92","tilt":"-36.18","from":"TT01-Phong khach","to":"mat truoc 1","caption":"Qu\\u1ea3ng tr\\u01b0\\u1eddng trung t\\u00e2m"},{"pan":"-73.04","tilt":"-22.31","from":"TT01-Phong khach","to":"TT01-Bep","caption":"Khu nh\\u00e0 TT01-B\\u1ebfp"},{"pan":"67.21","tilt":"-21.69","from":"TT01-Bep","to":"TT01-Phong khach","caption":"Khu nh\\u00e0 TT01-Ph\\u00f2ng kh\\u00e1ch"},{"pan":"-91.65","tilt":"-6.56","from":"mat truoc 3","to":"khu de xe","caption":"Khu \\u0111\\u1ec3 xe"},{"pan":"3.68","tilt":"-19.22","from":"khu de xe","to":"mat truoc 3","caption":"L\\u1ed1i v\\u00e0o d\\u1ef1 \\u00e1n"},{"pan":"-180","tilt":"-16.23","from":"khu de xe","to":"Sanh thang may","caption":"S\\u1ea3nh thang m\\u00e1y"},{"pan":"154.87","tilt":"-27.79","from":"Sanh thang may","to":"Be boi ngoai troi","caption":"B\\u1ec3 b\\u01a1i ngo\\u00e0i tr\\u1eddi"},{"pan":"-146.95","tilt":"-30.60","from":"Sanh thang may","to":"D1-phong khach","caption":"C\\u0103n h\\u1ed9 D1-Ph\\u00f2ng kh\\u00e1ch"},{"pan":"34.83","tilt":"-25.04","from":"Sanh thang may","to":"khu de xe","caption":"Khu \\u0111\\u1ec3 xe"},{"pan":"-23.65","tilt":"-30.92","from":"Sanh thang may","to":"Benh vien","caption":"B\\u1ec7nh vi\\u1ec7n qu\\u1ed1c t\\u1ebf"},{"pan":"-0.10","tilt":"-23.96","from":"Sanh thang may","to":"Sanh Tiep tan","caption":"S\\u1ea3nh ti\\u1ebfp t\\u00e2n"},{"pan":"3.29","tilt":"-13.28","from":"D1-phong khach","to":"D1-phongan","caption":"D1-Ph\\u00f2ng \\u0103n"},{"pan":"116.90","tilt":"-6.76","from":"Be boi ngoai troi","to":"Sanh thang may","caption":"S\\u1ea3nh thang m\\u00e1y"},{"pan":"-119.08","tilt":"-4.41","from":"Be boi ngoai troi","to":"Spa","caption":"Spa"},{"pan":"128.22","tilt":"-42.12","from":"Spa","to":"gym","caption":"Ph\\u00f2ng t\\u1eadp Gym"},{"pan":"-22.00","tilt":"-14.63","from":"gym","to":"Spa","caption":"Spa"},{"pan":"-108.52","tilt":"-16.71","from":"Benh vien","to":"Sanh thang may","caption":"S\\u1ea3nh thang m\\u00e1y"},{"pan":"-58.11","tilt":"-18.74","from":"Sanh Tiep tan","to":"Sanh thang may","caption":"S\\u1ea3nh thang m\\u00e1y"},{"pan":"-65.66","tilt":"-16.69","from":"Sanh Tiep tan","to":"Sanh Dich vu","caption":"S\\u1ea3nh d\\u1ecbch v\\u1ee5"},{"pan":"-142.26","tilt":"-19.41","from":"Sanh Tiep tan","to":"nha tre - ben ngoai","caption":"Nh\\u00e0 tr\\u1ebb"},{"pan":"-103.86","tilt":"16.47","from":"TT01-Phong khach","to":"TT01-phong ngu 1","caption":"Ph\\u00f2ng ng\\u1ee7"},{"pan":"119.59","tilt":"-26","from":"TT01-phong ngu 1","to":"TT01-Phong khach","caption":"Ph\\u00f2ng kh\\u00e1ch"},{"pan":"108.67","tilt":"-27.66","from":"TT01-phong ngu 1","to":"TT01-phong ngu 2","caption":"Ph\\u00f2ng ng\\u1ee7 2"},{"pan":"90.02","tilt":"-22.19","from":"TT01-phong ngu 2","to":"TT01-Phong khach","caption":"Ph\\u00f2ng kh\\u00e1ch"},{"pan":"100.00","tilt":"-22.19","from":"TT01-phong ngu 2","to":"TT01-phong ngu 1","caption":"Ph\\u00f2ng ng\\u1ee7 1"},{"pan":"110.00","tilt":"-22.19","from":"TT01-phong ngu 2","to":"TT01-WC","caption":"WC"},{"pan":"-138.71","tilt":"-25.74","from":"TT01-WC","to":"TT01-phong ngu 2","caption":"Ph\\u00f2ng ng\\u1ee7 2"},{"pan":"-178.87","tilt":"-5.44","from":"Sanh Dich vu","to":"Sanh Tiep tan","caption":"S\\u1ea3nh l\\u1ec5 t\\u00e2n"},{"pan":"-151.64","tilt":"-5.44","from":"Sanh Dich vu","to":"Cafe","caption":"Qu\\u00e1n cafe"},{"pan":"-140","tilt":"-5.44","from":"Sanh Dich vu","to":"nha hang","caption":"Nh\\u00e0 h\\u00e0ng"},{"pan":"2.62","tilt":"-14.90","from":"nha hang","to":"Sanh Dich vu","caption":"S\\u1ea3nh d\\u1ecbch v\\u1ee5"}]', 'nha hang'),
(52, 1434963963, 'mat_truoc', 'Khu để xe', 16, '/upload/images/panoramas/guixe.jpg', '', 'panorama', NULL, NULL, '[{"pan":"13.80","tilt":"-12.19","from":"mat truoc 1","to":"Sanh Dich vu","caption":"S\\u1ea3nh d\\u1ecbch v\\u1ee5"},{"pan":"-79.94","tilt":"-9.27","from":"mat truoc 1","to":"mat truoc 2","caption":"Khu TM ngo\\u00e0i tr\\u1eddi"},{"pan":"96.53","tilt":"-9.13","from":"mat truoc 1","to":"nha tre - ben ngoai","caption":"Ph\\u00eda tr\\u01b0\\u1edbc nh\\u00e0 tr\\u1ebb"},{"pan":"-0.11","tilt":"-7.49","from":"Sanh Dich vu","to":"mat truoc 1","caption":"Qu\\u1ea3ng tr\\u01b0\\u1eddng trung t\\u00e2m"},{"pan":"-33.95","tilt":"-16.74","from":"Sanh Dich vu","to":"Cua hang lua","caption":"C\\u1eeda h\\u00e0ng l\\u1ee5a"},{"pan":"38.61","tilt":"-16.53","from":"Sanh Dich vu","to":"Sieu thi","caption":"Si\\u00eau th\\u1ecb"},{"pan":"94.15","tilt":"-10.58","from":"Sieu thi","to":"Sanh Dich vu","caption":"S\\u1ea3nh d\\u1ecbch v\\u1ee5"},{"pan":"18.52","tilt":"-24.85","from":"Cua hang lua","to":"Sanh Dich vu","caption":"S\\u1ea3nh d\\u1ecbch v\\u1ee5"},{"pan":"-157.90","tilt":"-14.69","from":"nha tre - ben ngoai","to":"mat truoc 1","caption":"Qu\\u1ea3ng tr\\u01b0\\u1eddng trung t\\u00e2m"},{"pan":"18.16","tilt":"-16.53","from":"mat truoc 2","to":"Cafe","caption":"Khu cafe"},{"pan":"88.09","tilt":"-8.93","from":"mat truoc 2","to":"mat truoc 1","caption":"Qu\\u1ea3ng tr\\u01b0\\u1eddng trung t\\u00e2m"},{"pan":"-88.12","tilt":"-8.39","from":"mat truoc 2","to":"mat truoc 3","caption":"L\\u1ed1i v\\u00e0o d\\u1ef1 \\u00e1n"},{"pan":"46.00","tilt":"-10.94","from":"mat truoc 3","to":"mat truoc 2","caption":"Khu TM ngo\\u00e0i tr\\u1eddi"},{"pan":"-8.95","tilt":"-21.40","from":"Cafe","to":"mat truoc 2","caption":"Khu TM ngo\\u00e0i tr\\u1eddi"},{"pan":"-174.21","tilt":"-4.56","from":"mat truoc 1","to":"TT01-Phong khach","caption":"Khu nh\\u00e0 TT01-Ph\\u00f2ng kh\\u00e1ch"},{"pan":"88.92","tilt":"-36.18","from":"TT01-Phong khach","to":"mat truoc 1","caption":"Qu\\u1ea3ng tr\\u01b0\\u1eddng trung t\\u00e2m"},{"pan":"-73.04","tilt":"-22.31","from":"TT01-Phong khach","to":"TT01-Bep","caption":"Khu nh\\u00e0 TT01-B\\u1ebfp"},{"pan":"67.21","tilt":"-21.69","from":"TT01-Bep","to":"TT01-Phong khach","caption":"Khu nh\\u00e0 TT01-Ph\\u00f2ng kh\\u00e1ch"},{"pan":"-91.65","tilt":"-6.56","from":"mat truoc 3","to":"khu de xe","caption":"Khu \\u0111\\u1ec3 xe"},{"pan":"3.68","tilt":"-19.22","from":"khu de xe","to":"mat truoc 3","caption":"L\\u1ed1i v\\u00e0o d\\u1ef1 \\u00e1n"},{"pan":"-180","tilt":"-16.23","from":"khu de xe","to":"Sanh thang may","caption":"S\\u1ea3nh thang m\\u00e1y"},{"pan":"154.87","tilt":"-27.79","from":"Sanh thang may","to":"Be boi ngoai troi","caption":"B\\u1ec3 b\\u01a1i ngo\\u00e0i tr\\u1eddi"},{"pan":"-146.95","tilt":"-30.60","from":"Sanh thang may","to":"D1-phong khach","caption":"C\\u0103n h\\u1ed9 D1-Ph\\u00f2ng kh\\u00e1ch"},{"pan":"34.83","tilt":"-25.04","from":"Sanh thang may","to":"khu de xe","caption":"Khu \\u0111\\u1ec3 xe"},{"pan":"-23.65","tilt":"-30.92","from":"Sanh thang may","to":"Benh vien","caption":"B\\u1ec7nh vi\\u1ec7n qu\\u1ed1c t\\u1ebf"},{"pan":"-0.10","tilt":"-23.96","from":"Sanh thang may","to":"Sanh Tiep tan","caption":"S\\u1ea3nh ti\\u1ebfp t\\u00e2n"},{"pan":"3.29","tilt":"-13.28","from":"D1-phong khach","to":"D1-phongan","caption":"D1-Ph\\u00f2ng \\u0103n"},{"pan":"116.90","tilt":"-6.76","from":"Be boi ngoai troi","to":"Sanh thang may","caption":"S\\u1ea3nh thang m\\u00e1y"},{"pan":"-119.08","tilt":"-4.41","from":"Be boi ngoai troi","to":"Spa","caption":"Spa"},{"pan":"128.22","tilt":"-42.12","from":"Spa","to":"gym","caption":"Ph\\u00f2ng t\\u1eadp Gym"},{"pan":"-22.00","tilt":"-14.63","from":"gym","to":"Spa","caption":"Spa"},{"pan":"-108.52","tilt":"-16.71","from":"Benh vien","to":"Sanh thang may","caption":"S\\u1ea3nh thang m\\u00e1y"},{"pan":"-58.11","tilt":"-18.74","from":"Sanh Tiep tan","to":"Sanh thang may","caption":"S\\u1ea3nh thang m\\u00e1y"},{"pan":"-65.66","tilt":"-16.69","from":"Sanh Tiep tan","to":"Sanh Dich vu","caption":"S\\u1ea3nh d\\u1ecbch v\\u1ee5"},{"pan":"-142.26","tilt":"-19.41","from":"Sanh Tiep tan","to":"nha tre - ben ngoai","caption":"Nh\\u00e0 tr\\u1ebb"},{"pan":"-103.86","tilt":"16.47","from":"TT01-Phong khach","to":"TT01-phong ngu 1","caption":"Ph\\u00f2ng ng\\u1ee7"},{"pan":"119.59","tilt":"-26","from":"TT01-phong ngu 1","to":"TT01-Phong khach","caption":"Ph\\u00f2ng kh\\u00e1ch"},{"pan":"108.67","tilt":"-27.66","from":"TT01-phong ngu 1","to":"TT01-phong ngu 2","caption":"Ph\\u00f2ng ng\\u1ee7 2"},{"pan":"90.02","tilt":"-22.19","from":"TT01-phong ngu 2","to":"TT01-Phong khach","caption":"Ph\\u00f2ng kh\\u00e1ch"},{"pan":"100.00","tilt":"-22.19","from":"TT01-phong ngu 2","to":"TT01-phong ngu 1","caption":"Ph\\u00f2ng ng\\u1ee7 1"},{"pan":"110.00","tilt":"-22.19","from":"TT01-phong ngu 2","to":"TT01-WC","caption":"WC"},{"pan":"-138.71","tilt":"-25.74","from":"TT01-WC","to":"TT01-phong ngu 2","caption":"Ph\\u00f2ng ng\\u1ee7 2"},{"pan":"-178.87","tilt":"-5.44","from":"Sanh Dich vu","to":"Sanh Tiep tan","caption":"S\\u1ea3nh l\\u1ec5 t\\u00e2n"},{"pan":"-151.64","tilt":"-5.44","from":"Sanh Dich vu","to":"Cafe","caption":"Qu\\u00e1n cafe"},{"pan":"-140","tilt":"-5.44","from":"Sanh Dich vu","to":"nha hang","caption":"Nh\\u00e0 h\\u00e0ng"},{"pan":"2.62","tilt":"-14.90","from":"nha hang","to":"Sanh Dich vu","caption":"S\\u1ea3nh d\\u1ecbch v\\u1ee5"}]', 'khu de xe'),
(53, 1434963963, 'mat_truoc', 'Phòng tập Gym', 16, '/upload/images/panoramas/gym.jpg', '', 'panorama', NULL, NULL, '[{"pan":"13.80","tilt":"-12.19","from":"mat truoc 1","to":"Sanh Dich vu","caption":"S\\u1ea3nh d\\u1ecbch v\\u1ee5"},{"pan":"-79.94","tilt":"-9.27","from":"mat truoc 1","to":"mat truoc 2","caption":"Khu TM ngo\\u00e0i tr\\u1eddi"},{"pan":"96.53","tilt":"-9.13","from":"mat truoc 1","to":"nha tre - ben ngoai","caption":"Ph\\u00eda tr\\u01b0\\u1edbc nh\\u00e0 tr\\u1ebb"},{"pan":"-0.11","tilt":"-7.49","from":"Sanh Dich vu","to":"mat truoc 1","caption":"Qu\\u1ea3ng tr\\u01b0\\u1eddng trung t\\u00e2m"},{"pan":"-33.95","tilt":"-16.74","from":"Sanh Dich vu","to":"Cua hang lua","caption":"C\\u1eeda h\\u00e0ng l\\u1ee5a"},{"pan":"38.61","tilt":"-16.53","from":"Sanh Dich vu","to":"Sieu thi","caption":"Si\\u00eau th\\u1ecb"},{"pan":"94.15","tilt":"-10.58","from":"Sieu thi","to":"Sanh Dich vu","caption":"S\\u1ea3nh d\\u1ecbch v\\u1ee5"},{"pan":"18.52","tilt":"-24.85","from":"Cua hang lua","to":"Sanh Dich vu","caption":"S\\u1ea3nh d\\u1ecbch v\\u1ee5"},{"pan":"-157.90","tilt":"-14.69","from":"nha tre - ben ngoai","to":"mat truoc 1","caption":"Qu\\u1ea3ng tr\\u01b0\\u1eddng trung t\\u00e2m"},{"pan":"18.16","tilt":"-16.53","from":"mat truoc 2","to":"Cafe","caption":"Khu cafe"},{"pan":"88.09","tilt":"-8.93","from":"mat truoc 2","to":"mat truoc 1","caption":"Qu\\u1ea3ng tr\\u01b0\\u1eddng trung t\\u00e2m"},{"pan":"-88.12","tilt":"-8.39","from":"mat truoc 2","to":"mat truoc 3","caption":"L\\u1ed1i v\\u00e0o d\\u1ef1 \\u00e1n"},{"pan":"46.00","tilt":"-10.94","from":"mat truoc 3","to":"mat truoc 2","caption":"Khu TM ngo\\u00e0i tr\\u1eddi"},{"pan":"-8.95","tilt":"-21.40","from":"Cafe","to":"mat truoc 2","caption":"Khu TM ngo\\u00e0i tr\\u1eddi"},{"pan":"-174.21","tilt":"-4.56","from":"mat truoc 1","to":"TT01-Phong khach","caption":"Khu nh\\u00e0 TT01-Ph\\u00f2ng kh\\u00e1ch"},{"pan":"88.92","tilt":"-36.18","from":"TT01-Phong khach","to":"mat truoc 1","caption":"Qu\\u1ea3ng tr\\u01b0\\u1eddng trung t\\u00e2m"},{"pan":"-73.04","tilt":"-22.31","from":"TT01-Phong khach","to":"TT01-Bep","caption":"Khu nh\\u00e0 TT01-B\\u1ebfp"},{"pan":"67.21","tilt":"-21.69","from":"TT01-Bep","to":"TT01-Phong khach","caption":"Khu nh\\u00e0 TT01-Ph\\u00f2ng kh\\u00e1ch"},{"pan":"-91.65","tilt":"-6.56","from":"mat truoc 3","to":"khu de xe","caption":"Khu \\u0111\\u1ec3 xe"},{"pan":"3.68","tilt":"-19.22","from":"khu de xe","to":"mat truoc 3","caption":"L\\u1ed1i v\\u00e0o d\\u1ef1 \\u00e1n"},{"pan":"-180","tilt":"-16.23","from":"khu de xe","to":"Sanh thang may","caption":"S\\u1ea3nh thang m\\u00e1y"},{"pan":"154.87","tilt":"-27.79","from":"Sanh thang may","to":"Be boi ngoai troi","caption":"B\\u1ec3 b\\u01a1i ngo\\u00e0i tr\\u1eddi"},{"pan":"-146.95","tilt":"-30.60","from":"Sanh thang may","to":"D1-phong khach","caption":"C\\u0103n h\\u1ed9 D1-Ph\\u00f2ng kh\\u00e1ch"},{"pan":"34.83","tilt":"-25.04","from":"Sanh thang may","to":"khu de xe","caption":"Khu \\u0111\\u1ec3 xe"},{"pan":"-23.65","tilt":"-30.92","from":"Sanh thang may","to":"Benh vien","caption":"B\\u1ec7nh vi\\u1ec7n qu\\u1ed1c t\\u1ebf"},{"pan":"-0.10","tilt":"-23.96","from":"Sanh thang may","to":"Sanh Tiep tan","caption":"S\\u1ea3nh ti\\u1ebfp t\\u00e2n"},{"pan":"3.29","tilt":"-13.28","from":"D1-phong khach","to":"D1-phongan","caption":"D1-Ph\\u00f2ng \\u0103n"},{"pan":"116.90","tilt":"-6.76","from":"Be boi ngoai troi","to":"Sanh thang may","caption":"S\\u1ea3nh thang m\\u00e1y"},{"pan":"-119.08","tilt":"-4.41","from":"Be boi ngoai troi","to":"Spa","caption":"Spa"},{"pan":"128.22","tilt":"-42.12","from":"Spa","to":"gym","caption":"Ph\\u00f2ng t\\u1eadp Gym"},{"pan":"-22.00","tilt":"-14.63","from":"gym","to":"Spa","caption":"Spa"},{"pan":"-108.52","tilt":"-16.71","from":"Benh vien","to":"Sanh thang may","caption":"S\\u1ea3nh thang m\\u00e1y"},{"pan":"-58.11","tilt":"-18.74","from":"Sanh Tiep tan","to":"Sanh thang may","caption":"S\\u1ea3nh thang m\\u00e1y"},{"pan":"-65.66","tilt":"-16.69","from":"Sanh Tiep tan","to":"Sanh Dich vu","caption":"S\\u1ea3nh d\\u1ecbch v\\u1ee5"},{"pan":"-142.26","tilt":"-19.41","from":"Sanh Tiep tan","to":"nha tre - ben ngoai","caption":"Nh\\u00e0 tr\\u1ebb"},{"pan":"-103.86","tilt":"16.47","from":"TT01-Phong khach","to":"TT01-phong ngu 1","caption":"Ph\\u00f2ng ng\\u1ee7"},{"pan":"119.59","tilt":"-26","from":"TT01-phong ngu 1","to":"TT01-Phong khach","caption":"Ph\\u00f2ng kh\\u00e1ch"},{"pan":"108.67","tilt":"-27.66","from":"TT01-phong ngu 1","to":"TT01-phong ngu 2","caption":"Ph\\u00f2ng ng\\u1ee7 2"},{"pan":"90.02","tilt":"-22.19","from":"TT01-phong ngu 2","to":"TT01-Phong khach","caption":"Ph\\u00f2ng kh\\u00e1ch"},{"pan":"100.00","tilt":"-22.19","from":"TT01-phong ngu 2","to":"TT01-phong ngu 1","caption":"Ph\\u00f2ng ng\\u1ee7 1"},{"pan":"110.00","tilt":"-22.19","from":"TT01-phong ngu 2","to":"TT01-WC","caption":"WC"},{"pan":"-138.71","tilt":"-25.74","from":"TT01-WC","to":"TT01-phong ngu 2","caption":"Ph\\u00f2ng ng\\u1ee7 2"},{"pan":"-178.87","tilt":"-5.44","from":"Sanh Dich vu","to":"Sanh Tiep tan","caption":"S\\u1ea3nh l\\u1ec5 t\\u00e2n"},{"pan":"-151.64","tilt":"-5.44","from":"Sanh Dich vu","to":"Cafe","caption":"Qu\\u00e1n cafe"},{"pan":"-140","tilt":"-5.44","from":"Sanh Dich vu","to":"nha hang","caption":"Nh\\u00e0 h\\u00e0ng"},{"pan":"2.62","tilt":"-14.90","from":"nha hang","to":"Sanh Dich vu","caption":"S\\u1ea3nh d\\u1ecbch v\\u1ee5"}]', 'gym'),
(54, 1434963963, 'mat_truoc', 'Khu thương mại ngoài trời', 16, '/upload/images/panoramas/0_0.jpg', '', 'panorama', NULL, NULL, '[{"pan":"13.80","tilt":"-12.19","from":"mat truoc 1","to":"Sanh Dich vu","caption":"S\\u1ea3nh d\\u1ecbch v\\u1ee5"},{"pan":"-79.94","tilt":"-9.27","from":"mat truoc 1","to":"mat truoc 2","caption":"Khu TM ngo\\u00e0i tr\\u1eddi"},{"pan":"96.53","tilt":"-9.13","from":"mat truoc 1","to":"nha tre - ben ngoai","caption":"Ph\\u00eda tr\\u01b0\\u1edbc nh\\u00e0 tr\\u1ebb"},{"pan":"-0.11","tilt":"-7.49","from":"Sanh Dich vu","to":"mat truoc 1","caption":"Qu\\u1ea3ng tr\\u01b0\\u1eddng trung t\\u00e2m"},{"pan":"-33.95","tilt":"-16.74","from":"Sanh Dich vu","to":"Cua hang lua","caption":"C\\u1eeda h\\u00e0ng l\\u1ee5a"},{"pan":"38.61","tilt":"-16.53","from":"Sanh Dich vu","to":"Sieu thi","caption":"Si\\u00eau th\\u1ecb"},{"pan":"94.15","tilt":"-10.58","from":"Sieu thi","to":"Sanh Dich vu","caption":"S\\u1ea3nh d\\u1ecbch v\\u1ee5"},{"pan":"18.52","tilt":"-24.85","from":"Cua hang lua","to":"Sanh Dich vu","caption":"S\\u1ea3nh d\\u1ecbch v\\u1ee5"},{"pan":"-157.90","tilt":"-14.69","from":"nha tre - ben ngoai","to":"mat truoc 1","caption":"Qu\\u1ea3ng tr\\u01b0\\u1eddng trung t\\u00e2m"},{"pan":"18.16","tilt":"-16.53","from":"mat truoc 2","to":"Cafe","caption":"Khu cafe"},{"pan":"88.09","tilt":"-8.93","from":"mat truoc 2","to":"mat truoc 1","caption":"Qu\\u1ea3ng tr\\u01b0\\u1eddng trung t\\u00e2m"},{"pan":"-88.12","tilt":"-8.39","from":"mat truoc 2","to":"mat truoc 3","caption":"L\\u1ed1i v\\u00e0o d\\u1ef1 \\u00e1n"},{"pan":"46.00","tilt":"-10.94","from":"mat truoc 3","to":"mat truoc 2","caption":"Khu TM ngo\\u00e0i tr\\u1eddi"},{"pan":"-8.95","tilt":"-21.40","from":"Cafe","to":"mat truoc 2","caption":"Khu TM ngo\\u00e0i tr\\u1eddi"},{"pan":"-174.21","tilt":"-4.56","from":"mat truoc 1","to":"TT01-Phong khach","caption":"Khu nh\\u00e0 TT01-Ph\\u00f2ng kh\\u00e1ch"},{"pan":"88.92","tilt":"-36.18","from":"TT01-Phong khach","to":"mat truoc 1","caption":"Qu\\u1ea3ng tr\\u01b0\\u1eddng trung t\\u00e2m"},{"pan":"-73.04","tilt":"-22.31","from":"TT01-Phong khach","to":"TT01-Bep","caption":"Khu nh\\u00e0 TT01-B\\u1ebfp"},{"pan":"67.21","tilt":"-21.69","from":"TT01-Bep","to":"TT01-Phong khach","caption":"Khu nh\\u00e0 TT01-Ph\\u00f2ng kh\\u00e1ch"},{"pan":"-91.65","tilt":"-6.56","from":"mat truoc 3","to":"khu de xe","caption":"Khu \\u0111\\u1ec3 xe"},{"pan":"3.68","tilt":"-19.22","from":"khu de xe","to":"mat truoc 3","caption":"L\\u1ed1i v\\u00e0o d\\u1ef1 \\u00e1n"},{"pan":"-180","tilt":"-16.23","from":"khu de xe","to":"Sanh thang may","caption":"S\\u1ea3nh thang m\\u00e1y"},{"pan":"154.87","tilt":"-27.79","from":"Sanh thang may","to":"Be boi ngoai troi","caption":"B\\u1ec3 b\\u01a1i ngo\\u00e0i tr\\u1eddi"},{"pan":"-146.95","tilt":"-30.60","from":"Sanh thang may","to":"D1-phong khach","caption":"C\\u0103n h\\u1ed9 D1-Ph\\u00f2ng kh\\u00e1ch"},{"pan":"34.83","tilt":"-25.04","from":"Sanh thang may","to":"khu de xe","caption":"Khu \\u0111\\u1ec3 xe"},{"pan":"-23.65","tilt":"-30.92","from":"Sanh thang may","to":"Benh vien","caption":"B\\u1ec7nh vi\\u1ec7n qu\\u1ed1c t\\u1ebf"},{"pan":"-0.10","tilt":"-23.96","from":"Sanh thang may","to":"Sanh Tiep tan","caption":"S\\u1ea3nh ti\\u1ebfp t\\u00e2n"},{"pan":"3.29","tilt":"-13.28","from":"D1-phong khach","to":"D1-phongan","caption":"D1-Ph\\u00f2ng \\u0103n"},{"pan":"116.90","tilt":"-6.76","from":"Be boi ngoai troi","to":"Sanh thang may","caption":"S\\u1ea3nh thang m\\u00e1y"},{"pan":"-119.08","tilt":"-4.41","from":"Be boi ngoai troi","to":"Spa","caption":"Spa"},{"pan":"128.22","tilt":"-42.12","from":"Spa","to":"gym","caption":"Ph\\u00f2ng t\\u1eadp Gym"},{"pan":"-22.00","tilt":"-14.63","from":"gym","to":"Spa","caption":"Spa"},{"pan":"-108.52","tilt":"-16.71","from":"Benh vien","to":"Sanh thang may","caption":"S\\u1ea3nh thang m\\u00e1y"},{"pan":"-58.11","tilt":"-18.74","from":"Sanh Tiep tan","to":"Sanh thang may","caption":"S\\u1ea3nh thang m\\u00e1y"},{"pan":"-65.66","tilt":"-16.69","from":"Sanh Tiep tan","to":"Sanh Dich vu","caption":"S\\u1ea3nh d\\u1ecbch v\\u1ee5"},{"pan":"-142.26","tilt":"-19.41","from":"Sanh Tiep tan","to":"nha tre - ben ngoai","caption":"Nh\\u00e0 tr\\u1ebb"},{"pan":"-103.86","tilt":"16.47","from":"TT01-Phong khach","to":"TT01-phong ngu 1","caption":"Ph\\u00f2ng ng\\u1ee7"},{"pan":"119.59","tilt":"-26","from":"TT01-phong ngu 1","to":"TT01-Phong khach","caption":"Ph\\u00f2ng kh\\u00e1ch"},{"pan":"108.67","tilt":"-27.66","from":"TT01-phong ngu 1","to":"TT01-phong ngu 2","caption":"Ph\\u00f2ng ng\\u1ee7 2"},{"pan":"90.02","tilt":"-22.19","from":"TT01-phong ngu 2","to":"TT01-Phong khach","caption":"Ph\\u00f2ng kh\\u00e1ch"},{"pan":"100.00","tilt":"-22.19","from":"TT01-phong ngu 2","to":"TT01-phong ngu 1","caption":"Ph\\u00f2ng ng\\u1ee7 1"},{"pan":"110.00","tilt":"-22.19","from":"TT01-phong ngu 2","to":"TT01-WC","caption":"WC"},{"pan":"-138.71","tilt":"-25.74","from":"TT01-WC","to":"TT01-phong ngu 2","caption":"Ph\\u00f2ng ng\\u1ee7 2"},{"pan":"-178.87","tilt":"-5.44","from":"Sanh Dich vu","to":"Sanh Tiep tan","caption":"S\\u1ea3nh l\\u1ec5 t\\u00e2n"},{"pan":"-151.64","tilt":"-5.44","from":"Sanh Dich vu","to":"Cafe","caption":"Qu\\u00e1n cafe"},{"pan":"-140","tilt":"-5.44","from":"Sanh Dich vu","to":"nha hang","caption":"Nh\\u00e0 h\\u00e0ng"},{"pan":"2.62","tilt":"-14.90","from":"nha hang","to":"Sanh Dich vu","caption":"S\\u1ea3nh d\\u1ecbch v\\u1ee5"}]', 'mat truoc 2'),
(55, 1434963963, 'mat_truoc', 'Lối vào dự án', 16, '/upload/images/panoramas/loivao.jpg', '', 'panorama', NULL, NULL, '[{"pan":"13.80","tilt":"-12.19","from":"mat truoc 1","to":"Sanh Dich vu","caption":"S\\u1ea3nh d\\u1ecbch v\\u1ee5"},{"pan":"-79.94","tilt":"-9.27","from":"mat truoc 1","to":"mat truoc 2","caption":"Khu TM ngo\\u00e0i tr\\u1eddi"},{"pan":"96.53","tilt":"-9.13","from":"mat truoc 1","to":"nha tre - ben ngoai","caption":"Ph\\u00eda tr\\u01b0\\u1edbc nh\\u00e0 tr\\u1ebb"},{"pan":"-0.11","tilt":"-7.49","from":"Sanh Dich vu","to":"mat truoc 1","caption":"Qu\\u1ea3ng tr\\u01b0\\u1eddng trung t\\u00e2m"},{"pan":"-33.95","tilt":"-16.74","from":"Sanh Dich vu","to":"Cua hang lua","caption":"C\\u1eeda h\\u00e0ng l\\u1ee5a"},{"pan":"38.61","tilt":"-16.53","from":"Sanh Dich vu","to":"Sieu thi","caption":"Si\\u00eau th\\u1ecb"},{"pan":"94.15","tilt":"-10.58","from":"Sieu thi","to":"Sanh Dich vu","caption":"S\\u1ea3nh d\\u1ecbch v\\u1ee5"},{"pan":"18.52","tilt":"-24.85","from":"Cua hang lua","to":"Sanh Dich vu","caption":"S\\u1ea3nh d\\u1ecbch v\\u1ee5"},{"pan":"-157.90","tilt":"-14.69","from":"nha tre - ben ngoai","to":"mat truoc 1","caption":"Qu\\u1ea3ng tr\\u01b0\\u1eddng trung t\\u00e2m"},{"pan":"18.16","tilt":"-16.53","from":"mat truoc 2","to":"Cafe","caption":"Khu cafe"},{"pan":"88.09","tilt":"-8.93","from":"mat truoc 2","to":"mat truoc 1","caption":"Qu\\u1ea3ng tr\\u01b0\\u1eddng trung t\\u00e2m"},{"pan":"-88.12","tilt":"-8.39","from":"mat truoc 2","to":"mat truoc 3","caption":"L\\u1ed1i v\\u00e0o d\\u1ef1 \\u00e1n"},{"pan":"46.00","tilt":"-10.94","from":"mat truoc 3","to":"mat truoc 2","caption":"Khu TM ngo\\u00e0i tr\\u1eddi"},{"pan":"-8.95","tilt":"-21.40","from":"Cafe","to":"mat truoc 2","caption":"Khu TM ngo\\u00e0i tr\\u1eddi"},{"pan":"-174.21","tilt":"-4.56","from":"mat truoc 1","to":"TT01-Phong khach","caption":"Khu nh\\u00e0 TT01-Ph\\u00f2ng kh\\u00e1ch"},{"pan":"88.92","tilt":"-36.18","from":"TT01-Phong khach","to":"mat truoc 1","caption":"Qu\\u1ea3ng tr\\u01b0\\u1eddng trung t\\u00e2m"},{"pan":"-73.04","tilt":"-22.31","from":"TT01-Phong khach","to":"TT01-Bep","caption":"Khu nh\\u00e0 TT01-B\\u1ebfp"},{"pan":"67.21","tilt":"-21.69","from":"TT01-Bep","to":"TT01-Phong khach","caption":"Khu nh\\u00e0 TT01-Ph\\u00f2ng kh\\u00e1ch"},{"pan":"-91.65","tilt":"-6.56","from":"mat truoc 3","to":"khu de xe","caption":"Khu \\u0111\\u1ec3 xe"},{"pan":"3.68","tilt":"-19.22","from":"khu de xe","to":"mat truoc 3","caption":"L\\u1ed1i v\\u00e0o d\\u1ef1 \\u00e1n"},{"pan":"-180","tilt":"-16.23","from":"khu de xe","to":"Sanh thang may","caption":"S\\u1ea3nh thang m\\u00e1y"},{"pan":"154.87","tilt":"-27.79","from":"Sanh thang may","to":"Be boi ngoai troi","caption":"B\\u1ec3 b\\u01a1i ngo\\u00e0i tr\\u1eddi"},{"pan":"-146.95","tilt":"-30.60","from":"Sanh thang may","to":"D1-phong khach","caption":"C\\u0103n h\\u1ed9 D1-Ph\\u00f2ng kh\\u00e1ch"},{"pan":"34.83","tilt":"-25.04","from":"Sanh thang may","to":"khu de xe","caption":"Khu \\u0111\\u1ec3 xe"},{"pan":"-23.65","tilt":"-30.92","from":"Sanh thang may","to":"Benh vien","caption":"B\\u1ec7nh vi\\u1ec7n qu\\u1ed1c t\\u1ebf"},{"pan":"-0.10","tilt":"-23.96","from":"Sanh thang may","to":"Sanh Tiep tan","caption":"S\\u1ea3nh ti\\u1ebfp t\\u00e2n"},{"pan":"3.29","tilt":"-13.28","from":"D1-phong khach","to":"D1-phongan","caption":"D1-Ph\\u00f2ng \\u0103n"},{"pan":"116.90","tilt":"-6.76","from":"Be boi ngoai troi","to":"Sanh thang may","caption":"S\\u1ea3nh thang m\\u00e1y"},{"pan":"-119.08","tilt":"-4.41","from":"Be boi ngoai troi","to":"Spa","caption":"Spa"},{"pan":"128.22","tilt":"-42.12","from":"Spa","to":"gym","caption":"Ph\\u00f2ng t\\u1eadp Gym"},{"pan":"-22.00","tilt":"-14.63","from":"gym","to":"Spa","caption":"Spa"},{"pan":"-108.52","tilt":"-16.71","from":"Benh vien","to":"Sanh thang may","caption":"S\\u1ea3nh thang m\\u00e1y"},{"pan":"-58.11","tilt":"-18.74","from":"Sanh Tiep tan","to":"Sanh thang may","caption":"S\\u1ea3nh thang m\\u00e1y"},{"pan":"-65.66","tilt":"-16.69","from":"Sanh Tiep tan","to":"Sanh Dich vu","caption":"S\\u1ea3nh d\\u1ecbch v\\u1ee5"},{"pan":"-142.26","tilt":"-19.41","from":"Sanh Tiep tan","to":"nha tre - ben ngoai","caption":"Nh\\u00e0 tr\\u1ebb"},{"pan":"-103.86","tilt":"16.47","from":"TT01-Phong khach","to":"TT01-phong ngu 1","caption":"Ph\\u00f2ng ng\\u1ee7"},{"pan":"119.59","tilt":"-26","from":"TT01-phong ngu 1","to":"TT01-Phong khach","caption":"Ph\\u00f2ng kh\\u00e1ch"},{"pan":"108.67","tilt":"-27.66","from":"TT01-phong ngu 1","to":"TT01-phong ngu 2","caption":"Ph\\u00f2ng ng\\u1ee7 2"},{"pan":"90.02","tilt":"-22.19","from":"TT01-phong ngu 2","to":"TT01-Phong khach","caption":"Ph\\u00f2ng kh\\u00e1ch"},{"pan":"100.00","tilt":"-22.19","from":"TT01-phong ngu 2","to":"TT01-phong ngu 1","caption":"Ph\\u00f2ng ng\\u1ee7 1"},{"pan":"110.00","tilt":"-22.19","from":"TT01-phong ngu 2","to":"TT01-WC","caption":"WC"},{"pan":"-138.71","tilt":"-25.74","from":"TT01-WC","to":"TT01-phong ngu 2","caption":"Ph\\u00f2ng ng\\u1ee7 2"},{"pan":"-178.87","tilt":"-5.44","from":"Sanh Dich vu","to":"Sanh Tiep tan","caption":"S\\u1ea3nh l\\u1ec5 t\\u00e2n"},{"pan":"-151.64","tilt":"-5.44","from":"Sanh Dich vu","to":"Cafe","caption":"Qu\\u00e1n cafe"},{"pan":"-140","tilt":"-5.44","from":"Sanh Dich vu","to":"nha hang","caption":"Nh\\u00e0 h\\u00e0ng"},{"pan":"2.62","tilt":"-14.90","from":"nha hang","to":"Sanh Dich vu","caption":"S\\u1ea3nh d\\u1ecbch v\\u1ee5"}]', 'mat truoc 3'),
(56, 1434963963, 'mat_truoc', 'Bể bơi ngoài trời	', 16, '/upload/images/panoramas/beboi.jpg', '', 'panorama', NULL, NULL, '[{"pan":"13.80","tilt":"-12.19","from":"mat truoc 1","to":"Sanh Dich vu","caption":"S\\u1ea3nh d\\u1ecbch v\\u1ee5"},{"pan":"-79.94","tilt":"-9.27","from":"mat truoc 1","to":"mat truoc 2","caption":"Khu TM ngo\\u00e0i tr\\u1eddi"},{"pan":"96.53","tilt":"-9.13","from":"mat truoc 1","to":"nha tre - ben ngoai","caption":"Ph\\u00eda tr\\u01b0\\u1edbc nh\\u00e0 tr\\u1ebb"},{"pan":"-0.11","tilt":"-7.49","from":"Sanh Dich vu","to":"mat truoc 1","caption":"Qu\\u1ea3ng tr\\u01b0\\u1eddng trung t\\u00e2m"},{"pan":"-33.95","tilt":"-16.74","from":"Sanh Dich vu","to":"Cua hang lua","caption":"C\\u1eeda h\\u00e0ng l\\u1ee5a"},{"pan":"38.61","tilt":"-16.53","from":"Sanh Dich vu","to":"Sieu thi","caption":"Si\\u00eau th\\u1ecb"},{"pan":"94.15","tilt":"-10.58","from":"Sieu thi","to":"Sanh Dich vu","caption":"S\\u1ea3nh d\\u1ecbch v\\u1ee5"},{"pan":"18.52","tilt":"-24.85","from":"Cua hang lua","to":"Sanh Dich vu","caption":"S\\u1ea3nh d\\u1ecbch v\\u1ee5"},{"pan":"-157.90","tilt":"-14.69","from":"nha tre - ben ngoai","to":"mat truoc 1","caption":"Qu\\u1ea3ng tr\\u01b0\\u1eddng trung t\\u00e2m"},{"pan":"18.16","tilt":"-16.53","from":"mat truoc 2","to":"Cafe","caption":"Khu cafe"},{"pan":"88.09","tilt":"-8.93","from":"mat truoc 2","to":"mat truoc 1","caption":"Qu\\u1ea3ng tr\\u01b0\\u1eddng trung t\\u00e2m"},{"pan":"-88.12","tilt":"-8.39","from":"mat truoc 2","to":"mat truoc 3","caption":"L\\u1ed1i v\\u00e0o d\\u1ef1 \\u00e1n"},{"pan":"46.00","tilt":"-10.94","from":"mat truoc 3","to":"mat truoc 2","caption":"Khu TM ngo\\u00e0i tr\\u1eddi"},{"pan":"-8.95","tilt":"-21.40","from":"Cafe","to":"mat truoc 2","caption":"Khu TM ngo\\u00e0i tr\\u1eddi"},{"pan":"-174.21","tilt":"-4.56","from":"mat truoc 1","to":"TT01-Phong khach","caption":"Khu nh\\u00e0 TT01-Ph\\u00f2ng kh\\u00e1ch"},{"pan":"88.92","tilt":"-36.18","from":"TT01-Phong khach","to":"mat truoc 1","caption":"Qu\\u1ea3ng tr\\u01b0\\u1eddng trung t\\u00e2m"},{"pan":"-73.04","tilt":"-22.31","from":"TT01-Phong khach","to":"TT01-Bep","caption":"Khu nh\\u00e0 TT01-B\\u1ebfp"},{"pan":"67.21","tilt":"-21.69","from":"TT01-Bep","to":"TT01-Phong khach","caption":"Khu nh\\u00e0 TT01-Ph\\u00f2ng kh\\u00e1ch"},{"pan":"-91.65","tilt":"-6.56","from":"mat truoc 3","to":"khu de xe","caption":"Khu \\u0111\\u1ec3 xe"},{"pan":"3.68","tilt":"-19.22","from":"khu de xe","to":"mat truoc 3","caption":"L\\u1ed1i v\\u00e0o d\\u1ef1 \\u00e1n"},{"pan":"-180","tilt":"-16.23","from":"khu de xe","to":"Sanh thang may","caption":"S\\u1ea3nh thang m\\u00e1y"},{"pan":"154.87","tilt":"-27.79","from":"Sanh thang may","to":"Be boi ngoai troi","caption":"B\\u1ec3 b\\u01a1i ngo\\u00e0i tr\\u1eddi"},{"pan":"-146.95","tilt":"-30.60","from":"Sanh thang may","to":"D1-phong khach","caption":"C\\u0103n h\\u1ed9 D1-Ph\\u00f2ng kh\\u00e1ch"},{"pan":"34.83","tilt":"-25.04","from":"Sanh thang may","to":"khu de xe","caption":"Khu \\u0111\\u1ec3 xe"},{"pan":"-23.65","tilt":"-30.92","from":"Sanh thang may","to":"Benh vien","caption":"B\\u1ec7nh vi\\u1ec7n qu\\u1ed1c t\\u1ebf"},{"pan":"-0.10","tilt":"-23.96","from":"Sanh thang may","to":"Sanh Tiep tan","caption":"S\\u1ea3nh ti\\u1ebfp t\\u00e2n"},{"pan":"3.29","tilt":"-13.28","from":"D1-phong khach","to":"D1-phongan","caption":"D1-Ph\\u00f2ng \\u0103n"},{"pan":"116.90","tilt":"-6.76","from":"Be boi ngoai troi","to":"Sanh thang may","caption":"S\\u1ea3nh thang m\\u00e1y"},{"pan":"-119.08","tilt":"-4.41","from":"Be boi ngoai troi","to":"Spa","caption":"Spa"},{"pan":"128.22","tilt":"-42.12","from":"Spa","to":"gym","caption":"Ph\\u00f2ng t\\u1eadp Gym"},{"pan":"-22.00","tilt":"-14.63","from":"gym","to":"Spa","caption":"Spa"},{"pan":"-108.52","tilt":"-16.71","from":"Benh vien","to":"Sanh thang may","caption":"S\\u1ea3nh thang m\\u00e1y"},{"pan":"-58.11","tilt":"-18.74","from":"Sanh Tiep tan","to":"Sanh thang may","caption":"S\\u1ea3nh thang m\\u00e1y"},{"pan":"-65.66","tilt":"-16.69","from":"Sanh Tiep tan","to":"Sanh Dich vu","caption":"S\\u1ea3nh d\\u1ecbch v\\u1ee5"},{"pan":"-142.26","tilt":"-19.41","from":"Sanh Tiep tan","to":"nha tre - ben ngoai","caption":"Nh\\u00e0 tr\\u1ebb"},{"pan":"-103.86","tilt":"16.47","from":"TT01-Phong khach","to":"TT01-phong ngu 1","caption":"Ph\\u00f2ng ng\\u1ee7"},{"pan":"119.59","tilt":"-26","from":"TT01-phong ngu 1","to":"TT01-Phong khach","caption":"Ph\\u00f2ng kh\\u00e1ch"},{"pan":"108.67","tilt":"-27.66","from":"TT01-phong ngu 1","to":"TT01-phong ngu 2","caption":"Ph\\u00f2ng ng\\u1ee7 2"},{"pan":"90.02","tilt":"-22.19","from":"TT01-phong ngu 2","to":"TT01-Phong khach","caption":"Ph\\u00f2ng kh\\u00e1ch"},{"pan":"100.00","tilt":"-22.19","from":"TT01-phong ngu 2","to":"TT01-phong ngu 1","caption":"Ph\\u00f2ng ng\\u1ee7 1"},{"pan":"110.00","tilt":"-22.19","from":"TT01-phong ngu 2","to":"TT01-WC","caption":"WC"},{"pan":"-138.71","tilt":"-25.74","from":"TT01-WC","to":"TT01-phong ngu 2","caption":"Ph\\u00f2ng ng\\u1ee7 2"},{"pan":"-178.87","tilt":"-5.44","from":"Sanh Dich vu","to":"Sanh Tiep tan","caption":"S\\u1ea3nh l\\u1ec5 t\\u00e2n"},{"pan":"-151.64","tilt":"-5.44","from":"Sanh Dich vu","to":"Cafe","caption":"Qu\\u00e1n cafe"},{"pan":"-140","tilt":"-5.44","from":"Sanh Dich vu","to":"nha hang","caption":"Nh\\u00e0 h\\u00e0ng"},{"pan":"2.62","tilt":"-14.90","from":"nha hang","to":"Sanh Dich vu","caption":"S\\u1ea3nh d\\u1ecbch v\\u1ee5"}]', 'Be boi ngoai troi'),
(57, 1434963963, 'mat_truoc', 'Bệnh viện quốc tế', 16, '/upload/images/panoramas/benhvien.jpg', '', 'panorama', NULL, NULL, '[{"pan":"13.80","tilt":"-12.19","from":"mat truoc 1","to":"Sanh Dich vu","caption":"S\\u1ea3nh d\\u1ecbch v\\u1ee5"},{"pan":"-79.94","tilt":"-9.27","from":"mat truoc 1","to":"mat truoc 2","caption":"Khu TM ngo\\u00e0i tr\\u1eddi"},{"pan":"96.53","tilt":"-9.13","from":"mat truoc 1","to":"nha tre - ben ngoai","caption":"Ph\\u00eda tr\\u01b0\\u1edbc nh\\u00e0 tr\\u1ebb"},{"pan":"-0.11","tilt":"-7.49","from":"Sanh Dich vu","to":"mat truoc 1","caption":"Qu\\u1ea3ng tr\\u01b0\\u1eddng trung t\\u00e2m"},{"pan":"-33.95","tilt":"-16.74","from":"Sanh Dich vu","to":"Cua hang lua","caption":"C\\u1eeda h\\u00e0ng l\\u1ee5a"},{"pan":"38.61","tilt":"-16.53","from":"Sanh Dich vu","to":"Sieu thi","caption":"Si\\u00eau th\\u1ecb"},{"pan":"94.15","tilt":"-10.58","from":"Sieu thi","to":"Sanh Dich vu","caption":"S\\u1ea3nh d\\u1ecbch v\\u1ee5"},{"pan":"18.52","tilt":"-24.85","from":"Cua hang lua","to":"Sanh Dich vu","caption":"S\\u1ea3nh d\\u1ecbch v\\u1ee5"},{"pan":"-157.90","tilt":"-14.69","from":"nha tre - ben ngoai","to":"mat truoc 1","caption":"Qu\\u1ea3ng tr\\u01b0\\u1eddng trung t\\u00e2m"},{"pan":"18.16","tilt":"-16.53","from":"mat truoc 2","to":"Cafe","caption":"Khu cafe"},{"pan":"88.09","tilt":"-8.93","from":"mat truoc 2","to":"mat truoc 1","caption":"Qu\\u1ea3ng tr\\u01b0\\u1eddng trung t\\u00e2m"},{"pan":"-88.12","tilt":"-8.39","from":"mat truoc 2","to":"mat truoc 3","caption":"L\\u1ed1i v\\u00e0o d\\u1ef1 \\u00e1n"},{"pan":"46.00","tilt":"-10.94","from":"mat truoc 3","to":"mat truoc 2","caption":"Khu TM ngo\\u00e0i tr\\u1eddi"},{"pan":"-8.95","tilt":"-21.40","from":"Cafe","to":"mat truoc 2","caption":"Khu TM ngo\\u00e0i tr\\u1eddi"},{"pan":"-174.21","tilt":"-4.56","from":"mat truoc 1","to":"TT01-Phong khach","caption":"Khu nh\\u00e0 TT01-Ph\\u00f2ng kh\\u00e1ch"},{"pan":"88.92","tilt":"-36.18","from":"TT01-Phong khach","to":"mat truoc 1","caption":"Qu\\u1ea3ng tr\\u01b0\\u1eddng trung t\\u00e2m"},{"pan":"-73.04","tilt":"-22.31","from":"TT01-Phong khach","to":"TT01-Bep","caption":"Khu nh\\u00e0 TT01-B\\u1ebfp"},{"pan":"67.21","tilt":"-21.69","from":"TT01-Bep","to":"TT01-Phong khach","caption":"Khu nh\\u00e0 TT01-Ph\\u00f2ng kh\\u00e1ch"},{"pan":"-91.65","tilt":"-6.56","from":"mat truoc 3","to":"khu de xe","caption":"Khu \\u0111\\u1ec3 xe"},{"pan":"3.68","tilt":"-19.22","from":"khu de xe","to":"mat truoc 3","caption":"L\\u1ed1i v\\u00e0o d\\u1ef1 \\u00e1n"},{"pan":"-180","tilt":"-16.23","from":"khu de xe","to":"Sanh thang may","caption":"S\\u1ea3nh thang m\\u00e1y"},{"pan":"154.87","tilt":"-27.79","from":"Sanh thang may","to":"Be boi ngoai troi","caption":"B\\u1ec3 b\\u01a1i ngo\\u00e0i tr\\u1eddi"},{"pan":"-146.95","tilt":"-30.60","from":"Sanh thang may","to":"D1-phong khach","caption":"C\\u0103n h\\u1ed9 D1-Ph\\u00f2ng kh\\u00e1ch"},{"pan":"34.83","tilt":"-25.04","from":"Sanh thang may","to":"khu de xe","caption":"Khu \\u0111\\u1ec3 xe"},{"pan":"-23.65","tilt":"-30.92","from":"Sanh thang may","to":"Benh vien","caption":"B\\u1ec7nh vi\\u1ec7n qu\\u1ed1c t\\u1ebf"},{"pan":"-0.10","tilt":"-23.96","from":"Sanh thang may","to":"Sanh Tiep tan","caption":"S\\u1ea3nh ti\\u1ebfp t\\u00e2n"},{"pan":"3.29","tilt":"-13.28","from":"D1-phong khach","to":"D1-phongan","caption":"D1-Ph\\u00f2ng \\u0103n"},{"pan":"116.90","tilt":"-6.76","from":"Be boi ngoai troi","to":"Sanh thang may","caption":"S\\u1ea3nh thang m\\u00e1y"},{"pan":"-119.08","tilt":"-4.41","from":"Be boi ngoai troi","to":"Spa","caption":"Spa"},{"pan":"128.22","tilt":"-42.12","from":"Spa","to":"gym","caption":"Ph\\u00f2ng t\\u1eadp Gym"},{"pan":"-22.00","tilt":"-14.63","from":"gym","to":"Spa","caption":"Spa"},{"pan":"-108.52","tilt":"-16.71","from":"Benh vien","to":"Sanh thang may","caption":"S\\u1ea3nh thang m\\u00e1y"},{"pan":"-58.11","tilt":"-18.74","from":"Sanh Tiep tan","to":"Sanh thang may","caption":"S\\u1ea3nh thang m\\u00e1y"},{"pan":"-65.66","tilt":"-16.69","from":"Sanh Tiep tan","to":"Sanh Dich vu","caption":"S\\u1ea3nh d\\u1ecbch v\\u1ee5"},{"pan":"-142.26","tilt":"-19.41","from":"Sanh Tiep tan","to":"nha tre - ben ngoai","caption":"Nh\\u00e0 tr\\u1ebb"},{"pan":"-103.86","tilt":"16.47","from":"TT01-Phong khach","to":"TT01-phong ngu 1","caption":"Ph\\u00f2ng ng\\u1ee7"},{"pan":"119.59","tilt":"-26","from":"TT01-phong ngu 1","to":"TT01-Phong khach","caption":"Ph\\u00f2ng kh\\u00e1ch"},{"pan":"108.67","tilt":"-27.66","from":"TT01-phong ngu 1","to":"TT01-phong ngu 2","caption":"Ph\\u00f2ng ng\\u1ee7 2"},{"pan":"90.02","tilt":"-22.19","from":"TT01-phong ngu 2","to":"TT01-Phong khach","caption":"Ph\\u00f2ng kh\\u00e1ch"},{"pan":"100.00","tilt":"-22.19","from":"TT01-phong ngu 2","to":"TT01-phong ngu 1","caption":"Ph\\u00f2ng ng\\u1ee7 1"},{"pan":"110.00","tilt":"-22.19","from":"TT01-phong ngu 2","to":"TT01-WC","caption":"WC"},{"pan":"-138.71","tilt":"-25.74","from":"TT01-WC","to":"TT01-phong ngu 2","caption":"Ph\\u00f2ng ng\\u1ee7 2"},{"pan":"-178.87","tilt":"-5.44","from":"Sanh Dich vu","to":"Sanh Tiep tan","caption":"S\\u1ea3nh l\\u1ec5 t\\u00e2n"},{"pan":"-151.64","tilt":"-5.44","from":"Sanh Dich vu","to":"Cafe","caption":"Qu\\u00e1n cafe"},{"pan":"-140","tilt":"-5.44","from":"Sanh Dich vu","to":"nha hang","caption":"Nh\\u00e0 h\\u00e0ng"},{"pan":"2.62","tilt":"-14.90","from":"nha hang","to":"Sanh Dich vu","caption":"S\\u1ea3nh d\\u1ecbch v\\u1ee5"}]', 'Benh vien'),
(58, 1434963963, 'mat_truoc', 'Khu cafe', 16, '/upload/images/panoramas/cafe.jpg', '', 'panorama', NULL, NULL, '[{"pan":"13.80","tilt":"-12.19","from":"mat truoc 1","to":"Sanh Dich vu","caption":"S\\u1ea3nh d\\u1ecbch v\\u1ee5"},{"pan":"-79.94","tilt":"-9.27","from":"mat truoc 1","to":"mat truoc 2","caption":"Khu TM ngo\\u00e0i tr\\u1eddi"},{"pan":"96.53","tilt":"-9.13","from":"mat truoc 1","to":"nha tre - ben ngoai","caption":"Ph\\u00eda tr\\u01b0\\u1edbc nh\\u00e0 tr\\u1ebb"},{"pan":"-0.11","tilt":"-7.49","from":"Sanh Dich vu","to":"mat truoc 1","caption":"Qu\\u1ea3ng tr\\u01b0\\u1eddng trung t\\u00e2m"},{"pan":"-33.95","tilt":"-16.74","from":"Sanh Dich vu","to":"Cua hang lua","caption":"C\\u1eeda h\\u00e0ng l\\u1ee5a"},{"pan":"38.61","tilt":"-16.53","from":"Sanh Dich vu","to":"Sieu thi","caption":"Si\\u00eau th\\u1ecb"},{"pan":"94.15","tilt":"-10.58","from":"Sieu thi","to":"Sanh Dich vu","caption":"S\\u1ea3nh d\\u1ecbch v\\u1ee5"},{"pan":"18.52","tilt":"-24.85","from":"Cua hang lua","to":"Sanh Dich vu","caption":"S\\u1ea3nh d\\u1ecbch v\\u1ee5"},{"pan":"-157.90","tilt":"-14.69","from":"nha tre - ben ngoai","to":"mat truoc 1","caption":"Qu\\u1ea3ng tr\\u01b0\\u1eddng trung t\\u00e2m"},{"pan":"18.16","tilt":"-16.53","from":"mat truoc 2","to":"Cafe","caption":"Khu cafe"},{"pan":"88.09","tilt":"-8.93","from":"mat truoc 2","to":"mat truoc 1","caption":"Qu\\u1ea3ng tr\\u01b0\\u1eddng trung t\\u00e2m"},{"pan":"-88.12","tilt":"-8.39","from":"mat truoc 2","to":"mat truoc 3","caption":"L\\u1ed1i v\\u00e0o d\\u1ef1 \\u00e1n"},{"pan":"46.00","tilt":"-10.94","from":"mat truoc 3","to":"mat truoc 2","caption":"Khu TM ngo\\u00e0i tr\\u1eddi"},{"pan":"-8.95","tilt":"-21.40","from":"Cafe","to":"mat truoc 2","caption":"Khu TM ngo\\u00e0i tr\\u1eddi"},{"pan":"-174.21","tilt":"-4.56","from":"mat truoc 1","to":"TT01-Phong khach","caption":"Khu nh\\u00e0 TT01-Ph\\u00f2ng kh\\u00e1ch"},{"pan":"88.92","tilt":"-36.18","from":"TT01-Phong khach","to":"mat truoc 1","caption":"Qu\\u1ea3ng tr\\u01b0\\u1eddng trung t\\u00e2m"},{"pan":"-73.04","tilt":"-22.31","from":"TT01-Phong khach","to":"TT01-Bep","caption":"Khu nh\\u00e0 TT01-B\\u1ebfp"},{"pan":"67.21","tilt":"-21.69","from":"TT01-Bep","to":"TT01-Phong khach","caption":"Khu nh\\u00e0 TT01-Ph\\u00f2ng kh\\u00e1ch"},{"pan":"-91.65","tilt":"-6.56","from":"mat truoc 3","to":"khu de xe","caption":"Khu \\u0111\\u1ec3 xe"},{"pan":"3.68","tilt":"-19.22","from":"khu de xe","to":"mat truoc 3","caption":"L\\u1ed1i v\\u00e0o d\\u1ef1 \\u00e1n"},{"pan":"-180","tilt":"-16.23","from":"khu de xe","to":"Sanh thang may","caption":"S\\u1ea3nh thang m\\u00e1y"},{"pan":"154.87","tilt":"-27.79","from":"Sanh thang may","to":"Be boi ngoai troi","caption":"B\\u1ec3 b\\u01a1i ngo\\u00e0i tr\\u1eddi"},{"pan":"-146.95","tilt":"-30.60","from":"Sanh thang may","to":"D1-phong khach","caption":"C\\u0103n h\\u1ed9 D1-Ph\\u00f2ng kh\\u00e1ch"},{"pan":"34.83","tilt":"-25.04","from":"Sanh thang may","to":"khu de xe","caption":"Khu \\u0111\\u1ec3 xe"},{"pan":"-23.65","tilt":"-30.92","from":"Sanh thang may","to":"Benh vien","caption":"B\\u1ec7nh vi\\u1ec7n qu\\u1ed1c t\\u1ebf"},{"pan":"-0.10","tilt":"-23.96","from":"Sanh thang may","to":"Sanh Tiep tan","caption":"S\\u1ea3nh ti\\u1ebfp t\\u00e2n"},{"pan":"3.29","tilt":"-13.28","from":"D1-phong khach","to":"D1-phongan","caption":"D1-Ph\\u00f2ng \\u0103n"},{"pan":"116.90","tilt":"-6.76","from":"Be boi ngoai troi","to":"Sanh thang may","caption":"S\\u1ea3nh thang m\\u00e1y"},{"pan":"-119.08","tilt":"-4.41","from":"Be boi ngoai troi","to":"Spa","caption":"Spa"},{"pan":"128.22","tilt":"-42.12","from":"Spa","to":"gym","caption":"Ph\\u00f2ng t\\u1eadp Gym"},{"pan":"-22.00","tilt":"-14.63","from":"gym","to":"Spa","caption":"Spa"},{"pan":"-108.52","tilt":"-16.71","from":"Benh vien","to":"Sanh thang may","caption":"S\\u1ea3nh thang m\\u00e1y"},{"pan":"-58.11","tilt":"-18.74","from":"Sanh Tiep tan","to":"Sanh thang may","caption":"S\\u1ea3nh thang m\\u00e1y"},{"pan":"-65.66","tilt":"-16.69","from":"Sanh Tiep tan","to":"Sanh Dich vu","caption":"S\\u1ea3nh d\\u1ecbch v\\u1ee5"},{"pan":"-142.26","tilt":"-19.41","from":"Sanh Tiep tan","to":"nha tre - ben ngoai","caption":"Nh\\u00e0 tr\\u1ebb"},{"pan":"-103.86","tilt":"16.47","from":"TT01-Phong khach","to":"TT01-phong ngu 1","caption":"Ph\\u00f2ng ng\\u1ee7"},{"pan":"119.59","tilt":"-26","from":"TT01-phong ngu 1","to":"TT01-Phong khach","caption":"Ph\\u00f2ng kh\\u00e1ch"},{"pan":"108.67","tilt":"-27.66","from":"TT01-phong ngu 1","to":"TT01-phong ngu 2","caption":"Ph\\u00f2ng ng\\u1ee7 2"},{"pan":"90.02","tilt":"-22.19","from":"TT01-phong ngu 2","to":"TT01-Phong khach","caption":"Ph\\u00f2ng kh\\u00e1ch"},{"pan":"100.00","tilt":"-22.19","from":"TT01-phong ngu 2","to":"TT01-phong ngu 1","caption":"Ph\\u00f2ng ng\\u1ee7 1"},{"pan":"110.00","tilt":"-22.19","from":"TT01-phong ngu 2","to":"TT01-WC","caption":"WC"},{"pan":"-138.71","tilt":"-25.74","from":"TT01-WC","to":"TT01-phong ngu 2","caption":"Ph\\u00f2ng ng\\u1ee7 2"},{"pan":"-178.87","tilt":"-5.44","from":"Sanh Dich vu","to":"Sanh Tiep tan","caption":"S\\u1ea3nh l\\u1ec5 t\\u00e2n"},{"pan":"-151.64","tilt":"-5.44","from":"Sanh Dich vu","to":"Cafe","caption":"Qu\\u00e1n cafe"},{"pan":"-140","tilt":"-5.44","from":"Sanh Dich vu","to":"nha hang","caption":"Nh\\u00e0 h\\u00e0ng"},{"pan":"2.62","tilt":"-14.90","from":"nha hang","to":"Sanh Dich vu","caption":"S\\u1ea3nh d\\u1ecbch v\\u1ee5"}]', 'Cafe'),
(59, 1434963963, 'mat_truoc', 'Cửa hàng lụa', 16, '/upload/images/panoramas/lua.jpg', '', 'panorama', NULL, NULL, '[{"pan":"13.80","tilt":"-12.19","from":"mat truoc 1","to":"Sanh Dich vu","caption":"S\\u1ea3nh d\\u1ecbch v\\u1ee5"},{"pan":"-79.94","tilt":"-9.27","from":"mat truoc 1","to":"mat truoc 2","caption":"Khu TM ngo\\u00e0i tr\\u1eddi"},{"pan":"96.53","tilt":"-9.13","from":"mat truoc 1","to":"nha tre - ben ngoai","caption":"Ph\\u00eda tr\\u01b0\\u1edbc nh\\u00e0 tr\\u1ebb"},{"pan":"-0.11","tilt":"-7.49","from":"Sanh Dich vu","to":"mat truoc 1","caption":"Qu\\u1ea3ng tr\\u01b0\\u1eddng trung t\\u00e2m"},{"pan":"-33.95","tilt":"-16.74","from":"Sanh Dich vu","to":"Cua hang lua","caption":"C\\u1eeda h\\u00e0ng l\\u1ee5a"},{"pan":"38.61","tilt":"-16.53","from":"Sanh Dich vu","to":"Sieu thi","caption":"Si\\u00eau th\\u1ecb"},{"pan":"94.15","tilt":"-10.58","from":"Sieu thi","to":"Sanh Dich vu","caption":"S\\u1ea3nh d\\u1ecbch v\\u1ee5"},{"pan":"18.52","tilt":"-24.85","from":"Cua hang lua","to":"Sanh Dich vu","caption":"S\\u1ea3nh d\\u1ecbch v\\u1ee5"},{"pan":"-157.90","tilt":"-14.69","from":"nha tre - ben ngoai","to":"mat truoc 1","caption":"Qu\\u1ea3ng tr\\u01b0\\u1eddng trung t\\u00e2m"},{"pan":"18.16","tilt":"-16.53","from":"mat truoc 2","to":"Cafe","caption":"Khu cafe"},{"pan":"88.09","tilt":"-8.93","from":"mat truoc 2","to":"mat truoc 1","caption":"Qu\\u1ea3ng tr\\u01b0\\u1eddng trung t\\u00e2m"},{"pan":"-88.12","tilt":"-8.39","from":"mat truoc 2","to":"mat truoc 3","caption":"L\\u1ed1i v\\u00e0o d\\u1ef1 \\u00e1n"},{"pan":"46.00","tilt":"-10.94","from":"mat truoc 3","to":"mat truoc 2","caption":"Khu TM ngo\\u00e0i tr\\u1eddi"},{"pan":"-8.95","tilt":"-21.40","from":"Cafe","to":"mat truoc 2","caption":"Khu TM ngo\\u00e0i tr\\u1eddi"},{"pan":"-174.21","tilt":"-4.56","from":"mat truoc 1","to":"TT01-Phong khach","caption":"Khu nh\\u00e0 TT01-Ph\\u00f2ng kh\\u00e1ch"},{"pan":"88.92","tilt":"-36.18","from":"TT01-Phong khach","to":"mat truoc 1","caption":"Qu\\u1ea3ng tr\\u01b0\\u1eddng trung t\\u00e2m"},{"pan":"-73.04","tilt":"-22.31","from":"TT01-Phong khach","to":"TT01-Bep","caption":"Khu nh\\u00e0 TT01-B\\u1ebfp"},{"pan":"67.21","tilt":"-21.69","from":"TT01-Bep","to":"TT01-Phong khach","caption":"Khu nh\\u00e0 TT01-Ph\\u00f2ng kh\\u00e1ch"},{"pan":"-91.65","tilt":"-6.56","from":"mat truoc 3","to":"khu de xe","caption":"Khu \\u0111\\u1ec3 xe"},{"pan":"3.68","tilt":"-19.22","from":"khu de xe","to":"mat truoc 3","caption":"L\\u1ed1i v\\u00e0o d\\u1ef1 \\u00e1n"},{"pan":"-180","tilt":"-16.23","from":"khu de xe","to":"Sanh thang may","caption":"S\\u1ea3nh thang m\\u00e1y"},{"pan":"154.87","tilt":"-27.79","from":"Sanh thang may","to":"Be boi ngoai troi","caption":"B\\u1ec3 b\\u01a1i ngo\\u00e0i tr\\u1eddi"},{"pan":"-146.95","tilt":"-30.60","from":"Sanh thang may","to":"D1-phong khach","caption":"C\\u0103n h\\u1ed9 D1-Ph\\u00f2ng kh\\u00e1ch"},{"pan":"34.83","tilt":"-25.04","from":"Sanh thang may","to":"khu de xe","caption":"Khu \\u0111\\u1ec3 xe"},{"pan":"-23.65","tilt":"-30.92","from":"Sanh thang may","to":"Benh vien","caption":"B\\u1ec7nh vi\\u1ec7n qu\\u1ed1c t\\u1ebf"},{"pan":"-0.10","tilt":"-23.96","from":"Sanh thang may","to":"Sanh Tiep tan","caption":"S\\u1ea3nh ti\\u1ebfp t\\u00e2n"},{"pan":"3.29","tilt":"-13.28","from":"D1-phong khach","to":"D1-phongan","caption":"D1-Ph\\u00f2ng \\u0103n"},{"pan":"116.90","tilt":"-6.76","from":"Be boi ngoai troi","to":"Sanh thang may","caption":"S\\u1ea3nh thang m\\u00e1y"},{"pan":"-119.08","tilt":"-4.41","from":"Be boi ngoai troi","to":"Spa","caption":"Spa"},{"pan":"128.22","tilt":"-42.12","from":"Spa","to":"gym","caption":"Ph\\u00f2ng t\\u1eadp Gym"},{"pan":"-22.00","tilt":"-14.63","from":"gym","to":"Spa","caption":"Spa"},{"pan":"-108.52","tilt":"-16.71","from":"Benh vien","to":"Sanh thang may","caption":"S\\u1ea3nh thang m\\u00e1y"},{"pan":"-58.11","tilt":"-18.74","from":"Sanh Tiep tan","to":"Sanh thang may","caption":"S\\u1ea3nh thang m\\u00e1y"},{"pan":"-65.66","tilt":"-16.69","from":"Sanh Tiep tan","to":"Sanh Dich vu","caption":"S\\u1ea3nh d\\u1ecbch v\\u1ee5"},{"pan":"-142.26","tilt":"-19.41","from":"Sanh Tiep tan","to":"nha tre - ben ngoai","caption":"Nh\\u00e0 tr\\u1ebb"},{"pan":"-103.86","tilt":"16.47","from":"TT01-Phong khach","to":"TT01-phong ngu 1","caption":"Ph\\u00f2ng ng\\u1ee7"},{"pan":"119.59","tilt":"-26","from":"TT01-phong ngu 1","to":"TT01-Phong khach","caption":"Ph\\u00f2ng kh\\u00e1ch"},{"pan":"108.67","tilt":"-27.66","from":"TT01-phong ngu 1","to":"TT01-phong ngu 2","caption":"Ph\\u00f2ng ng\\u1ee7 2"},{"pan":"90.02","tilt":"-22.19","from":"TT01-phong ngu 2","to":"TT01-Phong khach","caption":"Ph\\u00f2ng kh\\u00e1ch"},{"pan":"100.00","tilt":"-22.19","from":"TT01-phong ngu 2","to":"TT01-phong ngu 1","caption":"Ph\\u00f2ng ng\\u1ee7 1"},{"pan":"110.00","tilt":"-22.19","from":"TT01-phong ngu 2","to":"TT01-WC","caption":"WC"},{"pan":"-138.71","tilt":"-25.74","from":"TT01-WC","to":"TT01-phong ngu 2","caption":"Ph\\u00f2ng ng\\u1ee7 2"},{"pan":"-178.87","tilt":"-5.44","from":"Sanh Dich vu","to":"Sanh Tiep tan","caption":"S\\u1ea3nh l\\u1ec5 t\\u00e2n"},{"pan":"-151.64","tilt":"-5.44","from":"Sanh Dich vu","to":"Cafe","caption":"Qu\\u00e1n cafe"},{"pan":"-140","tilt":"-5.44","from":"Sanh Dich vu","to":"nha hang","caption":"Nh\\u00e0 h\\u00e0ng"},{"pan":"2.62","tilt":"-14.90","from":"nha hang","to":"Sanh Dich vu","caption":"S\\u1ea3nh d\\u1ecbch v\\u1ee5"}]', 'Cua hang lua');
INSERT INTO `vnvic_tblgallery` (`gallery_id`, `gallery_time`, `gallery_name`, `gallery_title`, `menu_id`, `gallery_image`, `gallery_desc`, `type`, `map`, `waypoints`, `hotspots`, `default`) VALUES
(60, 1434963963, 'mat_truoc', 'Căn hộ D1 - bếp', 16, '/upload/images/panoramas/D1_bep.jpg', '', 'panorama', NULL, NULL, '[{"pan":"13.80","tilt":"-12.19","from":"mat truoc 1","to":"Sanh Dich vu","caption":"S\\u1ea3nh d\\u1ecbch v\\u1ee5"},{"pan":"-79.94","tilt":"-9.27","from":"mat truoc 1","to":"mat truoc 2","caption":"Khu TM ngo\\u00e0i tr\\u1eddi"},{"pan":"96.53","tilt":"-9.13","from":"mat truoc 1","to":"nha tre - ben ngoai","caption":"Ph\\u00eda tr\\u01b0\\u1edbc nh\\u00e0 tr\\u1ebb"},{"pan":"-0.11","tilt":"-7.49","from":"Sanh Dich vu","to":"mat truoc 1","caption":"Qu\\u1ea3ng tr\\u01b0\\u1eddng trung t\\u00e2m"},{"pan":"-33.95","tilt":"-16.74","from":"Sanh Dich vu","to":"Cua hang lua","caption":"C\\u1eeda h\\u00e0ng l\\u1ee5a"},{"pan":"38.61","tilt":"-16.53","from":"Sanh Dich vu","to":"Sieu thi","caption":"Si\\u00eau th\\u1ecb"},{"pan":"94.15","tilt":"-10.58","from":"Sieu thi","to":"Sanh Dich vu","caption":"S\\u1ea3nh d\\u1ecbch v\\u1ee5"},{"pan":"18.52","tilt":"-24.85","from":"Cua hang lua","to":"Sanh Dich vu","caption":"S\\u1ea3nh d\\u1ecbch v\\u1ee5"},{"pan":"-157.90","tilt":"-14.69","from":"nha tre - ben ngoai","to":"mat truoc 1","caption":"Qu\\u1ea3ng tr\\u01b0\\u1eddng trung t\\u00e2m"},{"pan":"18.16","tilt":"-16.53","from":"mat truoc 2","to":"Cafe","caption":"Khu cafe"},{"pan":"88.09","tilt":"-8.93","from":"mat truoc 2","to":"mat truoc 1","caption":"Qu\\u1ea3ng tr\\u01b0\\u1eddng trung t\\u00e2m"},{"pan":"-88.12","tilt":"-8.39","from":"mat truoc 2","to":"mat truoc 3","caption":"L\\u1ed1i v\\u00e0o d\\u1ef1 \\u00e1n"},{"pan":"46.00","tilt":"-10.94","from":"mat truoc 3","to":"mat truoc 2","caption":"Khu TM ngo\\u00e0i tr\\u1eddi"},{"pan":"-8.95","tilt":"-21.40","from":"Cafe","to":"mat truoc 2","caption":"Khu TM ngo\\u00e0i tr\\u1eddi"},{"pan":"-174.21","tilt":"-4.56","from":"mat truoc 1","to":"TT01-Phong khach","caption":"Khu nh\\u00e0 TT01-Ph\\u00f2ng kh\\u00e1ch"},{"pan":"88.92","tilt":"-36.18","from":"TT01-Phong khach","to":"mat truoc 1","caption":"Qu\\u1ea3ng tr\\u01b0\\u1eddng trung t\\u00e2m"},{"pan":"-73.04","tilt":"-22.31","from":"TT01-Phong khach","to":"TT01-Bep","caption":"Khu nh\\u00e0 TT01-B\\u1ebfp"},{"pan":"67.21","tilt":"-21.69","from":"TT01-Bep","to":"TT01-Phong khach","caption":"Khu nh\\u00e0 TT01-Ph\\u00f2ng kh\\u00e1ch"},{"pan":"-91.65","tilt":"-6.56","from":"mat truoc 3","to":"khu de xe","caption":"Khu \\u0111\\u1ec3 xe"},{"pan":"3.68","tilt":"-19.22","from":"khu de xe","to":"mat truoc 3","caption":"L\\u1ed1i v\\u00e0o d\\u1ef1 \\u00e1n"},{"pan":"-180","tilt":"-16.23","from":"khu de xe","to":"Sanh thang may","caption":"S\\u1ea3nh thang m\\u00e1y"},{"pan":"154.87","tilt":"-27.79","from":"Sanh thang may","to":"Be boi ngoai troi","caption":"B\\u1ec3 b\\u01a1i ngo\\u00e0i tr\\u1eddi"},{"pan":"-146.95","tilt":"-30.60","from":"Sanh thang may","to":"D1-phong khach","caption":"C\\u0103n h\\u1ed9 D1-Ph\\u00f2ng kh\\u00e1ch"},{"pan":"34.83","tilt":"-25.04","from":"Sanh thang may","to":"khu de xe","caption":"Khu \\u0111\\u1ec3 xe"},{"pan":"-23.65","tilt":"-30.92","from":"Sanh thang may","to":"Benh vien","caption":"B\\u1ec7nh vi\\u1ec7n qu\\u1ed1c t\\u1ebf"},{"pan":"-0.10","tilt":"-23.96","from":"Sanh thang may","to":"Sanh Tiep tan","caption":"S\\u1ea3nh ti\\u1ebfp t\\u00e2n"},{"pan":"3.29","tilt":"-13.28","from":"D1-phong khach","to":"D1-phongan","caption":"D1-Ph\\u00f2ng \\u0103n"},{"pan":"116.90","tilt":"-6.76","from":"Be boi ngoai troi","to":"Sanh thang may","caption":"S\\u1ea3nh thang m\\u00e1y"},{"pan":"-119.08","tilt":"-4.41","from":"Be boi ngoai troi","to":"Spa","caption":"Spa"},{"pan":"128.22","tilt":"-42.12","from":"Spa","to":"gym","caption":"Ph\\u00f2ng t\\u1eadp Gym"},{"pan":"-22.00","tilt":"-14.63","from":"gym","to":"Spa","caption":"Spa"},{"pan":"-108.52","tilt":"-16.71","from":"Benh vien","to":"Sanh thang may","caption":"S\\u1ea3nh thang m\\u00e1y"},{"pan":"-58.11","tilt":"-18.74","from":"Sanh Tiep tan","to":"Sanh thang may","caption":"S\\u1ea3nh thang m\\u00e1y"},{"pan":"-65.66","tilt":"-16.69","from":"Sanh Tiep tan","to":"Sanh Dich vu","caption":"S\\u1ea3nh d\\u1ecbch v\\u1ee5"},{"pan":"-142.26","tilt":"-19.41","from":"Sanh Tiep tan","to":"nha tre - ben ngoai","caption":"Nh\\u00e0 tr\\u1ebb"},{"pan":"-103.86","tilt":"16.47","from":"TT01-Phong khach","to":"TT01-phong ngu 1","caption":"Ph\\u00f2ng ng\\u1ee7"},{"pan":"119.59","tilt":"-26","from":"TT01-phong ngu 1","to":"TT01-Phong khach","caption":"Ph\\u00f2ng kh\\u00e1ch"},{"pan":"108.67","tilt":"-27.66","from":"TT01-phong ngu 1","to":"TT01-phong ngu 2","caption":"Ph\\u00f2ng ng\\u1ee7 2"},{"pan":"90.02","tilt":"-22.19","from":"TT01-phong ngu 2","to":"TT01-Phong khach","caption":"Ph\\u00f2ng kh\\u00e1ch"},{"pan":"100.00","tilt":"-22.19","from":"TT01-phong ngu 2","to":"TT01-phong ngu 1","caption":"Ph\\u00f2ng ng\\u1ee7 1"},{"pan":"110.00","tilt":"-22.19","from":"TT01-phong ngu 2","to":"TT01-WC","caption":"WC"},{"pan":"-138.71","tilt":"-25.74","from":"TT01-WC","to":"TT01-phong ngu 2","caption":"Ph\\u00f2ng ng\\u1ee7 2"},{"pan":"-178.87","tilt":"-5.44","from":"Sanh Dich vu","to":"Sanh Tiep tan","caption":"S\\u1ea3nh l\\u1ec5 t\\u00e2n"},{"pan":"-151.64","tilt":"-5.44","from":"Sanh Dich vu","to":"Cafe","caption":"Qu\\u00e1n cafe"},{"pan":"-140","tilt":"-5.44","from":"Sanh Dich vu","to":"nha hang","caption":"Nh\\u00e0 h\\u00e0ng"},{"pan":"2.62","tilt":"-14.90","from":"nha hang","to":"Sanh Dich vu","caption":"S\\u1ea3nh d\\u1ecbch v\\u1ee5"}]', 'D1-phongan'),
(61, 1434963963, 'mat_truoc', 'Căn hộ D1 - Phòng khách', 16, '/upload/images/panoramas/d1_phongkhach.jpg', '', 'panorama', NULL, NULL, '[{"pan":"13.80","tilt":"-12.19","from":"mat truoc 1","to":"Sanh Dich vu","caption":"S\\u1ea3nh d\\u1ecbch v\\u1ee5"},{"pan":"-79.94","tilt":"-9.27","from":"mat truoc 1","to":"mat truoc 2","caption":"Khu TM ngo\\u00e0i tr\\u1eddi"},{"pan":"96.53","tilt":"-9.13","from":"mat truoc 1","to":"nha tre - ben ngoai","caption":"Ph\\u00eda tr\\u01b0\\u1edbc nh\\u00e0 tr\\u1ebb"},{"pan":"-0.11","tilt":"-7.49","from":"Sanh Dich vu","to":"mat truoc 1","caption":"Qu\\u1ea3ng tr\\u01b0\\u1eddng trung t\\u00e2m"},{"pan":"-33.95","tilt":"-16.74","from":"Sanh Dich vu","to":"Cua hang lua","caption":"C\\u1eeda h\\u00e0ng l\\u1ee5a"},{"pan":"38.61","tilt":"-16.53","from":"Sanh Dich vu","to":"Sieu thi","caption":"Si\\u00eau th\\u1ecb"},{"pan":"94.15","tilt":"-10.58","from":"Sieu thi","to":"Sanh Dich vu","caption":"S\\u1ea3nh d\\u1ecbch v\\u1ee5"},{"pan":"18.52","tilt":"-24.85","from":"Cua hang lua","to":"Sanh Dich vu","caption":"S\\u1ea3nh d\\u1ecbch v\\u1ee5"},{"pan":"-157.90","tilt":"-14.69","from":"nha tre - ben ngoai","to":"mat truoc 1","caption":"Qu\\u1ea3ng tr\\u01b0\\u1eddng trung t\\u00e2m"},{"pan":"18.16","tilt":"-16.53","from":"mat truoc 2","to":"Cafe","caption":"Khu cafe"},{"pan":"88.09","tilt":"-8.93","from":"mat truoc 2","to":"mat truoc 1","caption":"Qu\\u1ea3ng tr\\u01b0\\u1eddng trung t\\u00e2m"},{"pan":"-88.12","tilt":"-8.39","from":"mat truoc 2","to":"mat truoc 3","caption":"L\\u1ed1i v\\u00e0o d\\u1ef1 \\u00e1n"},{"pan":"46.00","tilt":"-10.94","from":"mat truoc 3","to":"mat truoc 2","caption":"Khu TM ngo\\u00e0i tr\\u1eddi"},{"pan":"-8.95","tilt":"-21.40","from":"Cafe","to":"mat truoc 2","caption":"Khu TM ngo\\u00e0i tr\\u1eddi"},{"pan":"-174.21","tilt":"-4.56","from":"mat truoc 1","to":"TT01-Phong khach","caption":"Khu nh\\u00e0 TT01-Ph\\u00f2ng kh\\u00e1ch"},{"pan":"88.92","tilt":"-36.18","from":"TT01-Phong khach","to":"mat truoc 1","caption":"Qu\\u1ea3ng tr\\u01b0\\u1eddng trung t\\u00e2m"},{"pan":"-73.04","tilt":"-22.31","from":"TT01-Phong khach","to":"TT01-Bep","caption":"Khu nh\\u00e0 TT01-B\\u1ebfp"},{"pan":"67.21","tilt":"-21.69","from":"TT01-Bep","to":"TT01-Phong khach","caption":"Khu nh\\u00e0 TT01-Ph\\u00f2ng kh\\u00e1ch"},{"pan":"-91.65","tilt":"-6.56","from":"mat truoc 3","to":"khu de xe","caption":"Khu \\u0111\\u1ec3 xe"},{"pan":"3.68","tilt":"-19.22","from":"khu de xe","to":"mat truoc 3","caption":"L\\u1ed1i v\\u00e0o d\\u1ef1 \\u00e1n"},{"pan":"-180","tilt":"-16.23","from":"khu de xe","to":"Sanh thang may","caption":"S\\u1ea3nh thang m\\u00e1y"},{"pan":"154.87","tilt":"-27.79","from":"Sanh thang may","to":"Be boi ngoai troi","caption":"B\\u1ec3 b\\u01a1i ngo\\u00e0i tr\\u1eddi"},{"pan":"-146.95","tilt":"-30.60","from":"Sanh thang may","to":"D1-phong khach","caption":"C\\u0103n h\\u1ed9 D1-Ph\\u00f2ng kh\\u00e1ch"},{"pan":"34.83","tilt":"-25.04","from":"Sanh thang may","to":"khu de xe","caption":"Khu \\u0111\\u1ec3 xe"},{"pan":"-23.65","tilt":"-30.92","from":"Sanh thang may","to":"Benh vien","caption":"B\\u1ec7nh vi\\u1ec7n qu\\u1ed1c t\\u1ebf"},{"pan":"-0.10","tilt":"-23.96","from":"Sanh thang may","to":"Sanh Tiep tan","caption":"S\\u1ea3nh ti\\u1ebfp t\\u00e2n"},{"pan":"3.29","tilt":"-13.28","from":"D1-phong khach","to":"D1-phongan","caption":"D1-Ph\\u00f2ng \\u0103n"},{"pan":"116.90","tilt":"-6.76","from":"Be boi ngoai troi","to":"Sanh thang may","caption":"S\\u1ea3nh thang m\\u00e1y"},{"pan":"-119.08","tilt":"-4.41","from":"Be boi ngoai troi","to":"Spa","caption":"Spa"},{"pan":"128.22","tilt":"-42.12","from":"Spa","to":"gym","caption":"Ph\\u00f2ng t\\u1eadp Gym"},{"pan":"-22.00","tilt":"-14.63","from":"gym","to":"Spa","caption":"Spa"},{"pan":"-108.52","tilt":"-16.71","from":"Benh vien","to":"Sanh thang may","caption":"S\\u1ea3nh thang m\\u00e1y"},{"pan":"-58.11","tilt":"-18.74","from":"Sanh Tiep tan","to":"Sanh thang may","caption":"S\\u1ea3nh thang m\\u00e1y"},{"pan":"-65.66","tilt":"-16.69","from":"Sanh Tiep tan","to":"Sanh Dich vu","caption":"S\\u1ea3nh d\\u1ecbch v\\u1ee5"},{"pan":"-142.26","tilt":"-19.41","from":"Sanh Tiep tan","to":"nha tre - ben ngoai","caption":"Nh\\u00e0 tr\\u1ebb"},{"pan":"-103.86","tilt":"16.47","from":"TT01-Phong khach","to":"TT01-phong ngu 1","caption":"Ph\\u00f2ng ng\\u1ee7"},{"pan":"119.59","tilt":"-26","from":"TT01-phong ngu 1","to":"TT01-Phong khach","caption":"Ph\\u00f2ng kh\\u00e1ch"},{"pan":"108.67","tilt":"-27.66","from":"TT01-phong ngu 1","to":"TT01-phong ngu 2","caption":"Ph\\u00f2ng ng\\u1ee7 2"},{"pan":"90.02","tilt":"-22.19","from":"TT01-phong ngu 2","to":"TT01-Phong khach","caption":"Ph\\u00f2ng kh\\u00e1ch"},{"pan":"100.00","tilt":"-22.19","from":"TT01-phong ngu 2","to":"TT01-phong ngu 1","caption":"Ph\\u00f2ng ng\\u1ee7 1"},{"pan":"110.00","tilt":"-22.19","from":"TT01-phong ngu 2","to":"TT01-WC","caption":"WC"},{"pan":"-138.71","tilt":"-25.74","from":"TT01-WC","to":"TT01-phong ngu 2","caption":"Ph\\u00f2ng ng\\u1ee7 2"},{"pan":"-178.87","tilt":"-5.44","from":"Sanh Dich vu","to":"Sanh Tiep tan","caption":"S\\u1ea3nh l\\u1ec5 t\\u00e2n"},{"pan":"-151.64","tilt":"-5.44","from":"Sanh Dich vu","to":"Cafe","caption":"Qu\\u00e1n cafe"},{"pan":"-140","tilt":"-5.44","from":"Sanh Dich vu","to":"nha hang","caption":"Nh\\u00e0 h\\u00e0ng"},{"pan":"2.62","tilt":"-14.90","from":"nha hang","to":"Sanh Dich vu","caption":"S\\u1ea3nh d\\u1ecbch v\\u1ee5"}]', 'D1-phong khach'),
(62, 1434963963, 'mat_truoc', 'Khu nhà TTO1-phòng khách', 16, '/upload/images/panoramas/tt01_khach.jpg', '', 'panorama', NULL, NULL, '[{"pan":"13.80","tilt":"-12.19","from":"mat truoc 1","to":"Sanh Dich vu","caption":"S\\u1ea3nh d\\u1ecbch v\\u1ee5"},{"pan":"-79.94","tilt":"-9.27","from":"mat truoc 1","to":"mat truoc 2","caption":"Khu TM ngo\\u00e0i tr\\u1eddi"},{"pan":"96.53","tilt":"-9.13","from":"mat truoc 1","to":"nha tre - ben ngoai","caption":"Ph\\u00eda tr\\u01b0\\u1edbc nh\\u00e0 tr\\u1ebb"},{"pan":"-0.11","tilt":"-7.49","from":"Sanh Dich vu","to":"mat truoc 1","caption":"Qu\\u1ea3ng tr\\u01b0\\u1eddng trung t\\u00e2m"},{"pan":"-33.95","tilt":"-16.74","from":"Sanh Dich vu","to":"Cua hang lua","caption":"C\\u1eeda h\\u00e0ng l\\u1ee5a"},{"pan":"38.61","tilt":"-16.53","from":"Sanh Dich vu","to":"Sieu thi","caption":"Si\\u00eau th\\u1ecb"},{"pan":"94.15","tilt":"-10.58","from":"Sieu thi","to":"Sanh Dich vu","caption":"S\\u1ea3nh d\\u1ecbch v\\u1ee5"},{"pan":"18.52","tilt":"-24.85","from":"Cua hang lua","to":"Sanh Dich vu","caption":"S\\u1ea3nh d\\u1ecbch v\\u1ee5"},{"pan":"-157.90","tilt":"-14.69","from":"nha tre - ben ngoai","to":"mat truoc 1","caption":"Qu\\u1ea3ng tr\\u01b0\\u1eddng trung t\\u00e2m"},{"pan":"18.16","tilt":"-16.53","from":"mat truoc 2","to":"Cafe","caption":"Khu cafe"},{"pan":"88.09","tilt":"-8.93","from":"mat truoc 2","to":"mat truoc 1","caption":"Qu\\u1ea3ng tr\\u01b0\\u1eddng trung t\\u00e2m"},{"pan":"-88.12","tilt":"-8.39","from":"mat truoc 2","to":"mat truoc 3","caption":"L\\u1ed1i v\\u00e0o d\\u1ef1 \\u00e1n"},{"pan":"46.00","tilt":"-10.94","from":"mat truoc 3","to":"mat truoc 2","caption":"Khu TM ngo\\u00e0i tr\\u1eddi"},{"pan":"-8.95","tilt":"-21.40","from":"Cafe","to":"mat truoc 2","caption":"Khu TM ngo\\u00e0i tr\\u1eddi"},{"pan":"-174.21","tilt":"-4.56","from":"mat truoc 1","to":"TT01-Phong khach","caption":"Khu nh\\u00e0 TT01-Ph\\u00f2ng kh\\u00e1ch"},{"pan":"88.92","tilt":"-36.18","from":"TT01-Phong khach","to":"mat truoc 1","caption":"Qu\\u1ea3ng tr\\u01b0\\u1eddng trung t\\u00e2m"},{"pan":"-73.04","tilt":"-22.31","from":"TT01-Phong khach","to":"TT01-Bep","caption":"Khu nh\\u00e0 TT01-B\\u1ebfp"},{"pan":"67.21","tilt":"-21.69","from":"TT01-Bep","to":"TT01-Phong khach","caption":"Khu nh\\u00e0 TT01-Ph\\u00f2ng kh\\u00e1ch"},{"pan":"-91.65","tilt":"-6.56","from":"mat truoc 3","to":"khu de xe","caption":"Khu \\u0111\\u1ec3 xe"},{"pan":"3.68","tilt":"-19.22","from":"khu de xe","to":"mat truoc 3","caption":"L\\u1ed1i v\\u00e0o d\\u1ef1 \\u00e1n"},{"pan":"-180","tilt":"-16.23","from":"khu de xe","to":"Sanh thang may","caption":"S\\u1ea3nh thang m\\u00e1y"},{"pan":"154.87","tilt":"-27.79","from":"Sanh thang may","to":"Be boi ngoai troi","caption":"B\\u1ec3 b\\u01a1i ngo\\u00e0i tr\\u1eddi"},{"pan":"-146.95","tilt":"-30.60","from":"Sanh thang may","to":"D1-phong khach","caption":"C\\u0103n h\\u1ed9 D1-Ph\\u00f2ng kh\\u00e1ch"},{"pan":"34.83","tilt":"-25.04","from":"Sanh thang may","to":"khu de xe","caption":"Khu \\u0111\\u1ec3 xe"},{"pan":"-23.65","tilt":"-30.92","from":"Sanh thang may","to":"Benh vien","caption":"B\\u1ec7nh vi\\u1ec7n qu\\u1ed1c t\\u1ebf"},{"pan":"-0.10","tilt":"-23.96","from":"Sanh thang may","to":"Sanh Tiep tan","caption":"S\\u1ea3nh ti\\u1ebfp t\\u00e2n"},{"pan":"3.29","tilt":"-13.28","from":"D1-phong khach","to":"D1-phongan","caption":"D1-Ph\\u00f2ng \\u0103n"},{"pan":"116.90","tilt":"-6.76","from":"Be boi ngoai troi","to":"Sanh thang may","caption":"S\\u1ea3nh thang m\\u00e1y"},{"pan":"-119.08","tilt":"-4.41","from":"Be boi ngoai troi","to":"Spa","caption":"Spa"},{"pan":"128.22","tilt":"-42.12","from":"Spa","to":"gym","caption":"Ph\\u00f2ng t\\u1eadp Gym"},{"pan":"-22.00","tilt":"-14.63","from":"gym","to":"Spa","caption":"Spa"},{"pan":"-108.52","tilt":"-16.71","from":"Benh vien","to":"Sanh thang may","caption":"S\\u1ea3nh thang m\\u00e1y"},{"pan":"-58.11","tilt":"-18.74","from":"Sanh Tiep tan","to":"Sanh thang may","caption":"S\\u1ea3nh thang m\\u00e1y"},{"pan":"-65.66","tilt":"-16.69","from":"Sanh Tiep tan","to":"Sanh Dich vu","caption":"S\\u1ea3nh d\\u1ecbch v\\u1ee5"},{"pan":"-142.26","tilt":"-19.41","from":"Sanh Tiep tan","to":"nha tre - ben ngoai","caption":"Nh\\u00e0 tr\\u1ebb"},{"pan":"-103.86","tilt":"16.47","from":"TT01-Phong khach","to":"TT01-phong ngu 1","caption":"Ph\\u00f2ng ng\\u1ee7"},{"pan":"119.59","tilt":"-26","from":"TT01-phong ngu 1","to":"TT01-Phong khach","caption":"Ph\\u00f2ng kh\\u00e1ch"},{"pan":"108.67","tilt":"-27.66","from":"TT01-phong ngu 1","to":"TT01-phong ngu 2","caption":"Ph\\u00f2ng ng\\u1ee7 2"},{"pan":"90.02","tilt":"-22.19","from":"TT01-phong ngu 2","to":"TT01-Phong khach","caption":"Ph\\u00f2ng kh\\u00e1ch"},{"pan":"100.00","tilt":"-22.19","from":"TT01-phong ngu 2","to":"TT01-phong ngu 1","caption":"Ph\\u00f2ng ng\\u1ee7 1"},{"pan":"110.00","tilt":"-22.19","from":"TT01-phong ngu 2","to":"TT01-WC","caption":"WC"},{"pan":"-138.71","tilt":"-25.74","from":"TT01-WC","to":"TT01-phong ngu 2","caption":"Ph\\u00f2ng ng\\u1ee7 2"},{"pan":"-178.87","tilt":"-5.44","from":"Sanh Dich vu","to":"Sanh Tiep tan","caption":"S\\u1ea3nh l\\u1ec5 t\\u00e2n"},{"pan":"-151.64","tilt":"-5.44","from":"Sanh Dich vu","to":"Cafe","caption":"Qu\\u00e1n cafe"},{"pan":"-140","tilt":"-5.44","from":"Sanh Dich vu","to":"nha hang","caption":"Nh\\u00e0 h\\u00e0ng"},{"pan":"2.62","tilt":"-14.90","from":"nha hang","to":"Sanh Dich vu","caption":"S\\u1ea3nh d\\u1ecbch v\\u1ee5"}]', 'TT01-Phong khach'),
(63, 1434963963, 'mat_truoc', 'Khu nhà TT01-phòng ngủ', 16, '/upload/images/panoramas/tt01_ngu.jpg', '', 'panorama', NULL, NULL, '[{"pan":"13.80","tilt":"-12.19","from":"mat truoc 1","to":"Sanh Dich vu","caption":"S\\u1ea3nh d\\u1ecbch v\\u1ee5"},{"pan":"-79.94","tilt":"-9.27","from":"mat truoc 1","to":"mat truoc 2","caption":"Khu TM ngo\\u00e0i tr\\u1eddi"},{"pan":"96.53","tilt":"-9.13","from":"mat truoc 1","to":"nha tre - ben ngoai","caption":"Ph\\u00eda tr\\u01b0\\u1edbc nh\\u00e0 tr\\u1ebb"},{"pan":"-0.11","tilt":"-7.49","from":"Sanh Dich vu","to":"mat truoc 1","caption":"Qu\\u1ea3ng tr\\u01b0\\u1eddng trung t\\u00e2m"},{"pan":"-33.95","tilt":"-16.74","from":"Sanh Dich vu","to":"Cua hang lua","caption":"C\\u1eeda h\\u00e0ng l\\u1ee5a"},{"pan":"38.61","tilt":"-16.53","from":"Sanh Dich vu","to":"Sieu thi","caption":"Si\\u00eau th\\u1ecb"},{"pan":"94.15","tilt":"-10.58","from":"Sieu thi","to":"Sanh Dich vu","caption":"S\\u1ea3nh d\\u1ecbch v\\u1ee5"},{"pan":"18.52","tilt":"-24.85","from":"Cua hang lua","to":"Sanh Dich vu","caption":"S\\u1ea3nh d\\u1ecbch v\\u1ee5"},{"pan":"-157.90","tilt":"-14.69","from":"nha tre - ben ngoai","to":"mat truoc 1","caption":"Qu\\u1ea3ng tr\\u01b0\\u1eddng trung t\\u00e2m"},{"pan":"18.16","tilt":"-16.53","from":"mat truoc 2","to":"Cafe","caption":"Khu cafe"},{"pan":"88.09","tilt":"-8.93","from":"mat truoc 2","to":"mat truoc 1","caption":"Qu\\u1ea3ng tr\\u01b0\\u1eddng trung t\\u00e2m"},{"pan":"-88.12","tilt":"-8.39","from":"mat truoc 2","to":"mat truoc 3","caption":"L\\u1ed1i v\\u00e0o d\\u1ef1 \\u00e1n"},{"pan":"46.00","tilt":"-10.94","from":"mat truoc 3","to":"mat truoc 2","caption":"Khu TM ngo\\u00e0i tr\\u1eddi"},{"pan":"-8.95","tilt":"-21.40","from":"Cafe","to":"mat truoc 2","caption":"Khu TM ngo\\u00e0i tr\\u1eddi"},{"pan":"-174.21","tilt":"-4.56","from":"mat truoc 1","to":"TT01-Phong khach","caption":"Khu nh\\u00e0 TT01-Ph\\u00f2ng kh\\u00e1ch"},{"pan":"88.92","tilt":"-36.18","from":"TT01-Phong khach","to":"mat truoc 1","caption":"Qu\\u1ea3ng tr\\u01b0\\u1eddng trung t\\u00e2m"},{"pan":"-73.04","tilt":"-22.31","from":"TT01-Phong khach","to":"TT01-Bep","caption":"Khu nh\\u00e0 TT01-B\\u1ebfp"},{"pan":"67.21","tilt":"-21.69","from":"TT01-Bep","to":"TT01-Phong khach","caption":"Khu nh\\u00e0 TT01-Ph\\u00f2ng kh\\u00e1ch"},{"pan":"-91.65","tilt":"-6.56","from":"mat truoc 3","to":"khu de xe","caption":"Khu \\u0111\\u1ec3 xe"},{"pan":"3.68","tilt":"-19.22","from":"khu de xe","to":"mat truoc 3","caption":"L\\u1ed1i v\\u00e0o d\\u1ef1 \\u00e1n"},{"pan":"-180","tilt":"-16.23","from":"khu de xe","to":"Sanh thang may","caption":"S\\u1ea3nh thang m\\u00e1y"},{"pan":"154.87","tilt":"-27.79","from":"Sanh thang may","to":"Be boi ngoai troi","caption":"B\\u1ec3 b\\u01a1i ngo\\u00e0i tr\\u1eddi"},{"pan":"-146.95","tilt":"-30.60","from":"Sanh thang may","to":"D1-phong khach","caption":"C\\u0103n h\\u1ed9 D1-Ph\\u00f2ng kh\\u00e1ch"},{"pan":"34.83","tilt":"-25.04","from":"Sanh thang may","to":"khu de xe","caption":"Khu \\u0111\\u1ec3 xe"},{"pan":"-23.65","tilt":"-30.92","from":"Sanh thang may","to":"Benh vien","caption":"B\\u1ec7nh vi\\u1ec7n qu\\u1ed1c t\\u1ebf"},{"pan":"-0.10","tilt":"-23.96","from":"Sanh thang may","to":"Sanh Tiep tan","caption":"S\\u1ea3nh ti\\u1ebfp t\\u00e2n"},{"pan":"3.29","tilt":"-13.28","from":"D1-phong khach","to":"D1-phongan","caption":"D1-Ph\\u00f2ng \\u0103n"},{"pan":"116.90","tilt":"-6.76","from":"Be boi ngoai troi","to":"Sanh thang may","caption":"S\\u1ea3nh thang m\\u00e1y"},{"pan":"-119.08","tilt":"-4.41","from":"Be boi ngoai troi","to":"Spa","caption":"Spa"},{"pan":"128.22","tilt":"-42.12","from":"Spa","to":"gym","caption":"Ph\\u00f2ng t\\u1eadp Gym"},{"pan":"-22.00","tilt":"-14.63","from":"gym","to":"Spa","caption":"Spa"},{"pan":"-108.52","tilt":"-16.71","from":"Benh vien","to":"Sanh thang may","caption":"S\\u1ea3nh thang m\\u00e1y"},{"pan":"-58.11","tilt":"-18.74","from":"Sanh Tiep tan","to":"Sanh thang may","caption":"S\\u1ea3nh thang m\\u00e1y"},{"pan":"-65.66","tilt":"-16.69","from":"Sanh Tiep tan","to":"Sanh Dich vu","caption":"S\\u1ea3nh d\\u1ecbch v\\u1ee5"},{"pan":"-142.26","tilt":"-19.41","from":"Sanh Tiep tan","to":"nha tre - ben ngoai","caption":"Nh\\u00e0 tr\\u1ebb"},{"pan":"-103.86","tilt":"16.47","from":"TT01-Phong khach","to":"TT01-phong ngu 1","caption":"Ph\\u00f2ng ng\\u1ee7"},{"pan":"119.59","tilt":"-26","from":"TT01-phong ngu 1","to":"TT01-Phong khach","caption":"Ph\\u00f2ng kh\\u00e1ch"},{"pan":"108.67","tilt":"-27.66","from":"TT01-phong ngu 1","to":"TT01-phong ngu 2","caption":"Ph\\u00f2ng ng\\u1ee7 2"},{"pan":"90.02","tilt":"-22.19","from":"TT01-phong ngu 2","to":"TT01-Phong khach","caption":"Ph\\u00f2ng kh\\u00e1ch"},{"pan":"100.00","tilt":"-22.19","from":"TT01-phong ngu 2","to":"TT01-phong ngu 1","caption":"Ph\\u00f2ng ng\\u1ee7 1"},{"pan":"110.00","tilt":"-22.19","from":"TT01-phong ngu 2","to":"TT01-WC","caption":"WC"},{"pan":"-138.71","tilt":"-25.74","from":"TT01-WC","to":"TT01-phong ngu 2","caption":"Ph\\u00f2ng ng\\u1ee7 2"},{"pan":"-178.87","tilt":"-5.44","from":"Sanh Dich vu","to":"Sanh Tiep tan","caption":"S\\u1ea3nh l\\u1ec5 t\\u00e2n"},{"pan":"-151.64","tilt":"-5.44","from":"Sanh Dich vu","to":"Cafe","caption":"Qu\\u00e1n cafe"},{"pan":"-140","tilt":"-5.44","from":"Sanh Dich vu","to":"nha hang","caption":"Nh\\u00e0 h\\u00e0ng"},{"pan":"2.62","tilt":"-14.90","from":"nha hang","to":"Sanh Dich vu","caption":"S\\u1ea3nh d\\u1ecbch v\\u1ee5"}]', 'TT01-phong ngu 1'),
(64, 1434963963, 'mat_truoc', 'Khu nhà TT01 - Phòng ngủ 2', 16, '/upload/images/panoramas/tt01_ngu.jpg', '', 'panorama', NULL, NULL, '[{"pan":"13.80","tilt":"-12.19","from":"mat truoc 1","to":"Sanh Dich vu","caption":"S\\u1ea3nh d\\u1ecbch v\\u1ee5"},{"pan":"-79.94","tilt":"-9.27","from":"mat truoc 1","to":"mat truoc 2","caption":"Khu TM ngo\\u00e0i tr\\u1eddi"},{"pan":"96.53","tilt":"-9.13","from":"mat truoc 1","to":"nha tre - ben ngoai","caption":"Ph\\u00eda tr\\u01b0\\u1edbc nh\\u00e0 tr\\u1ebb"},{"pan":"-0.11","tilt":"-7.49","from":"Sanh Dich vu","to":"mat truoc 1","caption":"Qu\\u1ea3ng tr\\u01b0\\u1eddng trung t\\u00e2m"},{"pan":"-33.95","tilt":"-16.74","from":"Sanh Dich vu","to":"Cua hang lua","caption":"C\\u1eeda h\\u00e0ng l\\u1ee5a"},{"pan":"38.61","tilt":"-16.53","from":"Sanh Dich vu","to":"Sieu thi","caption":"Si\\u00eau th\\u1ecb"},{"pan":"94.15","tilt":"-10.58","from":"Sieu thi","to":"Sanh Dich vu","caption":"S\\u1ea3nh d\\u1ecbch v\\u1ee5"},{"pan":"18.52","tilt":"-24.85","from":"Cua hang lua","to":"Sanh Dich vu","caption":"S\\u1ea3nh d\\u1ecbch v\\u1ee5"},{"pan":"-157.90","tilt":"-14.69","from":"nha tre - ben ngoai","to":"mat truoc 1","caption":"Qu\\u1ea3ng tr\\u01b0\\u1eddng trung t\\u00e2m"},{"pan":"18.16","tilt":"-16.53","from":"mat truoc 2","to":"Cafe","caption":"Khu cafe"},{"pan":"88.09","tilt":"-8.93","from":"mat truoc 2","to":"mat truoc 1","caption":"Qu\\u1ea3ng tr\\u01b0\\u1eddng trung t\\u00e2m"},{"pan":"-88.12","tilt":"-8.39","from":"mat truoc 2","to":"mat truoc 3","caption":"L\\u1ed1i v\\u00e0o d\\u1ef1 \\u00e1n"},{"pan":"46.00","tilt":"-10.94","from":"mat truoc 3","to":"mat truoc 2","caption":"Khu TM ngo\\u00e0i tr\\u1eddi"},{"pan":"-8.95","tilt":"-21.40","from":"Cafe","to":"mat truoc 2","caption":"Khu TM ngo\\u00e0i tr\\u1eddi"},{"pan":"-174.21","tilt":"-4.56","from":"mat truoc 1","to":"TT01-Phong khach","caption":"Khu nh\\u00e0 TT01-Ph\\u00f2ng kh\\u00e1ch"},{"pan":"88.92","tilt":"-36.18","from":"TT01-Phong khach","to":"mat truoc 1","caption":"Qu\\u1ea3ng tr\\u01b0\\u1eddng trung t\\u00e2m"},{"pan":"-73.04","tilt":"-22.31","from":"TT01-Phong khach","to":"TT01-Bep","caption":"Khu nh\\u00e0 TT01-B\\u1ebfp"},{"pan":"67.21","tilt":"-21.69","from":"TT01-Bep","to":"TT01-Phong khach","caption":"Khu nh\\u00e0 TT01-Ph\\u00f2ng kh\\u00e1ch"},{"pan":"-91.65","tilt":"-6.56","from":"mat truoc 3","to":"khu de xe","caption":"Khu \\u0111\\u1ec3 xe"},{"pan":"3.68","tilt":"-19.22","from":"khu de xe","to":"mat truoc 3","caption":"L\\u1ed1i v\\u00e0o d\\u1ef1 \\u00e1n"},{"pan":"-180","tilt":"-16.23","from":"khu de xe","to":"Sanh thang may","caption":"S\\u1ea3nh thang m\\u00e1y"},{"pan":"154.87","tilt":"-27.79","from":"Sanh thang may","to":"Be boi ngoai troi","caption":"B\\u1ec3 b\\u01a1i ngo\\u00e0i tr\\u1eddi"},{"pan":"-146.95","tilt":"-30.60","from":"Sanh thang may","to":"D1-phong khach","caption":"C\\u0103n h\\u1ed9 D1-Ph\\u00f2ng kh\\u00e1ch"},{"pan":"34.83","tilt":"-25.04","from":"Sanh thang may","to":"khu de xe","caption":"Khu \\u0111\\u1ec3 xe"},{"pan":"-23.65","tilt":"-30.92","from":"Sanh thang may","to":"Benh vien","caption":"B\\u1ec7nh vi\\u1ec7n qu\\u1ed1c t\\u1ebf"},{"pan":"-0.10","tilt":"-23.96","from":"Sanh thang may","to":"Sanh Tiep tan","caption":"S\\u1ea3nh ti\\u1ebfp t\\u00e2n"},{"pan":"3.29","tilt":"-13.28","from":"D1-phong khach","to":"D1-phongan","caption":"D1-Ph\\u00f2ng \\u0103n"},{"pan":"116.90","tilt":"-6.76","from":"Be boi ngoai troi","to":"Sanh thang may","caption":"S\\u1ea3nh thang m\\u00e1y"},{"pan":"-119.08","tilt":"-4.41","from":"Be boi ngoai troi","to":"Spa","caption":"Spa"},{"pan":"128.22","tilt":"-42.12","from":"Spa","to":"gym","caption":"Ph\\u00f2ng t\\u1eadp Gym"},{"pan":"-22.00","tilt":"-14.63","from":"gym","to":"Spa","caption":"Spa"},{"pan":"-108.52","tilt":"-16.71","from":"Benh vien","to":"Sanh thang may","caption":"S\\u1ea3nh thang m\\u00e1y"},{"pan":"-58.11","tilt":"-18.74","from":"Sanh Tiep tan","to":"Sanh thang may","caption":"S\\u1ea3nh thang m\\u00e1y"},{"pan":"-65.66","tilt":"-16.69","from":"Sanh Tiep tan","to":"Sanh Dich vu","caption":"S\\u1ea3nh d\\u1ecbch v\\u1ee5"},{"pan":"-142.26","tilt":"-19.41","from":"Sanh Tiep tan","to":"nha tre - ben ngoai","caption":"Nh\\u00e0 tr\\u1ebb"},{"pan":"-103.86","tilt":"16.47","from":"TT01-Phong khach","to":"TT01-phong ngu 1","caption":"Ph\\u00f2ng ng\\u1ee7"},{"pan":"119.59","tilt":"-26","from":"TT01-phong ngu 1","to":"TT01-Phong khach","caption":"Ph\\u00f2ng kh\\u00e1ch"},{"pan":"108.67","tilt":"-27.66","from":"TT01-phong ngu 1","to":"TT01-phong ngu 2","caption":"Ph\\u00f2ng ng\\u1ee7 2"},{"pan":"90.02","tilt":"-22.19","from":"TT01-phong ngu 2","to":"TT01-Phong khach","caption":"Ph\\u00f2ng kh\\u00e1ch"},{"pan":"100.00","tilt":"-22.19","from":"TT01-phong ngu 2","to":"TT01-phong ngu 1","caption":"Ph\\u00f2ng ng\\u1ee7 1"},{"pan":"110.00","tilt":"-22.19","from":"TT01-phong ngu 2","to":"TT01-WC","caption":"WC"},{"pan":"-138.71","tilt":"-25.74","from":"TT01-WC","to":"TT01-phong ngu 2","caption":"Ph\\u00f2ng ng\\u1ee7 2"},{"pan":"-178.87","tilt":"-5.44","from":"Sanh Dich vu","to":"Sanh Tiep tan","caption":"S\\u1ea3nh l\\u1ec5 t\\u00e2n"},{"pan":"-151.64","tilt":"-5.44","from":"Sanh Dich vu","to":"Cafe","caption":"Qu\\u00e1n cafe"},{"pan":"-140","tilt":"-5.44","from":"Sanh Dich vu","to":"nha hang","caption":"Nh\\u00e0 h\\u00e0ng"},{"pan":"2.62","tilt":"-14.90","from":"nha hang","to":"Sanh Dich vu","caption":"S\\u1ea3nh d\\u1ecbch v\\u1ee5"}]', 'TT01-phong ngu 2'),
(65, 1434963963, 'mat_truoc', 'Khu nhà TT01 -WC', 16, '/upload/images/panoramas/tt01_wc.jpg', '', 'panorama', NULL, NULL, '[{"pan":"13.80","tilt":"-12.19","from":"mat truoc 1","to":"Sanh Dich vu","caption":"S\\u1ea3nh d\\u1ecbch v\\u1ee5"},{"pan":"-79.94","tilt":"-9.27","from":"mat truoc 1","to":"mat truoc 2","caption":"Khu TM ngo\\u00e0i tr\\u1eddi"},{"pan":"96.53","tilt":"-9.13","from":"mat truoc 1","to":"nha tre - ben ngoai","caption":"Ph\\u00eda tr\\u01b0\\u1edbc nh\\u00e0 tr\\u1ebb"},{"pan":"-0.11","tilt":"-7.49","from":"Sanh Dich vu","to":"mat truoc 1","caption":"Qu\\u1ea3ng tr\\u01b0\\u1eddng trung t\\u00e2m"},{"pan":"-33.95","tilt":"-16.74","from":"Sanh Dich vu","to":"Cua hang lua","caption":"C\\u1eeda h\\u00e0ng l\\u1ee5a"},{"pan":"38.61","tilt":"-16.53","from":"Sanh Dich vu","to":"Sieu thi","caption":"Si\\u00eau th\\u1ecb"},{"pan":"94.15","tilt":"-10.58","from":"Sieu thi","to":"Sanh Dich vu","caption":"S\\u1ea3nh d\\u1ecbch v\\u1ee5"},{"pan":"18.52","tilt":"-24.85","from":"Cua hang lua","to":"Sanh Dich vu","caption":"S\\u1ea3nh d\\u1ecbch v\\u1ee5"},{"pan":"-157.90","tilt":"-14.69","from":"nha tre - ben ngoai","to":"mat truoc 1","caption":"Qu\\u1ea3ng tr\\u01b0\\u1eddng trung t\\u00e2m"},{"pan":"18.16","tilt":"-16.53","from":"mat truoc 2","to":"Cafe","caption":"Khu cafe"},{"pan":"88.09","tilt":"-8.93","from":"mat truoc 2","to":"mat truoc 1","caption":"Qu\\u1ea3ng tr\\u01b0\\u1eddng trung t\\u00e2m"},{"pan":"-88.12","tilt":"-8.39","from":"mat truoc 2","to":"mat truoc 3","caption":"L\\u1ed1i v\\u00e0o d\\u1ef1 \\u00e1n"},{"pan":"46.00","tilt":"-10.94","from":"mat truoc 3","to":"mat truoc 2","caption":"Khu TM ngo\\u00e0i tr\\u1eddi"},{"pan":"-8.95","tilt":"-21.40","from":"Cafe","to":"mat truoc 2","caption":"Khu TM ngo\\u00e0i tr\\u1eddi"},{"pan":"-174.21","tilt":"-4.56","from":"mat truoc 1","to":"TT01-Phong khach","caption":"Khu nh\\u00e0 TT01-Ph\\u00f2ng kh\\u00e1ch"},{"pan":"88.92","tilt":"-36.18","from":"TT01-Phong khach","to":"mat truoc 1","caption":"Qu\\u1ea3ng tr\\u01b0\\u1eddng trung t\\u00e2m"},{"pan":"-73.04","tilt":"-22.31","from":"TT01-Phong khach","to":"TT01-Bep","caption":"Khu nh\\u00e0 TT01-B\\u1ebfp"},{"pan":"67.21","tilt":"-21.69","from":"TT01-Bep","to":"TT01-Phong khach","caption":"Khu nh\\u00e0 TT01-Ph\\u00f2ng kh\\u00e1ch"},{"pan":"-91.65","tilt":"-6.56","from":"mat truoc 3","to":"khu de xe","caption":"Khu \\u0111\\u1ec3 xe"},{"pan":"3.68","tilt":"-19.22","from":"khu de xe","to":"mat truoc 3","caption":"L\\u1ed1i v\\u00e0o d\\u1ef1 \\u00e1n"},{"pan":"-180","tilt":"-16.23","from":"khu de xe","to":"Sanh thang may","caption":"S\\u1ea3nh thang m\\u00e1y"},{"pan":"154.87","tilt":"-27.79","from":"Sanh thang may","to":"Be boi ngoai troi","caption":"B\\u1ec3 b\\u01a1i ngo\\u00e0i tr\\u1eddi"},{"pan":"-146.95","tilt":"-30.60","from":"Sanh thang may","to":"D1-phong khach","caption":"C\\u0103n h\\u1ed9 D1-Ph\\u00f2ng kh\\u00e1ch"},{"pan":"34.83","tilt":"-25.04","from":"Sanh thang may","to":"khu de xe","caption":"Khu \\u0111\\u1ec3 xe"},{"pan":"-23.65","tilt":"-30.92","from":"Sanh thang may","to":"Benh vien","caption":"B\\u1ec7nh vi\\u1ec7n qu\\u1ed1c t\\u1ebf"},{"pan":"-0.10","tilt":"-23.96","from":"Sanh thang may","to":"Sanh Tiep tan","caption":"S\\u1ea3nh ti\\u1ebfp t\\u00e2n"},{"pan":"3.29","tilt":"-13.28","from":"D1-phong khach","to":"D1-phongan","caption":"D1-Ph\\u00f2ng \\u0103n"},{"pan":"116.90","tilt":"-6.76","from":"Be boi ngoai troi","to":"Sanh thang may","caption":"S\\u1ea3nh thang m\\u00e1y"},{"pan":"-119.08","tilt":"-4.41","from":"Be boi ngoai troi","to":"Spa","caption":"Spa"},{"pan":"128.22","tilt":"-42.12","from":"Spa","to":"gym","caption":"Ph\\u00f2ng t\\u1eadp Gym"},{"pan":"-22.00","tilt":"-14.63","from":"gym","to":"Spa","caption":"Spa"},{"pan":"-108.52","tilt":"-16.71","from":"Benh vien","to":"Sanh thang may","caption":"S\\u1ea3nh thang m\\u00e1y"},{"pan":"-58.11","tilt":"-18.74","from":"Sanh Tiep tan","to":"Sanh thang may","caption":"S\\u1ea3nh thang m\\u00e1y"},{"pan":"-65.66","tilt":"-16.69","from":"Sanh Tiep tan","to":"Sanh Dich vu","caption":"S\\u1ea3nh d\\u1ecbch v\\u1ee5"},{"pan":"-142.26","tilt":"-19.41","from":"Sanh Tiep tan","to":"nha tre - ben ngoai","caption":"Nh\\u00e0 tr\\u1ebb"},{"pan":"-103.86","tilt":"16.47","from":"TT01-Phong khach","to":"TT01-phong ngu 1","caption":"Ph\\u00f2ng ng\\u1ee7"},{"pan":"119.59","tilt":"-26","from":"TT01-phong ngu 1","to":"TT01-Phong khach","caption":"Ph\\u00f2ng kh\\u00e1ch"},{"pan":"108.67","tilt":"-27.66","from":"TT01-phong ngu 1","to":"TT01-phong ngu 2","caption":"Ph\\u00f2ng ng\\u1ee7 2"},{"pan":"90.02","tilt":"-22.19","from":"TT01-phong ngu 2","to":"TT01-Phong khach","caption":"Ph\\u00f2ng kh\\u00e1ch"},{"pan":"100.00","tilt":"-22.19","from":"TT01-phong ngu 2","to":"TT01-phong ngu 1","caption":"Ph\\u00f2ng ng\\u1ee7 1"},{"pan":"110.00","tilt":"-22.19","from":"TT01-phong ngu 2","to":"TT01-WC","caption":"WC"},{"pan":"-138.71","tilt":"-25.74","from":"TT01-WC","to":"TT01-phong ngu 2","caption":"Ph\\u00f2ng ng\\u1ee7 2"},{"pan":"-178.87","tilt":"-5.44","from":"Sanh Dich vu","to":"Sanh Tiep tan","caption":"S\\u1ea3nh l\\u1ec5 t\\u00e2n"},{"pan":"-151.64","tilt":"-5.44","from":"Sanh Dich vu","to":"Cafe","caption":"Qu\\u00e1n cafe"},{"pan":"-140","tilt":"-5.44","from":"Sanh Dich vu","to":"nha hang","caption":"Nh\\u00e0 h\\u00e0ng"},{"pan":"2.62","tilt":"-14.90","from":"nha hang","to":"Sanh Dich vu","caption":"S\\u1ea3nh d\\u1ecbch v\\u1ee5"}]', 'TT01-WC');

-- --------------------------------------------------------

--
-- Table structure for table `vnvic_tblgroup`
--

CREATE TABLE IF NOT EXISTS `vnvic_tblgroup` (
  `group_id` int(11) NOT NULL AUTO_INCREMENT,
  `group_name` varchar(20) COLLATE utf8_unicode_ci NOT NULL,
  `group_description` text COLLATE utf8_unicode_ci NOT NULL,
  `group_block` tinyint(1) NOT NULL DEFAULT '0',
  `group_level` int(11) NOT NULL,
  `group_privilege` varchar(100) COLLATE utf8_unicode_ci NOT NULL,
  PRIMARY KEY (`group_id`)
) ENGINE=MyISAM  DEFAULT CHARSET=utf8 COLLATE=utf8_unicode_ci AUTO_INCREMENT=21 ;

--
-- Dumping data for table `vnvic_tblgroup`
--

INSERT INTO `vnvic_tblgroup` (`group_id`, `group_name`, `group_description`, `group_block`, `group_level`, `group_privilege`) VALUES
(2, 'admin', 'Nhóm quản trị website', 0, 2, ''),
(3, 'user', 'Nhóm thành viên quản trị', 0, 3, ''),
(1, 'super_admin', 'Nhóm quản trị hệ thống', 0, 1, ''),
(4, 'member', 'Nhóm thành viên đăng ký website', 0, 4, ''),
(19, 'post_product', 'Nhóm thành viên đăng sản phẩm', 0, 3, '');

-- --------------------------------------------------------

--
-- Table structure for table `vnvic_tblgroupprivilege`
--

CREATE TABLE IF NOT EXISTS `vnvic_tblgroupprivilege` (
  `privilege_id` int(11) NOT NULL AUTO_INCREMENT,
  `privilege_name` varchar(30) COLLATE utf8_unicode_ci NOT NULL,
  `group_id` int(11) NOT NULL,
  `privilege_permission` tinyint(4) NOT NULL DEFAULT '0',
  PRIMARY KEY (`privilege_id`)
) ENGINE=MyISAM  DEFAULT CHARSET=utf8 COLLATE=utf8_unicode_ci AUTO_INCREMENT=29 ;

--
-- Dumping data for table `vnvic_tblgroupprivilege`
--

INSERT INTO `vnvic_tblgroupprivilege` (`privilege_id`, `privilege_name`, `group_id`, `privilege_permission`) VALUES
(27, 'article|delete_article', 3, 1),
(26, 'article|add_article', 3, 1),
(23, 'admin|index', 19, 1),
(18, 'article|add_article', 19, 1),
(28, 'admin|index', 3, 1);

-- --------------------------------------------------------

--
-- Table structure for table `vnvic_tblkeyword`
--

CREATE TABLE IF NOT EXISTS `vnvic_tblkeyword` (
  `keyword_id` int(30) NOT NULL AUTO_INCREMENT,
  `keyword_name` varchar(50) COLLATE utf8_unicode_ci NOT NULL,
  `keyword_type` varchar(10) COLLATE utf8_unicode_ci NOT NULL,
  `keyword_title` varchar(100) COLLATE utf8_unicode_ci NOT NULL,
  PRIMARY KEY (`keyword_id`)
) ENGINE=MyISAM  DEFAULT CHARSET=utf8 COLLATE=utf8_unicode_ci AUTO_INCREMENT=216 ;

--
-- Dumping data for table `vnvic_tblkeyword`
--

INSERT INTO `vnvic_tblkeyword` (`keyword_id`, `keyword_name`, `keyword_type`, `keyword_title`) VALUES
(170, 'EMAIL_FIELD_TITLE', 'textField', 'Tiêu đề trường email liên hệ'),
(171, 'CUS_NAME_FIELD_TITLE', 'textField', 'Tiêu đề trường Tên khách hàng liên hệ'),
(172, 'CUS_ADDR_FIELD_TITLE', 'textField', 'Tiêu đề trường địa chỉ khách hàng liên hệ'),
(173, 'CAPTCHA_FIELD_TITLE', 'textField', 'Tiêu đề trường mã xác nhận'),
(174, 'HOME_PAGE_TITLE', 'textField', 'Tiêu đề trang chủ'),
(175, 'SEND_FORM_CONTACT', 'textField', 'Tiêu đề button gửi liên hệ'),
(176, 'RESET_FORM', 'textField', 'Tiêu đề trường reset form'),
(177, 'CUS_PHONE_FIELD_TITLE', 'textField', 'Tiêu đề trường điện thoại khách hàng'),
(178, 'READ_DETAILS_TITLE', 'textField', 'Tiêu đề xem chi tiết'),
(179, 'MORE_PRODUCT_LABEL', 'textField', 'Tiêu đề xem thêm sản phẩm'),
(180, 'OLD_NEWS_TITLE', 'textField', 'Tiêu đề bài viết cũ hơn'),
(181, 'NEW_NEWS_TITLE', 'textField', 'Tiêu đề bài viết mới hơn'),
(182, 'OTHER_NEWS_TITLE', 'textField', 'Tiêu đề tin tức khác'),
(183, 'CONTACT_CONTENT', 'textField', 'Tiêu đề nội dung liên hệ'),
(184, 'SEARCH_PAGE_TITLE', 'textField', 'Tiêu đề trang tìm kiếm'),
(185, 'INPUT_SEARCH_KEYWORD', 'textField', 'Tiêu đề Nhập từ khóa tìm kiếm...'),
(186, 'SEARCH_RESULT', 'textField', 'Tiêu đề Kết quả tìm kiếm'),
(187, 'ONLINE_SUPPORT', 'textField', 'Tiêu đề trường Hỗ trợ trực tuyến'),
(188, 'ADULT_QUANTITY', 'textField', 'Tiêu đề trường Số người lớn'),
(189, 'CHILDREN_QUANTITY', 'textField', 'Tiêu đề trường Số trẻ Em'),
(190, 'START_DATE', 'textField', 'Tiêu đề trường Ngày đến'),
(191, 'NIGHTS_QUANTITY', 'textField', 'Tiêu đề trường Số Đêm ở'),
(192, 'GOLD_PRICE', 'textField', 'Tiêu đề trường Giá vàng'),
(193, 'FOREIGN_CURRENCY', 'textField', 'Tiêu đề trường Ngoại tệ'),
(194, 'WEATHER', 'textField', 'Tiêu đề trường Thời tiết'),
(195, 'HOTLINE_SUPPORT', 'textField', 'Tiêu đề trường đường dây nóng'),
(196, 'MODEL_PRODUCT', 'textField', 'Tiêu đề trường mẫu sản phẩm'),
(197, 'CUS_GUEST', 'textField', 'Tiêu đề trường Quý khách'),
(198, 'CUS_INFO_GUEST', 'textField', 'Tiêu đề thông tin dành cho khách hàng'),
(199, 'PRODUCT_INFORMATION', 'textField', 'Tiêu đề trường Thông tin sản phẩm'),
(200, 'OTHER_PRODUCTS', 'textField', 'Tiêu đề trường Sản phẩm khác'),
(201, 'STATUS', 'textField', 'Tiêu đề trường tình trạng'),
(202, 'SHIPPING_PRICE', 'textField', 'Tiêu đề trường Phí vận chuyển'),
(203, 'PRODUCT_INFORMATION_SUMMARY', 'textField', 'Tiêu đề trường Tóm tắt thông tin sản phẩm'),
(204, 'PRODUCT_CURRENT_PROMOTION', 'textField', 'Tiêu đề trường Khuyến mãi đang có'),
(205, 'HOT_NEWS_TITLE', 'textField', 'Tiêu đề trường Sự kiện nổi bật'),
(206, 'SELL_PRICE', 'textField', 'Tiêu đề trường Giá bán'),
(207, 'ONLINE_COUNTER', 'textField', 'Tiêu đề trường Số người Online'),
(208, 'VISIT_COUNTER', 'textField', 'Tiêu đề trường Số người truy cập'),
(209, 'HOT_PRODUCTS', 'textField', 'Tiêu đề trường Sản phẩm nổi bật'),
(211, 'CONNECT_WITH_US', 'textField', 'Tiêu đề trường Kết nối với chúng tôi'),
(212, 'LAND_FOR_SALE', 'textField', 'Bất động sản cần bán'),
(213, 'LAND_FOR_RENT', 'textField', 'Bất động sản cho thuê'),
(214, 'FOR_SALE', 'textField', 'Bán'),
(215, 'FOR_RENT', 'textField', 'Cho thuê');

-- --------------------------------------------------------

--
-- Table structure for table `vnvic_tbllang`
--

CREATE TABLE IF NOT EXISTS `vnvic_tbllang` (
  `lang_id` int(11) NOT NULL AUTO_INCREMENT,
  `lang_shortname` varchar(10) COLLATE utf8_unicode_ci NOT NULL,
  `lang_name` varchar(20) COLLATE utf8_unicode_ci NOT NULL,
  `lang_image` text COLLATE utf8_unicode_ci NOT NULL,
  `lang_active` tinyint(1) NOT NULL DEFAULT '0',
  `lang_default` tinyint(1) NOT NULL DEFAULT '0',
  PRIMARY KEY (`lang_id`),
  UNIQUE KEY `lang_shortname` (`lang_shortname`)
) ENGINE=MyISAM  DEFAULT CHARSET=utf8 COLLATE=utf8_unicode_ci AUTO_INCREMENT=18 ;

--
-- Dumping data for table `vnvic_tbllang`
--

INSERT INTO `vnvic_tbllang` (`lang_id`, `lang_shortname`, `lang_name`, `lang_image`, `lang_active`, `lang_default`) VALUES
(16, 'vi', 'Vietnamese', 'upload/images/lang/vi-flag.png', 1, 1),
(17, 'en', 'English', 'upload/images/lang/en-flag.png', 1, 0);

-- --------------------------------------------------------

--
-- Table structure for table `vnvic_tbllangkeyword`
--

CREATE TABLE IF NOT EXISTS `vnvic_tbllangkeyword` (
  `keyword_id` int(11) NOT NULL,
  `lang_id` int(11) NOT NULL,
  `keyword_value` varchar(200) COLLATE utf8_unicode_ci NOT NULL,
  PRIMARY KEY (`keyword_id`,`lang_id`)
) ENGINE=MyISAM DEFAULT CHARSET=utf8 COLLATE=utf8_unicode_ci;

--
-- Dumping data for table `vnvic_tbllangkeyword`
--

INSERT INTO `vnvic_tbllangkeyword` (`keyword_id`, `lang_id`, `keyword_value`) VALUES
(170, 16, 'Địa chỉ email'),
(171, 16, 'Họ và tên'),
(172, 16, 'Địa chỉ liên hệ'),
(173, 16, 'Mã xác nhận'),
(174, 16, 'Trang chủ'),
(170, 17, 'Email address'),
(171, 17, 'Full name'),
(172, 17, 'Address'),
(173, 17, 'Confirm code'),
(174, 17, 'Home'),
(175, 17, 'Send contact'),
(176, 17, 'Reset'),
(177, 17, 'Phone number'),
(175, 16, 'Gửi'),
(176, 16, 'Nhập lại'),
(177, 16, 'Điện thoại'),
(178, 17, 'Read more'),
(179, 17, 'More product'),
(180, 17, 'Older news'),
(181, 17, 'New news'),
(178, 16, 'Xem thêm'),
(179, 16, 'Sản phẩm khác'),
(180, 16, 'Bài viết cũ hơn'),
(181, 16, 'Bài viết mới hơn'),
(182, 16, 'Tin tức khác'),
(182, 17, 'More news'),
(183, 16, 'Nội dung'),
(184, 16, 'Trang kết quả tìm kiếm'),
(185, 16, 'Nhập từ khóa tìm kiếm'),
(185, 17, 'Enter search keyword'),
(186, 16, 'Kết quả tìm kiếm'),
(186, 17, 'Search result'),
(187, 16, 'Hỗ trợ trực tuyến'),
(187, 17, 'Online Support'),
(188, 16, 'Số Người lớn'),
(188, 17, 'Adult Quantity'),
(189, 16, 'Số Trẻ em'),
(189, 17, 'Children Quantity'),
(190, 16, 'Ngày đến'),
(190, 17, 'Start date'),
(191, 16, 'Đêm ở'),
(191, 17, 'Nights'),
(192, 16, 'Giá Vàng'),
(192, 17, 'Gold Price'),
(193, 16, 'Ngoại Tệ'),
(193, 17, 'Foreign Currency'),
(194, 16, 'Thời tiết'),
(194, 17, 'Weather'),
(183, 17, 'Contact content'),
(184, 17, 'Search page'),
(195, 17, 'Call: (+84)0982 222 989'),
(195, 16, 'Hotline: 0913 543 469'),
(196, 17, 'Model'),
(196, 16, 'Mẫu'),
(197, 17, 'Guest of Honour'),
(198, 17, 'Please contact to Us by: info@sangonguyenkim.com mobile:  (+84) 0982 222 989'),
(197, 16, 'Quý khách'),
(198, 16, 'Vui lòng liên hệ với chúng tôi qua email - info@sangonguyenkim.com mobile: 0982 222 989'),
(199, 16, 'Thông tin sản phẩm'),
(199, 17, 'Product Information'),
(200, 17, 'Other Products'),
(200, 16, 'Sản phẩm khác'),
(201, 16, 'Tình trạng'),
(202, 16, 'Phí vận chuyển'),
(203, 16, 'Tóm tắt thông tin sản phẩm'),
(201, 17, 'Status'),
(202, 17, 'Shipping price'),
(203, 17, 'Product information summary'),
(204, 16, 'Khuyến mãi đang có'),
(204, 17, 'Current Promotion'),
(205, 16, 'Tin tức nổi bật'),
(205, 17, 'Hot News'),
(206, 17, 'Sell price'),
(206, 16, 'Giá bán'),
(207, 16, 'Số người Online:'),
(208, 16, 'Số người Truy cập:'),
(207, 17, 'Online:'),
(208, 17, 'Visit Total:'),
(209, 16, 'Sản phẩm nổi bật'),
(209, 17, 'Hot Products'),
(211, 16, 'Kết nối với chúng tôi'),
(211, 17, 'Connect width Us'),
(212, 16, 'Bất động sản cần bán'),
(213, 16, 'Bất động sản cho thuê'),
(212, 17, 'Land for sale'),
(213, 17, 'Land for rent'),
(214, 17, 'Sale'),
(215, 17, 'For rent'),
(214, 16, 'Bán'),
(215, 16, 'Cho thuê');

-- --------------------------------------------------------

--
-- Table structure for table `vnvic_tbllayout`
--

CREATE TABLE IF NOT EXISTS `vnvic_tbllayout` (
  `layout_name` varchar(20) COLLATE utf8_unicode_ci NOT NULL,
  `layout_title` varchar(50) COLLATE utf8_unicode_ci NOT NULL,
  `layout_visible` tinyint(4) NOT NULL DEFAULT '1',
  PRIMARY KEY (`layout_name`)
) ENGINE=MyISAM DEFAULT CHARSET=utf8 COLLATE=utf8_unicode_ci;

--
-- Dumping data for table `vnvic_tbllayout`
--

INSERT INTO `vnvic_tbllayout` (`layout_name`, `layout_title`, `layout_visible`) VALUES
('mobile', 'Giao diện IDJ Land mobile', 1),
('idjland', 'Giao diện idjland', 1);

-- --------------------------------------------------------

--
-- Table structure for table `vnvic_tblmedia`
--

CREATE TABLE IF NOT EXISTS `vnvic_tblmedia` (
  `media_id` int(11) NOT NULL AUTO_INCREMENT,
  `media_title` varchar(100) NOT NULL,
  `media_url` varchar(100) NOT NULL,
  `thumbnail` varchar(200) DEFAULT NULL,
  `media_href` varchar(200) NOT NULL,
  `media_width` int(11) NOT NULL,
  `media_height` int(11) NOT NULL,
  `media_publish` int(11) NOT NULL,
  `media_expire` int(11) NOT NULL,
  `media_description` text,
  `media_queu` int(11) NOT NULL,
  `media_visible` tinyint(4) NOT NULL DEFAULT '1',
  `plugin_id` int(11) NOT NULL,
  `media_name` varchar(100) NOT NULL,
  `gallery_id` int(11) DEFAULT NULL,
  `pos` text,
  PRIMARY KEY (`media_id`)
) ENGINE=MyISAM  DEFAULT CHARSET=utf8 AUTO_INCREMENT=159 ;

--
-- Dumping data for table `vnvic_tblmedia`
--

INSERT INTO `vnvic_tblmedia` (`media_id`, `media_title`, `media_url`, `thumbnail`, `media_href`, `media_width`, `media_height`, `media_publish`, `media_expire`, `media_description`, `media_queu`, `media_visible`, `plugin_id`, `media_name`, `gallery_id`, `pos`) VALUES
(72, 'bannner trang chủ', 'upload/images/banner/banner-bottom.jpg', NULL, '', 990, 90, 0, 1577833200, '', 1, 1, 48, '', NULL, NULL),
(73, 'template 1', '/upload/images/slideshow/1.jpg', NULL, '', 0, 0, 0, 1577833200, '', 2, 1, 49, '', NULL, NULL),
(74, 'template 2', '/upload/images/slideshow/2.jpg', NULL, '', 0, 0, 0, 1577833200, '', 3, 1, 49, '', NULL, NULL),
(75, 'template 3', '/upload/images/slideshow/3.jpg', NULL, '', 0, 0, 0, 1577833200, '', 4, 1, 49, '', NULL, NULL),
(76, 'template 4', '/upload/images/slideshow/4.jpg', NULL, '', 0, 0, 0, 1577833200, '', 5, 1, 49, '', NULL, NULL),
(77, 'template 5', '/upload/images/slideshow/5.jpg', NULL, '', 0, 0, 0, 1577833200, '', 6, 1, 49, '', NULL, NULL),
(90, 'Nhà thầu xây dựng', '', '', 'abc', 0, 0, 0, 1577833200, '', 13, 1, 14, '', NULL, NULL),
(91, 'Giới thiệu MSB', '', '', 'ádsd', 0, 0, 0, 1577833200, '', 14, 1, 14, '', NULL, NULL),
(92, 'Giới thiệu CPG', '', '', '24h', 0, 0, 0, 1577833200, '', 15, 1, 14, '', NULL, NULL),
(93, 'Giới thiệu Eden Landscapse', '', '', '', 0, 0, 0, 1577833200, '', 16, 1, 14, '', NULL, NULL),
(94, 'Giới thiệu BV Thu Cúc', '', '', '', 0, 0, 0, 1577833200, '', 17, 1, 14, '', NULL, NULL),
(95, 'Giới thiệu đầu tư mở Trường học', '', '', '', 0, 0, 0, 1577833200, '', 18, 1, 14, '', NULL, NULL),
(96, 'test', '/upload/images/quangcao/img-sidebar.jpg', '', '', 0, 0, 0, 1577833200, '', 19, 1, 17, '', NULL, NULL),
(144, 'Banner 1', '/upload/images/slideshow/slide1.png', '', '', 0, 0, 0, 1577833200, 'Nội thất Lâm Sơn Tùng', 40, 1, 35, '', NULL, NULL),
(145, 'Banner 02', '/upload/images/slideshow/slide2.jpg', '', '', 0, 0, 0, 1577833200, '50% OFF <br/>Nội thất Lâm Sơn Tùng', 41, 1, 35, '', NULL, NULL),
(146, 'Khuyến mãi', '/upload/images/slideshow/offers.png', '', '', 0, 0, 0, 1577833200, 'Nội thất Lâm Sơn Tùng', 42, 1, 36, '', NULL, NULL),
(147, 'Khuyến mãi', '/upload/images/slideshow/offers2.png', '', '', 0, 0, 0, 1577833200, 'Nội thất Lâm Sơn Tùng', 43, 1, 36, '', NULL, NULL),
(148, 'logo 1', '/upload/images/slideshow/slide_home_cap1.png', '', '', 0, 0, 0, 1577833200, '', 44, 1, 38, '', NULL, NULL),
(149, 'logo 2', '/upload/images/slideshow/slide_home_cap2.png', '', '', 0, 0, 0, 1577833200, '', 45, 1, 38, '', NULL, NULL),
(150, 'logo 3', '/upload/images/slideshow/slide_home_cap3.png', '', '', 0, 0, 0, 1577833200, '', 46, 1, 38, '', NULL, NULL),
(151, 'logo 5', '/upload/images/slideshow/themeforest.png', '', '', 0, 0, 0, 1577833200, '', 47, 1, 38, '', NULL, NULL),
(152, 'logo 6', '/upload/images/slideshow/themeforest2.png', '', '', 0, 0, 0, 1577833200, '', 48, 1, 38, '', NULL, NULL),
(153, 'logo 5', '/upload/images/slideshow/themeforest3.png', '', '', 0, 0, 0, 1577833200, '', 49, 1, 38, '', NULL, NULL),
(154, 'logo 7', '/upload/images/slideshow/themeforest6.png', '', '', 0, 0, 0, 1577833200, '', 50, 1, 38, '', NULL, NULL),
(155, 'logo 8', '/upload/images/slideshow/themeforest.png', '', '', 0, 0, 0, 1577833200, '', 51, 1, 38, '', NULL, NULL),
(156, 'ghế ngồi', '/upload/images/cate/categori.png', '', '', 0, 0, 0, 1577833200, '', 52, 1, 39, '', NULL, NULL),
(157, 'ghế relax', '/upload/images/cate/categori2.png', '', '', 0, 0, 0, 1577833200, '', 53, 1, 39, '', NULL, NULL),
(158, 'giường ngủ', '/upload/images/cate/categori3.png', '', '', 0, 0, 0, 1577833200, '', 54, 1, 39, '', NULL, NULL);

-- --------------------------------------------------------

--
-- Table structure for table `vnvic_tblmenu`
--

CREATE TABLE IF NOT EXISTS `vnvic_tblmenu` (
  `menu_id` int(11) NOT NULL AUTO_INCREMENT,
  `lang_id` int(11) NOT NULL,
  `parent_id` int(11) NOT NULL,
  `menu_title` text COLLATE utf8_unicode_ci NOT NULL,
  `menu_details` varchar(200) COLLATE utf8_unicode_ci NOT NULL,
  `menu_level` int(11) NOT NULL,
  `module_id` int(20) NOT NULL,
  `menu_image` text COLLATE utf8_unicode_ci NOT NULL,
  `menu_visible` tinyint(1) NOT NULL DEFAULT '1',
  `menu_home` tinyint(1) NOT NULL DEFAULT '0',
  `menu_queu` int(11) NOT NULL,
  `menu_metatitle` text COLLATE utf8_unicode_ci NOT NULL,
  `menu_h1` text COLLATE utf8_unicode_ci NOT NULL,
  `menu_keyword` text COLLATE utf8_unicode_ci NOT NULL,
  `menu_description` text COLLATE utf8_unicode_ci NOT NULL,
  `menu_url` text COLLATE utf8_unicode_ci NOT NULL,
  `template_id` varchar(20) COLLATE utf8_unicode_ci NOT NULL,
  `menu_config` varchar(200) COLLATE utf8_unicode_ci NOT NULL,
  `menu_tags` varchar(500) COLLATE utf8_unicode_ci NOT NULL,
  `menu_privilege` varchar(50) COLLATE utf8_unicode_ci NOT NULL,
  `menu_filter` varchar(50) COLLATE utf8_unicode_ci NOT NULL,
  `menu_string` varchar(200) COLLATE utf8_unicode_ci NOT NULL,
  `layout_name` varchar(20) COLLATE utf8_unicode_ci NOT NULL,
  `menu_content` text COLLATE utf8_unicode_ci NOT NULL,
  `sub_title` varchar(200) COLLATE utf8_unicode_ci DEFAULT NULL,
  `file_attach` varchar(100) COLLATE utf8_unicode_ci NOT NULL,
  PRIMARY KEY (`menu_id`)
) ENGINE=MyISAM  DEFAULT CHARSET=utf8 COLLATE=utf8_unicode_ci AUTO_INCREMENT=50 ;

--
-- Dumping data for table `vnvic_tblmenu`
--

INSERT INTO `vnvic_tblmenu` (`menu_id`, `lang_id`, `parent_id`, `menu_title`, `menu_details`, `menu_level`, `module_id`, `menu_image`, `menu_visible`, `menu_home`, `menu_queu`, `menu_metatitle`, `menu_h1`, `menu_keyword`, `menu_description`, `menu_url`, `template_id`, `menu_config`, `menu_tags`, `menu_privilege`, `menu_filter`, `menu_string`, `layout_name`, `menu_content`, `sub_title`, `file_attach`) VALUES
(1, 16, 0, 'Trang chủ', '', 1, 27, '', 1, 0, 1, 'Trang chủ', 'Trang chủ', '', '', '/', '', '', '', '', '', 'trang-chu', '', '', 'Trang chủ', ''),
(2, 16, 0, 'giới thiệu', '', 1, 27, '', 1, 0, 2, 'giới thiệu', 'giới thiệu', '', '', '', 'custom_page', '', '', '', '', 'gioi-thieu', '', '<p>\r\n	test b&agrave;i viết</p>\r\n', 'giới thiệu', ''),
(3, 16, 0, 'Sản phẩm khác', '', 1, 26, '', 1, 0, 3, 'Sản phẩm khác', 'Sản phẩm khác', '', '', '', 'pano_cate', '', '', '', '', 'san-pham-khac', '', '', 'Sản phẩm khác', ''),
(4, 16, 0, 'Nội thất', '', 1, 26, '', 1, 0, 4, 'Nội thất', 'Nội thất', '', '', '', '', '', '', '', '', 'noi-that', '', '', 'Nội thất', ''),
(5, 16, 0, 'Khách hàng', '', 1, 27, '', 1, 0, 5, 'Khách hàng', 'Khách hàng', '', '', '', '', '', '', '', '', 'khach-hang', '', '', 'Khách hàng', ''),
(48, 16, 4, 'Trang trí nhà ở', '', 2, 26, '', 1, 0, 7, 'Trang trí nhà ở', 'Trang trí nhà ở', '', '', '', '', '', '', '0', '', 'trang-tri-nha-o', '', '', 'Trang trí nhà ở', ''),
(49, 16, 4, 'Trang trí văn phòng', '', 2, 26, '', 1, 0, 8, 'Trang trí văn phòng', 'Trang trí văn phòng', '', '', '', '', '', '', '0', '', 'trang-tri-van-phong', '', '', 'Trang trí văn phòng', ''),
(40, 16, 3, 'Mặt bậc lan can', '', 2, 26, '', 1, 0, 7, 'Mặt bậc lan can', 'Mặt bậc lan can', '', '', '', '', '', '', '0', '', 'mat-bac-lan-can', '', '', 'Mặt bậc lan can', ''),
(41, 16, 3, 'Lan can, con tiện', '', 2, 26, '', 1, 0, 8, 'Lan can, con tiện', 'Lan can, con tiện', '', '', '', '', '', '', '0', '', 'lan-can-con-tien', '', '', 'Lan can, con tiện', ''),
(42, 16, 4, 'Nội thất phòng ngủ', '', 2, 26, '', 1, 0, 1, 'Nội thất phòng ngủ', 'Nội thất phòng ngủ', '', '', '', '', '', '', '0', '', 'noi-that-phong-ngu', '', '', 'Nội thất phòng ngủ', ''),
(43, 16, 4, 'Nội thất phòng khách', '', 2, 26, '', 1, 0, 2, 'Nội thất phòng khách', 'Nội thất phòng khách', '', '', '', '', '', '', '0', '', 'noi-that-phong-khach', '', '', 'Nội thất phòng khách', ''),
(44, 16, 4, 'Nội thất nhà bếp', '', 2, 26, '', 1, 0, 3, 'Nội thất nhà bếp', 'Nội thất nhà bếp', '', '', '', '', '', '', '0', '', 'noi-that-nha-bep', '', '', 'Nội thất nhà bếp', ''),
(34, 16, 3, 'Cửa gỗ', '', 2, 26, '', 1, 0, 1, 'Cửa gỗ', 'Cửa gỗ', '', '', '', '', '', '', '0', '', 'cua-go', '', '', 'Cửa gỗ', ''),
(35, 16, 3, 'Tủ gỗ', '', 2, 26, '', 1, 0, 2, 'Tủ gỗ', 'Tủ gỗ', '', '', '', '', '', '', '0', '', 'tu-go', '', '', 'Tủ gỗ', ''),
(36, 16, 3, 'Bàn, ghế gỗ', '', 2, 26, '', 1, 0, 3, 'Bàn, ghế gỗ', 'Bàn, ghế gỗ', '', '', '', '', '', '', '0', '', 'ban-ghe-go', '', '', 'Bàn, ghế gỗ', ''),
(37, 16, 3, 'Giường gỗ', '', 2, 26, '', 1, 0, 4, 'Giường gỗ', 'Giường gỗ', '', '', '', '', '', '', '0', '', 'giuong-go', '', '', 'Giường gỗ', ''),
(38, 16, 3, 'Sàn gỗ', '', 2, 26, '', 1, 0, 5, 'Sàn gỗ', 'Sàn gỗ', '', '', '', '', '', '', '0', '', 'san-go', '', '', 'Sàn gỗ', ''),
(39, 16, 3, 'Cầu thang gỗ', '', 2, 26, '', 1, 0, 6, 'Cầu thang gỗ', 'Cầu thang gỗ', '', '', '', '', '', '', '0', '', 'cau-thang-go', '', '', 'Cầu thang gỗ', ''),
(23, 16, 0, 'Liên hệ', '', 1, 27, '', 1, 0, 10, 'Liên hệ', 'Liên hệ', '', '', '', 'custom_page', '', '', '', '', 'lien-he', '', '<div class="page-body no-border no-padding">\r\n	<div class="page-content">\r\n		<h2 class="heading">\r\n			Li&ecirc;n hệ</h2>\r\n		<div class="com-info">\r\n			<p>\r\n				Office: 4F, Sky City Tower, 88 Lang Ha, Dong Da District Hanoi, Viet Nam</p>\r\n			<p>\r\n				Phone: (+84) 3771 8989 - Ext: 8576 Fax: (+84) 32484283</p>\r\n			<p>\r\n				Mobile: (+84) 91 246 9904</p>\r\n			<p>\r\n				Email: hienntm@tnrholdings.com.vn</p>\r\n		</div>\r\n		<div class="more-info">\r\n			<p>\r\n				Bạn c&oacute; thắc mắc cần ch&uacute;ng t&ocirc;i giải đ&aacute;p, bạn c&oacute; th&ocirc;ng tin cần cung cấp, hoặc chỉ đơn giản l&agrave; bạn c&oacute; băn khoăn muốn chia sẻ với ch&uacute;ng t&ocirc;i, xin sử dụng form dưới đ&acirc;y v&agrave; gửi nội dung cho C&ocirc;ng ty. Xin ch&acirc;n th&agrave;nh cảm ơn bạn!</p>\r\n		</div>\r\n	</div>\r\n	<h2 class="heading">\r\n		Map</h2>\r\n	<p>\r\n		<img alt="" src="/upload/images/quangcao/map.jpg" /></p>\r\n</div>\r\n<p>\r\n	&nbsp;</p>\r\n', 'Liên hệ', ''),
(33, 16, 0, 'Tin tức', '', 1, 27, '', 1, 0, 9, 'Tin tức', 'Tin tức', '', '', '', '', '', '', '0', '', 'tin-tuc', '', '', 'Tin tức', ''),
(45, 16, 4, 'Nội thất sân vườn', '', 2, 26, '', 1, 0, 4, 'Nội thất sân vườn', 'Nội thất sân vườn', '', '', '', '', '', '', '0', '', 'noi-that-san-vuon', '', '', 'Nội thất sân vườn', ''),
(46, 16, 4, 'Nội thất gỗ', '', 2, 26, '', 1, 0, 5, 'Nội thất gỗ', 'Nội thất gỗ', '', '', '', '', '', '', '0', '', 'noi-that-go', '', '', 'Nội thất gỗ', ''),
(47, 16, 4, 'Nội thất đèn', '', 2, 26, '', 1, 0, 6, 'Nội thất đèn', 'Nội thất đèn', '', '', '', '', '', '', '0', '', 'noi-that-den', '', '', 'Nội thất đèn', '');

-- --------------------------------------------------------

--
-- Table structure for table `vnvic_tblmenuadmin`
--

CREATE TABLE IF NOT EXISTS `vnvic_tblmenuadmin` (
  `menu_id` int(11) NOT NULL AUTO_INCREMENT,
  `parent_id` int(11) NOT NULL,
  `menu_level` int(11) NOT NULL,
  `menu_name` varchar(30) COLLATE utf8_unicode_ci NOT NULL,
  `menu_image` text COLLATE utf8_unicode_ci NOT NULL,
  `menu_title` text COLLATE utf8_unicode_ci NOT NULL,
  `menu_url` text COLLATE utf8_unicode_ci NOT NULL,
  `menu_visible` tinyint(4) NOT NULL DEFAULT '0',
  `menu_description` text COLLATE utf8_unicode_ci NOT NULL,
  `menu_queu` int(11) NOT NULL,
  `menu_block` int(11) NOT NULL,
  `privilege_access` tinyint(11) NOT NULL,
  PRIMARY KEY (`menu_id`)
) ENGINE=MyISAM  DEFAULT CHARSET=utf8 COLLATE=utf8_unicode_ci AUTO_INCREMENT=89 ;

--
-- Dumping data for table `vnvic_tblmenuadmin`
--

INSERT INTO `vnvic_tblmenuadmin` (`menu_id`, `parent_id`, `menu_level`, `menu_name`, `menu_image`, `menu_title`, `menu_url`, `menu_visible`, `menu_description`, `menu_queu`, `menu_block`, `privilege_access`) VALUES
(44, 38, 2, '', '', 'Quản trị bài viết', 'article.html', 1, '', 2, 0, 3),
(38, 0, 1, '', 'upload/files/system/icon-48-article.png', 'Quản trị nội dung', 'admin/admin.html', 1, '', 1, 0, 3),
(40, 0, 1, '', 'upload/files/system/preferences-contact-list%5B1%5D.png', 'Liên hệ', 'contacts.html', 1, '', 5, 0, 3),
(41, 0, 1, '', 'upload/files/system/admin.png', 'Quản trị admin', 'user.html', 1, '', 6, 0, 3),
(42, 0, 1, '', 'upload/files/system/cog.png', 'Hệ thống', 'config.html', 1, '', 8, 0, 3),
(63, 52, 3, '', '', 'Quản trị đơn hàng', 'order.html', 0, '', 1, 0, 3),
(64, 52, 3, '', '', 'Loại và thuộc tính sản phẩm', 'product/properties.html', 0, '', 3, 0, 3),
(68, 0, 1, '', 'upload/files/system/userconfig%5B1%5D.png', 'Quản trị thành viên', 'member.html', 0, '', 1, 0, 3),
(66, 44, 3, '', '', 'Bình luận bài viết', 'article/comment.html', 0, '', 1, 0, 3),
(48, 0, 1, '', 'upload/files/system/icon-48-article-add.png', 'Viết bài', 'article/add_article.html', 1, '', 1, 1, 3),
(58, 42, 2, '', '', 'Giao diện website', 'config/template.html', 1, '', 3, 0, 3),
(50, 0, 1, '', 'upload/files/system/icon-48-menumgr.png', 'Thêm danh mục', 'menu.html#form', 1, '', 1, 1, 3),
(51, 0, 1, '', 'upload/files/system/contact.png', 'Liên hệ', 'contacts.html', 1, '', 1, 1, 3),
(52, 38, 2, '', '', 'Quản trị sản phẩm', 'product.html', 1, '', 3, 0, 3),
(53, 38, 2, '', '', 'Quản trị danh mục', 'menu.html', 1, '', 4, 0, 3),
(54, 38, 2, '', '', 'Quản trị khối nội dung', 'plugin.html', 1, '', 5, 0, 3),
(55, 42, 2, '', '', 'Quản trị domain', 'system/domain.html', 0, '', 1, 0, 3),
(67, 52, 3, '', '', 'Bình luận sản phẩm', 'product/comment.html', 0, '', 2, 0, 3),
(69, 44, 3, '', '', 'Thêm mới bài viết', 'article/add_article.html', 1, '', 2, 0, 3),
(71, 0, 1, '', 'upload/files/system/shop%5B1%5D.png', 'Gian hàng', 'shop.html', 0, '', 1, 0, 3),
(72, 71, 2, '', '', 'Giao diện gian hàng', 'shop/template.html', 1, '', 1, 0, 3),
(73, 71, 2, '', '', 'Gói gian hàng', 'shop/packet.html', 1, '', 2, 0, 3),
(74, 71, 2, '', '', 'Cấu hình gian hàng', 'shop/config.html', 1, '', 3, 0, 3),
(75, 71, 2, '', '', 'Thống kê gian hàng', 'shop/statics.html', 1, '', 4, 0, 3),
(76, 42, 2, '', '', 'Ngôn ngữ website', 'config/language.html', 1, '', 2, 0, 3),
(77, 38, 2, '', '', 'Quản trị album ảnh', 'galleries.html', 1, '', 6, 0, 3),
(78, 41, 2, '', '', 'Nhóm thành viên hệ thống', 'admin/group.html', 1, '', 1, 0, 3),
(79, 38, 2, '', '', 'Địa điểm ', 'address.html', 0, '', 7, 0, 3),
(80, 52, 3, '', '', 'Thêm mới sản phẩm', 'product/add_product', 1, '', 4, 0, 3),
(81, 52, 3, '', '', 'Chương trình khuyến mãi', 'promotions.html', 0, '', 5, 0, 3),
(82, 40, 2, '', '', 'Phòng ban', 'contact/department', 1, '', 1, 0, 3),
(83, 38, 2, '', '', 'Quản trị thành viên đăng ký', 'customer.html', 1, '', 8, 0, 3),
(84, 0, 1, '', 'upload/files/system/icon-48-article-add.png', 'Thêm dự án', 'product/add.html', 0, '', 1, 1, 3),
(85, 0, 1, '', '/upload/files/system/plugin.png', 'Quản lý khối nội dung', 'plugin.html', 1, '', 1, 1, 3),
(86, 0, 1, '', '/upload/files/system/icon-48-article.png', 'Bài viết', 'article.html', 1, '', 1, 1, 3),
(87, 0, 1, '', '/upload/files/system/icon-48-menumgr.png', 'Danh mục', 'menu.html', 1, '', 1, 1, 3),
(88, 38, 2, '', '', 'Panorama Editor', 'panorama', 0, '', 9, 0, 3);

-- --------------------------------------------------------

--
-- Table structure for table `vnvic_tblmessage`
--

CREATE TABLE IF NOT EXISTS `vnvic_tblmessage` (
  `message_id` int(11) NOT NULL AUTO_INCREMENT,
  `shop_id` int(11) NOT NULL,
  `user_id` int(11) NOT NULL,
  `message_title` varchar(50) COLLATE utf8_unicode_ci NOT NULL,
  `message_content` varchar(200) COLLATE utf8_unicode_ci NOT NULL,
  `message_read` tinyint(4) NOT NULL DEFAULT '0',
  PRIMARY KEY (`message_id`)
) ENGINE=MyISAM DEFAULT CHARSET=utf8 COLLATE=utf8_unicode_ci AUTO_INCREMENT=1 ;

-- --------------------------------------------------------

--
-- Table structure for table `vnvic_tblmodule`
--

CREATE TABLE IF NOT EXISTS `vnvic_tblmodule` (
  `module_id` int(11) NOT NULL AUTO_INCREMENT,
  `module_menu` tinyint(4) NOT NULL DEFAULT '0',
  `module_description` text COLLATE utf8_unicode_ci NOT NULL,
  `module_name` varchar(20) COLLATE utf8_unicode_ci NOT NULL,
  `module_active` tinyint(4) NOT NULL DEFAULT '1',
  `module_config` text COLLATE utf8_unicode_ci NOT NULL,
  `parent_id` int(11) NOT NULL,
  PRIMARY KEY (`module_id`)
) ENGINE=MyISAM  DEFAULT CHARSET=utf8 COLLATE=utf8_unicode_ci AUTO_INCREMENT=55 ;

--
-- Dumping data for table `vnvic_tblmodule`
--

INSERT INTO `vnvic_tblmodule` (`module_id`, `module_menu`, `module_description`, `module_name`, `module_active`, `module_config`, `parent_id`) VALUES
(1, 0, 'Module tin tức', 'news', 1, '', 0),
(3, 0, 'Module sản phẩm', 'product', 1, 'Chipset|Ram', 0),
(26, 1, 'Trang danh mục sản phẩm', 'product_cate', 1, 'Chip,Ram', 3),
(27, 1, 'Trang danh mục tin tức', 'news_cate', 1, '', 1),
(28, 0, 'Trang chi tiết sản phẩm', 'product_details', 1, '', 3),
(29, 0, 'Trang chi tiết tin tức', 'news_details', 1, '', 1),
(33, 0, 'Module liên hệ', 'contact', 1, '', 0),
(34, 1, 'Trang liên hệ', 'contact_index', 1, '', 33),
(35, 0, 'Trang giỏ hàng', 'shopping', 0, '', 0),
(36, 0, 'Trang giỏ hàng', 'shopping_index', 1, '', 35),
(37, 0, 'Module tìm kiếm', 'search', 1, '', 0),
(38, 0, 'Trang kết quả tìm kiếm bài viết', 'search_index', 1, '', 37),
(39, 0, 'Module trang thư viện ảnh', 'gallery', 1, '', 0),
(40, 0, 'Trang chi tiết album ảnh', 'gallery_albumdetails', 1, '', 39),
(41, 1, 'Trang danh mục album ảnh', 'gallery_cate', 1, '', 39),
(45, 0, 'Module tin khuyến mãi sản phẩm', 'promotions', 0, '', 0),
(46, 0, 'Trang chủ tin khuyến mãi sản phẩm', 'promotions_index', 0, '', 45),
(47, 0, 'Trang chi tiết tin khuyến mãi', 'promotions_details', 0, '', 45),
(49, 0, 'Module trang chủ', 'home', 1, '', 0),
(51, 0, 'Trang sitemap website', 'home_sitemap', 0, '', 49),
(52, 0, 'Search project result page', 'search_product', 0, '', 37),
(53, 0, 'Trang chi tiết video', 'gallery_mediadetails', 1, '', 39),
(54, 0, 'Trang tìm kiếm tin tức theo tags', 'news_tags', 1, '', 1);

-- --------------------------------------------------------

--
-- Table structure for table `vnvic_tblorder`
--

CREATE TABLE IF NOT EXISTS `vnvic_tblorder` (
  `order_id` int(11) NOT NULL AUTO_INCREMENT,
  `cus_name` varchar(50) COLLATE utf8_unicode_ci NOT NULL,
  `order_date` int(11) NOT NULL,
  `order_address` varchar(100) COLLATE utf8_unicode_ci NOT NULL DEFAULT '0',
  `order_status` tinyint(4) NOT NULL DEFAULT '0',
  `order_info` text COLLATE utf8_unicode_ci NOT NULL,
  `cus_email` varchar(50) COLLATE utf8_unicode_ci NOT NULL,
  `cus_phone` varchar(20) COLLATE utf8_unicode_ci NOT NULL,
  `order_read` tinyint(4) NOT NULL DEFAULT '0',
  `last_update` int(11) NOT NULL,
  `user_name` varchar(30) COLLATE utf8_unicode_ci NOT NULL,
  `event_name` varchar(50) COLLATE utf8_unicode_ci NOT NULL,
  `cus_company` varchar(100) COLLATE utf8_unicode_ci NOT NULL,
  `fax` varchar(20) COLLATE utf8_unicode_ci NOT NULL,
  `website` varchar(50) COLLATE utf8_unicode_ci NOT NULL,
  PRIMARY KEY (`order_id`)
) ENGINE=MyISAM  DEFAULT CHARSET=utf8 COLLATE=utf8_unicode_ci AUTO_INCREMENT=3 ;

--
-- Dumping data for table `vnvic_tblorder`
--

INSERT INTO `vnvic_tblorder` (`order_id`, `cus_name`, `order_date`, `order_address`, `order_status`, `order_info`, `cus_email`, `cus_phone`, `order_read`, `last_update`, `user_name`, `event_name`, `cus_company`, `fax`, `website`) VALUES
(1, 'asdasd', 1432612223, 'asdas', 0, 'asdasdasd', 'asdasd', 'asdasd', 0, 0, '', 'adasd', 'asdasd', 'asdasd', 'asdasd'),
(2, 'asdasd', 1432612352, 'adadasd', 0, 'asdasdas', 'adasdasd', 'asdasdasd', 0, 0, '', 'adasd', 'adasdas', 'adasdasd', 'asdadas');

-- --------------------------------------------------------

--
-- Table structure for table `vnvic_tblorderdetails`
--

CREATE TABLE IF NOT EXISTS `vnvic_tblorderdetails` (
  `order_id` int(11) NOT NULL,
  `product_id` int(11) NOT NULL,
  `product_name` varchar(100) COLLATE utf8_unicode_ci NOT NULL,
  `order_quanlity` int(11) NOT NULL,
  `order_price` int(11) NOT NULL,
  PRIMARY KEY (`order_id`,`product_id`)
) ENGINE=MyISAM DEFAULT CHARSET=utf8 COLLATE=utf8_unicode_ci;

--
-- Dumping data for table `vnvic_tblorderdetails`
--

INSERT INTO `vnvic_tblorderdetails` (`order_id`, `product_id`, `product_name`, `order_quanlity`, `order_price`) VALUES
(1, 3, 'Phú Gia Residence', 1, 750000),
(1, 2, 'Phú Gia Residence', 1, 750000),
(2, 13, 'C1C Armchair', 1, 15),
(2, 2, 'Phú Gia Residence', 1, 750000);

-- --------------------------------------------------------

--
-- Table structure for table `vnvic_tblpanohotspots`
--

CREATE TABLE IF NOT EXISTS `vnvic_tblpanohotspots` (
  `id` int(11) NOT NULL AUTO_INCREMENT,
  `gallery_id` int(11) NOT NULL,
  `pano_name` varchar(20) COLLATE utf8_unicode_ci NOT NULL,
  `hotspots` text COLLATE utf8_unicode_ci NOT NULL,
  PRIMARY KEY (`id`)
) ENGINE=MyISAM DEFAULT CHARSET=utf8 COLLATE=utf8_unicode_ci AUTO_INCREMENT=1 ;

-- --------------------------------------------------------

--
-- Table structure for table `vnvic_tblplugin`
--

CREATE TABLE IF NOT EXISTS `vnvic_tblplugin` (
  `plugin_id` int(11) NOT NULL AUTO_INCREMENT,
  `plugintype_id` int(11) NOT NULL,
  `plugin_name` varchar(20) COLLATE utf8_unicode_ci NOT NULL,
  `lang_id` varchar(10) COLLATE utf8_unicode_ci NOT NULL,
  `plugin_title` text COLLATE utf8_unicode_ci NOT NULL,
  `config` text COLLATE utf8_unicode_ci,
  `position_name` varchar(50) COLLATE utf8_unicode_ci NOT NULL,
  `plugin_queu` int(11) NOT NULL,
  `menu_ids` text COLLATE utf8_unicode_ci NOT NULL,
  `plugin_visible` tinyint(1) NOT NULL DEFAULT '0',
  `plugin_home` tinyint(1) NOT NULL DEFAULT '1',
  `plugintemplate_id` text COLLATE utf8_unicode_ci NOT NULL,
  `configvalue` text COLLATE utf8_unicode_ci,
  `plugin_submenu` text COLLATE utf8_unicode_ci NOT NULL,
  `page_ids` text COLLATE utf8_unicode_ci NOT NULL,
  `layout_name` varchar(50) COLLATE utf8_unicode_ci NOT NULL,
  `embed_code` text COLLATE utf8_unicode_ci NOT NULL,
  `block_article` varchar(200) COLLATE utf8_unicode_ci NOT NULL COMMENT 'Plugin content article',
  `block_product` varchar(200) COLLATE utf8_unicode_ci NOT NULL COMMENT 'Plugin content product',
  `plugin_privilege` varchar(50) COLLATE utf8_unicode_ci NOT NULL,
  `plugin_filter` varchar(100) COLLATE utf8_unicode_ci NOT NULL,
  `template` varchar(30) COLLATE utf8_unicode_ci DEFAULT NULL,
  `image` varchar(200) COLLATE utf8_unicode_ci DEFAULT NULL,
  PRIMARY KEY (`plugin_id`)
) ENGINE=MyISAM  DEFAULT CHARSET=utf8 COLLATE=utf8_unicode_ci AUTO_INCREMENT=45 ;

--
-- Dumping data for table `vnvic_tblplugin`
--

INSERT INTO `vnvic_tblplugin` (`plugin_id`, `plugintype_id`, `plugin_name`, `lang_id`, `plugin_title`, `config`, `position_name`, `plugin_queu`, `menu_ids`, `plugin_visible`, `plugin_home`, `plugintemplate_id`, `configvalue`, `plugin_submenu`, `page_ids`, `layout_name`, `embed_code`, `block_article`, `block_product`, `plugin_privilege`, `plugin_filter`, `template`, `image`) VALUES
(20, 32, '', '16', 'Căn hộ', 'limit|type', 'home_content', 20, '0', 1, 1, 'news_home2', '5|latest', '', '', 'home', '', '', '', '', '', 'goldmart', ''),
(43, 32, '', '16', 'Tin tức mới nhất', 'limit|type', 'right_content', 42, '2|33|0', 1, 1, 'news_right', '6|latest', '', '', 'default', '', '', '', '', '', 'lamsontung', ''),
(44, 1, '', '16', 'Danh mục tin tức', NULL, 'right_content', 43, '33|0', 1, 1, 'cate_right', NULL, '', '29', 'default', '', '', '', '', '', 'lamsontung', ''),
(18, 35, '', '16', 'Album panorama trang chủ', 'map_show|thumbnail_show', 'slide_home', 18, '0', 1, 1, 'pano_home', '0|1', '18|32|', '', 'home', '32', '', '', '', '', 'goldmart', ''),
(9, 1, '', '16', 'Danh mục chính', NULL, 'main_nav', 9, '1|2|15|16|17|18|19|20|21|22|3|8|9|10|11|12|13|14|4|5|6|23|0', 1, 1, 'nav_main', NULL, '9|1|2|3|4|5|26|6|23|', '28|29|36|38|40|53|54', 'default', '', '', '', '', '', 'goldmart', ''),
(10, 32, '', '16', 'Dự án', 'limit|type', 'home_content', 10, '', 0, 1, 'news_home1', '1|latest', '', '', 'default', '', '', '', '', '', 'goldmart', ''),
(11, 32, '', '16', 'Căn hộ', 'limit|type', 'home_content', 11, '0', 1, 1, 'news_home1', '1|latest', '', '', 'default', '', '', '', '', '', 'goldmart', ''),
(12, 32, '', '16', 'Tiện ích', 'limit|type', 'home_content', 12, '0', 1, 1, 'news_home2', '6|latest', '', '', 'default', '', '', '', '', '', 'goldmart', ''),
(13, 1, '', '16', 'Danh mục chân trang', NULL, 'footer_nav', 13, '1|2|15|16|17|18|19|20|21|22|3|8|9|10|11|12|13|14|4|5|6|7|0', 1, 1, 'nav_footer', NULL, '1|2|3|4|5|6|7|', '28|29|38|40|53|54', 'default', '', '', '', '', '', 'goldmart', ''),
(14, 25, '', '16', 'ĐỐI TÁC CHIẾN LƯỢC', NULL, 'footer_link', 14, '1|2|15|16|17|18|19|20|21|22|3|8|9|10|11|12|13|14|4|5|6|7|0', 1, 1, 'link_footer', NULL, '', '28|29|36|38|40|53|54', 'default', '', '', '', '', '', 'goldmart', ''),
(15, 23, '', '16', 'Phim - SỰ KIỆN', NULL, 'bottom_content', 15, '0', 1, 1, 'video_home', NULL, '', '', 'default', '<div class="video-player">\r\n	<div class="content-sm">\r\n		<iframe allowfullscreen="" frameborder="0" height="528" src="https://www.youtube.com/embed/7m8QtGvq14s" width="900"></iframe></div>\r\n</div>\r\n<div class="video-title top">\r\n	<div class="content-sm">\r\n		Phim giới thiệu dự &aacute;n</div>\r\n</div>\r\n<p>\r\n	&nbsp;</p>\r\n', '', '', '', '', 'goldmart', ''),
(16, 32, '', '16', 'Tin tức mới nhất', 'limit|type', 'right_content', 17, '1|2|15|16|17|18|19|20|21|22|3|8|9|10|11|12|13|14|4|5|6|23|0', 1, 1, 'news_right', '6|latest', '', '28|29|36|38|40|53|54', 'right_bar', '', '', '', '', '', 'goldmart', ''),
(17, 25, '', '16', 'Quảng cáo bên phải', NULL, 'right_content', 16, '2|15|16|17|18|19|20|21|22|3|8|9|10|11|12|13|14|4|5|6|23', 1, 1, 'adv_right', NULL, '', '28|29|36|38|40|53|54', 'right_bar', '', '', '', '', '', 'goldmart', ''),
(19, 35, '', '16', 'Panorama căn hộ', 'map_show|thumbnail_show', 'slide_home', 19, '3', 0, 1, 'pano_home', '0|0', '19|32|', '', 'default', '32', '', '', '', '', 'goldmart', ''),
(34, 1, '', '16', 'Danh mục chính lamsontung', NULL, 'main_nav', 33, '1|2|15|16|17|18|19|20|3|8|30|29|28|9|10|4|5|31|32|6|27|23|26|0', 1, 1, 'nav_main', NULL, '34|1|2|3|4|5|23|33|', '28|29|36|38|40|53|54', 'home', '', '', '', '', '', 'lamsontung', ''),
(35, 25, '', '16', 'Slideshow trang chủ', NULL, 'slide_home', 34, '2|0', 1, 1, 'slideshow', NULL, '', '', 'home', '', '', '', '', '', 'lamsontung', ''),
(36, 25, '', '16', 'Slide offer', NULL, 'slide_home', 35, '0', 1, 1, 'slide_offer', NULL, '', '', 'home', '', '', '', '', '', 'lamsontung', ''),
(37, 33, '', '16', 'Sản phẩm mới', 'limit|type', 'home_content', 36, '0', 1, 1, 'product_home', '8|latest', '', '', 'home', '', '', '', '', '', 'lamsontung', ''),
(38, 25, '', '16', 'Khách hàng', NULL, 'home_content', 37, '0', 1, 1, 'media_lienket', NULL, '', '', 'home', '', '', '', '', '', 'lamsontung', ''),
(39, 25, '', '16', 'Danh mục chân trang', NULL, 'home_content', 38, '0', 1, 1, 'nav_footer', NULL, '', '', 'home', '', '', '', '', '', 'lamsontung', ''),
(40, 32, '', '16', 'Tin tức', 'limit|type', 'home_content', 39, '0', 1, 1, 'news_home2', '6|latest', '', '', 'home', '', '', '', '', '', 'lamsontung', ''),
(41, 1, '', '16', 'Danh mục sản phẩm', NULL, 'right_content', 40, '3|40|41|34|35|36|37|38|39|4|48|49|42|43|44|45|46|47', 1, 1, 'cate_right', NULL, '41|4|', '28', 'default', '', '', '', '', '', 'lamsontung', ''),
(42, 33, '', '16', 'Sản phẩm nổi bật', 'limit|type', 'right_content', 41, '3|40|41|34|35|36|37|38|39|4|48|49|42|43|44|45|46|47|0', 1, 1, 'product_right', '6|latest', '', '28', 'default', '', '', '', '', '', 'lamsontung', '');

-- --------------------------------------------------------

--
-- Table structure for table `vnvic_tblplugintype`
--

CREATE TABLE IF NOT EXISTS `vnvic_tblplugintype` (
  `plugintype_id` int(11) NOT NULL AUTO_INCREMENT,
  `plugintype_name` varchar(20) COLLATE utf8_unicode_ci NOT NULL,
  `plugintype_title` varchar(50) COLLATE utf8_unicode_ci NOT NULL,
  `pluginconfig_name` text COLLATE utf8_unicode_ci NOT NULL,
  `pluginconfig_title` text COLLATE utf8_unicode_ci NOT NULL,
  `plugintype_visible` tinyint(4) NOT NULL DEFAULT '1',
  `plugintype_description` varchar(300) COLLATE utf8_unicode_ci NOT NULL,
  `field_type` varchar(20) COLLATE utf8_unicode_ci DEFAULT NULL,
  `field_value` text COLLATE utf8_unicode_ci,
  PRIMARY KEY (`plugintype_id`),
  UNIQUE KEY `plugintype_name` (`plugintype_name`)
) ENGINE=MyISAM  DEFAULT CHARSET=utf8 COLLATE=utf8_unicode_ci AUTO_INCREMENT=36 ;

--
-- Dumping data for table `vnvic_tblplugintype`
--

INSERT INTO `vnvic_tblplugintype` (`plugintype_id`, `plugintype_name`, `plugintype_title`, `pluginconfig_name`, `pluginconfig_title`, `plugintype_visible`, `plugintype_description`, `field_type`, `field_value`) VALUES
(11, 'support', 'hỗ trợ trực tuyến', '0', '0', 1, 'Khối hiển thị hỗ trợ  trực tuyến của website', NULL, NULL),
(1, 'menu', 'Khối danh mục', '0', '0', 1, '-Khối danh mục,hiển thị các  danh mục nằm trong khối\n-Cấp hiển thị danh mục tùy thuộc vào template của danh mục', NULL, NULL),
(27, 'block_news', 'Khối tin tức tự chọn', '0', '0', 1, 'Khối nội dung chứa tin tức tự chọn từ danh sách', NULL, NULL),
(15, 'ultilities', 'Khối tiện ích', '0', '0', 1, 'Khối tiện ích ,chức năng hiển thị tùy theo template hiển thị', NULL, NULL),
(33, 'product', 'Khối sản phẩm', 'limit|type', 'Số lượng hiển thị|Loại sản phẩm hiển thị', 1, 'Khối nội dung sản phẩm', 'textbox|radio', '6|Mới nhất:latest,Sản phẩm hot:hot,Sản phẩm mua nhiều:bestsale,Sản phẩm xem nhiều:mostviewed,Sản phẩm trang chủ:home'),
(26, 'block_product', 'Khối sản phẩm tự chọn', '0', '0', 1, 'Khối nội dung chứa sản phẩm tự chọn từ danh sách', NULL, NULL),
(21, 'product_filter', 'Bộ lọc sản phẩm', 'filter_by_price', 'khoảng giá (min1-max1,min2-max2,.. )', 1, '', NULL, NULL),
(23, 'html', 'Khối mã nhúng html', '', '', 1, '', NULL, NULL),
(25, 'media', 'Khối nội dung media', '0', '0', 1, '-Khối nội dung media\n-Chứa các nội dung bao gồm\n +Link liên kết\n +Quảng cáo\n +Slideshow\n +Clip,music,video...etc', NULL, NULL),
(32, 'news', 'Khối tin tức', 'limit|type', 'Số lượng hiển thị|Tin tức hiển thị', 1, 'Khối hiển thị tin tức', 'textbox|radio', '6|Tin mới nhất:latest,Tin hot:hot,Tin xem nhiều nhất:mostviewed,tin trang chủ:home\n'),
(35, 'panorama', 'Khối album panorama', 'map_show|thumbnail_show', 'Hiển thị map<br/> (0:ẩn,1:hiển thị)|Hiển thị thumbnail<br/> (0:ẩn,1:hiển thị)', 1, 'Khối nội dung hiển thị panorama', 'textbox|textbox', '|');

-- --------------------------------------------------------

--
-- Table structure for table `vnvic_tblprivilege`
--

CREATE TABLE IF NOT EXISTS `vnvic_tblprivilege` (
  `privilege_id` int(11) NOT NULL AUTO_INCREMENT,
  `privilege_name` varchar(50) COLLATE utf8_unicode_ci NOT NULL,
  `groups_accept` varchar(200) COLLATE utf8_unicode_ci NOT NULL,
  PRIMARY KEY (`privilege_id`),
  UNIQUE KEY `privilege_name` (`privilege_name`)
) ENGINE=MyISAM DEFAULT CHARSET=utf8 COLLATE=utf8_unicode_ci AUTO_INCREMENT=1 ;

-- --------------------------------------------------------

--
-- Table structure for table `vnvic_tblproduct`
--

CREATE TABLE IF NOT EXISTS `vnvic_tblproduct` (
  `product_id` int(11) NOT NULL AUTO_INCREMENT,
  `product_code` varchar(50) COLLATE utf8_unicode_ci NOT NULL,
  `product_nhasx` varchar(50) COLLATE utf8_unicode_ci NOT NULL,
  `product_nhasxlogo` varchar(200) COLLATE utf8_unicode_ci NOT NULL,
  `product_name` varchar(100) COLLATE utf8_unicode_ci NOT NULL,
  `menu_id` int(11) NOT NULL,
  `producttype_id` int(11) NOT NULL,
  `product_warranty` varchar(50) COLLATE utf8_unicode_ci NOT NULL,
  `product_price` bigint(11) NOT NULL,
  `product_saleoff` int(11) NOT NULL,
  `product_summary` varchar(500) COLLATE utf8_unicode_ci NOT NULL,
  `product_details` text COLLATE utf8_unicode_ci NOT NULL,
  `product_quanlity` int(11) NOT NULL,
  `product_home` tinyint(4) NOT NULL DEFAULT '0',
  `product_visible` tinyint(4) NOT NULL DEFAULT '1',
  `product_hot` tinyint(4) NOT NULL DEFAULT '0',
  `product_bestsell` tinyint(4) NOT NULL DEFAULT '0',
  `product_new` tinyint(4) NOT NULL DEFAULT '0',
  `product_status` tinyint(4) NOT NULL DEFAULT '1',
  `product_tags` varchar(200) COLLATE utf8_unicode_ci NOT NULL,
  `product_queu` int(11) NOT NULL,
  `product_image` varchar(200) COLLATE utf8_unicode_ci NOT NULL,
  `product_color_image` varchar(200) COLLATE utf8_unicode_ci NOT NULL,
  `product_other_image` text COLLATE utf8_unicode_ci NOT NULL,
  `product_h1` text COLLATE utf8_unicode_ci NOT NULL,
  `product_keyword` text COLLATE utf8_unicode_ci NOT NULL,
  `product_metadesc` text COLLATE utf8_unicode_ci NOT NULL,
  `product_date` int(11) NOT NULL,
  `product_rate` tinyint(4) NOT NULL DEFAULT '0',
  `product_comment` tinyint(4) NOT NULL DEFAULT '0',
  `product_metatitle` varchar(200) COLLATE utf8_unicode_ci NOT NULL,
  `product_comment_privilege` varchar(50) COLLATE utf8_unicode_ci NOT NULL,
  `promotion_title` varchar(200) COLLATE utf8_unicode_ci NOT NULL,
  `promotion_details` text COLLATE utf8_unicode_ci NOT NULL,
  `product_size` varchar(50) COLLATE utf8_unicode_ci DEFAULT NULL,
  `product_attachment` varchar(50) COLLATE utf8_unicode_ci DEFAULT NULL,
  `product_vat` int(11) DEFAULT NULL,
  `product_shipping` int(11) DEFAULT NULL,
  `product_worker` int(11) DEFAULT NULL,
  `product_thick` varchar(20) COLLATE utf8_unicode_ci DEFAULT NULL,
  `lat` double(10,6) DEFAULT NULL,
  `lng` double(10,6) DEFAULT NULL,
  `location_id` int(11) DEFAULT NULL,
  `product_address` varchar(300) COLLATE utf8_unicode_ci DEFAULT NULL,
  `direction` varchar(20) COLLATE utf8_unicode_ci DEFAULT NULL,
  `investor` varchar(300) COLLATE utf8_unicode_ci DEFAULT NULL,
  `city_id` int(11) DEFAULT NULL,
  `lang` varchar(20) COLLATE utf8_unicode_ci DEFAULT NULL,
  `product_material` varchar(200) COLLATE utf8_unicode_ci DEFAULT NULL,
  PRIMARY KEY (`product_id`),
  UNIQUE KEY `product_code` (`product_code`)
) ENGINE=MyISAM  DEFAULT CHARSET=utf8 COLLATE=utf8_unicode_ci AUTO_INCREMENT=24 ;

--
-- Dumping data for table `vnvic_tblproduct`
--

INSERT INTO `vnvic_tblproduct` (`product_id`, `product_code`, `product_nhasx`, `product_nhasxlogo`, `product_name`, `menu_id`, `producttype_id`, `product_warranty`, `product_price`, `product_saleoff`, `product_summary`, `product_details`, `product_quanlity`, `product_home`, `product_visible`, `product_hot`, `product_bestsell`, `product_new`, `product_status`, `product_tags`, `product_queu`, `product_image`, `product_color_image`, `product_other_image`, `product_h1`, `product_keyword`, `product_metadesc`, `product_date`, `product_rate`, `product_comment`, `product_metatitle`, `product_comment_privilege`, `promotion_title`, `promotion_details`, `product_size`, `product_attachment`, `product_vat`, `product_shipping`, `product_worker`, `product_thick`, `lat`, `lng`, `location_id`, `product_address`, `direction`, `investor`, `city_id`, `lang`, `product_material`) VALUES
(16, 'DM003', 'Cửa đi một cánh pano đặc.', '', 'Ghế sập - DM001', 3, 1, '5', 2400000, 0, 'Sản phẩm FACE & BODY SUNSCREEN SPF30 xách tay trực tiếp từ Hàn Quốc', '<p>\r\n	Thiết kế hiện đại, kiểu d&aacute;ng phong ph&uacute;, nhiều m&agrave;u sắc.<br />\r\n	Mẫu cửa DM_001 ph&ugrave; hợp khi sử dụng nhiều trong kh&ocirc;ng gian nh&agrave; ở, c&aacute;c căn hộ chung cư, c&aacute;c khu văn ph&ograve;ng.</p>\r\n', 0, 0, 1, 1, 0, 0, 1, '', 5, '/upload/images/san_pham/product.png', 'Màu cánh gián, PU bóng...', '/upload/images/cate/categori.png|/upload/images/cate/categori2.png|/upload/images/cate/categori3.png|', '', '', '', 1433023200, 0, 0, '', '', '', '', '900x2200 (cả khuôn), tùy chỉnh.', NULL, 10, NULL, NULL, NULL, NULL, NULL, 20, ' Cửa ra vào, Cửa thông phòng.', '', NULL, 17, 'vi', 'Gỗ công nghiệp, Sồi, Lim, Hương...'),
(17, 'DM004', '0', '', 'Ghế sập - DM001', 3, 1, '5', 2400000, 0, 'Sản phẩm FACE & BODY SUNSCREEN SPF30 xách tay trực tiếp từ Hàn Quốc', '', 0, 0, 1, 0, 0, 0, 1, '', 5, '/upload/images/san_pham/product.png', '', '', '', '', '', 1433023200, 0, 0, '', '', '', '', '', NULL, 10, NULL, NULL, NULL, NULL, NULL, 20, '', '', NULL, 17, 'vi', NULL),
(18, 'DM005', '0', '', 'Ghế sập - DM001', 3, 1, '5', 2400000, 0, 'Sản phẩm FACE & BODY SUNSCREEN SPF30 xách tay trực tiếp từ Hàn Quốc', '', 0, 0, 1, 0, 0, 0, 1, '', 5, '/upload/images/san_pham/product.png', '', '', '', '', '', 1433023200, 0, 0, '', '', '', '', '', NULL, 10, NULL, NULL, NULL, NULL, NULL, 20, '', '', NULL, 17, 'vi', NULL),
(19, 'DM006', '0', '', 'Ghế sập - DM001', 3, 1, '5', 2400000, 0, 'Sản phẩm FACE & BODY SUNSCREEN SPF30 xách tay trực tiếp từ Hàn Quốc', '', 0, 0, 1, 0, 0, 0, 1, '', 5, '/upload/images/san_pham/product.png', '', '', '', '', '', 1433023200, 0, 0, '', '', '', '', '', NULL, 10, NULL, NULL, NULL, NULL, NULL, 20, '', '', NULL, 17, 'vi', NULL),
(20, 'DM007', '0', '', 'Ghế sập - DM001', 3, 1, '5', 2400000, 0, 'Sản phẩm FACE & BODY SUNSCREEN SPF30 xách tay trực tiếp từ Hàn Quốc', '', 0, 0, 1, 0, 0, 0, 1, '', 5, '/upload/images/san_pham/product.png', '', '', '', '', '', 1433023200, 0, 0, '', '', '', '', '', NULL, 10, NULL, NULL, NULL, NULL, NULL, 20, '', '', NULL, 17, 'vi', NULL),
(21, 'DM008', '0', '', 'Ghế sập - DM001', 3, 1, '5', 2400000, 0, 'Sản phẩm FACE & BODY SUNSCREEN SPF30 xách tay trực tiếp từ Hàn Quốc', '', 0, 0, 1, 0, 0, 0, 1, '', 5, '/upload/images/san_pham/product.png', '', '', '', '', '', 1433023200, 0, 0, '', '', '', '', '', NULL, 10, NULL, NULL, NULL, NULL, NULL, 20, '', '', NULL, 17, 'vi', NULL),
(22, 'DM009', '0', '', 'Ghế sập - DM001', 3, 1, '5', 2400000, 0, 'Sản phẩm FACE & BODY SUNSCREEN SPF30 xách tay trực tiếp từ Hàn Quốc', '', 0, 0, 1, 0, 0, 0, 1, '', 5, '/upload/images/san_pham/product.png', '', '', '', '', '', 1433023200, 0, 0, '', '', '', '', '', NULL, 10, NULL, NULL, NULL, NULL, NULL, 20, '', '', NULL, 17, 'vi', NULL),
(23, 'DM010', '0', '', 'Ghế sập - DM001', 3, 1, '5', 2400000, 0, 'Sản phẩm FACE & BODY SUNSCREEN SPF30 xách tay trực tiếp từ Hàn Quốc', '', 0, 0, 1, 0, 0, 0, 1, '', 5, '/upload/images/san_pham/product.png', '', '', '', '', '', 1433023200, 0, 0, '', '', '', '', '', NULL, 10, NULL, NULL, NULL, NULL, NULL, 20, '', '', NULL, 17, 'vi', NULL),
(15, 'DM002', '0', '', 'Ghế sập - DM001', 3, 1, '5', 2400000, 0, 'Sản phẩm FACE & BODY SUNSCREEN SPF30 xách tay trực tiếp từ Hàn Quốc', '', 0, 0, 1, 0, 0, 0, 1, '', 5, '/upload/images/san_pham/product.png', '', '', '', '', '', 1433023200, 0, 0, '', '', '', '', '', NULL, 10, NULL, NULL, NULL, NULL, NULL, 20, '', '', NULL, 17, 'vi', NULL),
(14, 'DM001', '0', '', 'Ghế sập - DM001', 3, 1, '5', 2400000, 0, 'Sản phẩm FACE & BODY SUNSCREEN SPF30 xách tay trực tiếp từ Hàn Quốc', '', 0, 0, 1, 0, 0, 0, 1, '', 5, '/upload/images/san_pham/product.png', '', '', '', '', '', 1433023200, 0, 0, '', '', '', '', '', NULL, 10, NULL, NULL, NULL, NULL, NULL, 20, '', '', NULL, 17, 'vi', NULL);

-- --------------------------------------------------------

--
-- Table structure for table `vnvic_tblproductattachment`
--

CREATE TABLE IF NOT EXISTS `vnvic_tblproductattachment` (
  `prodattachment_id` int(11) NOT NULL AUTO_INCREMENT,
  `product_id` int(11) NOT NULL,
  `prodattachment_name` varchar(200) COLLATE utf8_unicode_ci NOT NULL,
  `prodattachment_image` varchar(200) COLLATE utf8_unicode_ci NOT NULL,
  `prodattachment_price` int(11) NOT NULL,
  `prodattachment_description` varchar(300) COLLATE utf8_unicode_ci NOT NULL,
  PRIMARY KEY (`prodattachment_id`)
) ENGINE=MyISAM  DEFAULT CHARSET=utf8 COLLATE=utf8_unicode_ci AUTO_INCREMENT=9 ;

--
-- Dumping data for table `vnvic_tblproductattachment`
--

INSERT INTO `vnvic_tblproductattachment` (`prodattachment_id`, `product_id`, `prodattachment_name`, `prodattachment_image`, `prodattachment_price`, `prodattachment_description`) VALUES
(1, 162, '0', 'upload/images/quangcao/g460.jpg', 0, ''),
(2, 164, '0', 'upload/images/quangcao/g460.jpg', 0, ''),
(3, 165, '0', 'upload/images/quangcao/g4602.jpg', 0, ''),
(4, 165, '0', 'upload/images/quangcao/ipad.jpg', 0, ''),
(5, 166, 'Chân bàn', 'upload/images/slideshow/partner-4.png', 1000000, 'chân bàn'),
(6, 166, 'Tai Nghe', 'upload/images/slideshow/partner-5.png', 200000, 'Tai Nghe bluetooth'),
(7, 167, 'Chân', 'upload/images/gallery/album_1/Desktopography_002.jpg', 200000, 'sssss'),
(8, 167, 'Bàn', 'upload/images/gallery/album_1/Desktopography_004.jpg', 60000, 'ddddđ');

-- --------------------------------------------------------

--
-- Table structure for table `vnvic_tblproductcolors`
--

CREATE TABLE IF NOT EXISTS `vnvic_tblproductcolors` (
  `color_id` int(11) NOT NULL AUTO_INCREMENT,
  `color_hexa` char(10) COLLATE utf8_unicode_ci NOT NULL,
  `product_id` int(11) NOT NULL,
  `product_images` varchar(200) COLLATE utf8_unicode_ci NOT NULL,
  PRIMARY KEY (`color_id`)
) ENGINE=MyISAM  DEFAULT CHARSET=utf8 COLLATE=utf8_unicode_ci AUTO_INCREMENT=1535 ;

--
-- Dumping data for table `vnvic_tblproductcolors`
--

INSERT INTO `vnvic_tblproductcolors` (`color_id`, `color_hexa`, `product_id`, `product_images`) VALUES
(5, 'ff00ff', 166, 'upload/images/slideshow/img-1.png|'),
(4, '00ff00', 165, ''),
(6, '51518f', 166, 'upload/images/slideshow/slide.jpg|upload/images/slideshow/partner-5.png|upload/images/slideshow/partner-3.png|'),
(7, '00ff00', 166, 'upload/images/slideshow/adv-1.png|upload/images/slideshow/partner-4.png|'),
(8, '00ff00', 166, ''),
(9, '2d2da8', 166, ''),
(10, '00ff00', 166, ''),
(11, 'd500ff', 167, 'upload/images/gallery/album070220120944/Desktopography_001.jpg|upload/images/gallery/album070220120944/Desktopography_002.jpg|upload/images/gallery/album070220120944/Desktopography_004.jpg|'),
(12, 'c4ff00', 167, 'upload/images/gallery/album070220120944/Desktopography_001.jpg|upload/images/gallery/album070220120944/Desktopography_003.jpg|upload/images/gallery/album_1/Desktopography_002.jpg|'),
(13, '00ff00', 167, 'upload/images/gallery/album_1/Desktopography_006.jpg|upload/images/gallery/album_1/Desktopography_007.jpg|'),
(14, '00ff00', 167, ''),
(15, '00ff00', 167, ''),
(16, '00ff00', 167, ''),
(17, '00ff00', 168, ''),
(18, '00ff00', 168, ''),
(19, '2bff00', 168, ''),
(20, '00ff00', 168, ''),
(21, '00ff00', 168, ''),
(22, '00ff00', 168, ''),
(23, '00ff00', 169, ''),
(24, '00ff00', 169, ''),
(25, '00ff00', 169, ''),
(26, '00ff00', 169, ''),
(27, '00ff00', 169, ''),
(28, '00ff00', 169, ''),
(29, '00ff00', 170, ''),
(30, '00ff00', 170, ''),
(31, '00ff00', 170, ''),
(32, '00ff00', 170, ''),
(33, '00ff00', 170, ''),
(34, '00ff00', 170, ''),
(35, '00ff00', 171, ''),
(36, '00ff00', 171, ''),
(37, '00ff00', 171, ''),
(38, '00ff00', 171, ''),
(39, '00ff00', 171, ''),
(40, '00ff00', 171, ''),
(41, '00ff00', 172, ''),
(42, '00ff00', 172, ''),
(43, '00ff00', 172, ''),
(44, '00ff00', 172, ''),
(45, '00ff00', 172, ''),
(46, '00ff00', 172, ''),
(47, '00ff00', 173, ''),
(48, '00ff00', 173, ''),
(49, '00ff00', 173, ''),
(50, '00ff00', 173, ''),
(51, '00ff00', 173, ''),
(52, '00ff00', 173, ''),
(53, '00ff00', 174, ''),
(54, '00ff00', 174, ''),
(55, '00ff00', 174, ''),
(56, '00ff00', 174, ''),
(57, '00ff00', 174, ''),
(58, '00ff00', 174, ''),
(59, '00ff00', 175, 'upload/images/product/dong-phuc-mau-01.jpg|upload/images/product/g460.jpg|'),
(60, '00ff00', 175, ''),
(61, '00ff00', 175, ''),
(62, '00ff00', 175, ''),
(63, '00ff00', 175, ''),
(64, '00ff00', 175, ''),
(65, '00ff00', 178, ''),
(66, '00ff00', 178, ''),
(67, '00ff00', 178, ''),
(68, '00ff00', 178, ''),
(69, '00ff00', 178, ''),
(70, '00ff00', 178, ''),
(71, '00ff00', 179, ''),
(72, '00ff00', 179, ''),
(73, '00ff00', 179, ''),
(74, '00ff00', 179, ''),
(75, '00ff00', 179, ''),
(76, '00ff00', 179, ''),
(77, '00ff00', 180, ''),
(78, '00ff00', 180, ''),
(79, '00ff00', 180, ''),
(80, '00ff00', 180, ''),
(81, '00ff00', 180, ''),
(82, '00ff00', 180, ''),
(83, '00ff00', 181, ''),
(84, '00ff00', 181, ''),
(85, '00ff00', 181, ''),
(86, '00ff00', 181, ''),
(87, '00ff00', 181, ''),
(88, '00ff00', 181, ''),
(89, '00ff00', 182, ''),
(90, '00ff00', 182, ''),
(91, '00ff00', 182, ''),
(92, '00ff00', 182, ''),
(93, '00ff00', 182, ''),
(94, '00ff00', 182, ''),
(95, '00ff00', 183, ''),
(96, '00ff00', 183, ''),
(97, '00ff00', 183, ''),
(98, '00ff00', 183, ''),
(99, '00ff00', 183, ''),
(100, '00ff00', 183, ''),
(101, '00ff00', 184, ''),
(102, '00ff00', 184, ''),
(103, '00ff00', 184, ''),
(104, '00ff00', 184, ''),
(105, '00ff00', 184, ''),
(106, '00ff00', 184, ''),
(107, '00ff00', 185, ''),
(108, '00ff00', 185, ''),
(109, '00ff00', 185, ''),
(110, '00ff00', 185, ''),
(111, '00ff00', 185, ''),
(112, '00ff00', 185, ''),
(113, '00ff00', 186, ''),
(114, '00ff00', 186, ''),
(115, '00ff00', 186, ''),
(116, '00ff00', 186, ''),
(117, '00ff00', 186, ''),
(118, '00ff00', 186, ''),
(119, '00ff00', 187, ''),
(120, '00ff00', 187, ''),
(121, '00ff00', 187, ''),
(122, '00ff00', 187, ''),
(123, '00ff00', 187, ''),
(124, '00ff00', 187, ''),
(125, '00ff00', 188, ''),
(126, '00ff00', 188, ''),
(127, '00ff00', 188, ''),
(128, '00ff00', 188, ''),
(129, '00ff00', 188, ''),
(130, '00ff00', 188, ''),
(131, '00ff00', 189, ''),
(132, '00ff00', 189, ''),
(133, '00ff00', 189, ''),
(134, '00ff00', 189, ''),
(135, '00ff00', 189, ''),
(136, '00ff00', 189, ''),
(137, '00ff00', 190, ''),
(138, '00ff00', 190, ''),
(139, '00ff00', 190, ''),
(140, '00ff00', 190, ''),
(141, '00ff00', 190, ''),
(142, '00ff00', 190, ''),
(143, '00ff00', 191, ''),
(144, '00ff00', 191, ''),
(145, '00ff00', 191, ''),
(146, '00ff00', 191, ''),
(147, '00ff00', 191, ''),
(148, '00ff00', 191, ''),
(149, '00ff00', 192, ''),
(150, '00ff00', 192, ''),
(151, '00ff00', 192, ''),
(152, '00ff00', 192, ''),
(153, '00ff00', 192, ''),
(154, '00ff00', 192, ''),
(155, '00ff00', 193, ''),
(156, '00ff00', 193, ''),
(157, '00ff00', 193, ''),
(158, '00ff00', 193, ''),
(159, '00ff00', 193, ''),
(160, '00ff00', 193, ''),
(161, '00ff00', 194, ''),
(162, '00ff00', 194, ''),
(163, '00ff00', 194, ''),
(164, '00ff00', 194, ''),
(165, '00ff00', 194, ''),
(166, '00ff00', 194, ''),
(167, '00ff00', 195, ''),
(168, '00ff00', 195, ''),
(169, '00ff00', 195, ''),
(170, '00ff00', 195, ''),
(171, '00ff00', 195, ''),
(172, '00ff00', 195, ''),
(173, '00ff00', 196, ''),
(174, '00ff00', 196, ''),
(175, '00ff00', 196, ''),
(176, '00ff00', 196, ''),
(177, '00ff00', 196, ''),
(178, '00ff00', 196, ''),
(179, '00ff00', 197, ''),
(180, '00ff00', 197, ''),
(181, '00ff00', 197, ''),
(182, '00ff00', 197, ''),
(183, '00ff00', 197, ''),
(184, '00ff00', 197, ''),
(185, '00ff00', 198, ''),
(186, '00ff00', 198, ''),
(187, '00ff00', 198, ''),
(188, '00ff00', 198, ''),
(189, '00ff00', 198, ''),
(190, '00ff00', 198, ''),
(191, '00ff00', 199, ''),
(192, '00ff00', 199, ''),
(193, '00ff00', 199, ''),
(194, '00ff00', 199, ''),
(195, '00ff00', 199, ''),
(196, '00ff00', 199, ''),
(197, '00ff00', 200, ''),
(198, '00ff00', 200, ''),
(199, '00ff00', 200, ''),
(200, '00ff00', 200, ''),
(201, '00ff00', 200, ''),
(202, '00ff00', 200, ''),
(203, '00ff00', 201, ''),
(204, '00ff00', 201, ''),
(205, '00ff00', 201, ''),
(206, '00ff00', 201, ''),
(207, '00ff00', 201, ''),
(208, '00ff00', 201, ''),
(209, '00ff00', 202, ''),
(210, '00ff00', 202, ''),
(211, '00ff00', 202, ''),
(212, '00ff00', 202, ''),
(213, '00ff00', 202, ''),
(214, '00ff00', 202, ''),
(215, '00ff00', 203, ''),
(216, '00ff00', 203, ''),
(217, '00ff00', 203, ''),
(218, '00ff00', 203, ''),
(219, '00ff00', 203, ''),
(220, '00ff00', 203, ''),
(221, '00ff00', 204, ''),
(222, '00ff00', 204, ''),
(223, '00ff00', 204, ''),
(224, '00ff00', 204, ''),
(225, '00ff00', 204, ''),
(226, '00ff00', 204, ''),
(227, '00ff00', 205, ''),
(228, '00ff00', 205, ''),
(229, '00ff00', 205, ''),
(230, '00ff00', 205, ''),
(231, '00ff00', 205, ''),
(232, '00ff00', 205, ''),
(233, '00ff00', 206, ''),
(234, '00ff00', 206, ''),
(235, '00ff00', 206, ''),
(236, '00ff00', 206, ''),
(237, '00ff00', 206, ''),
(238, '00ff00', 206, ''),
(239, '00ff00', 357, ''),
(240, '00ff00', 357, ''),
(241, '00ff00', 357, ''),
(242, '00ff00', 357, ''),
(243, '00ff00', 357, ''),
(244, '00ff00', 357, ''),
(245, '00ff00', 358, ''),
(246, '00ff00', 358, ''),
(247, '00ff00', 358, ''),
(248, '00ff00', 358, ''),
(249, '00ff00', 358, ''),
(250, '00ff00', 358, ''),
(251, '00ff00', 359, ''),
(252, '00ff00', 359, ''),
(253, '00ff00', 359, ''),
(254, '00ff00', 359, ''),
(255, '00ff00', 359, ''),
(256, '00ff00', 359, ''),
(257, '00ff00', 360, ''),
(258, '00ff00', 360, ''),
(259, '00ff00', 360, ''),
(260, '00ff00', 360, ''),
(261, '00ff00', 360, ''),
(262, '00ff00', 360, ''),
(263, '00ff00', 361, ''),
(264, '00ff00', 361, ''),
(265, '00ff00', 361, ''),
(266, '00ff00', 361, ''),
(267, '00ff00', 361, ''),
(268, '00ff00', 361, ''),
(269, '00ff00', 362, ''),
(270, '00ff00', 362, ''),
(271, '00ff00', 362, ''),
(272, '00ff00', 362, ''),
(273, '00ff00', 362, ''),
(274, '00ff00', 362, ''),
(275, '00ff00', 363, ''),
(276, '00ff00', 363, ''),
(277, '00ff00', 363, ''),
(278, '00ff00', 363, ''),
(279, '00ff00', 363, ''),
(280, '00ff00', 363, ''),
(281, '00ff00', 364, ''),
(282, '00ff00', 364, ''),
(283, '00ff00', 364, ''),
(284, '00ff00', 364, ''),
(285, '00ff00', 364, ''),
(286, '00ff00', 364, ''),
(287, '00ff00', 365, ''),
(288, '00ff00', 365, ''),
(289, '00ff00', 365, ''),
(290, '00ff00', 365, ''),
(291, '00ff00', 365, ''),
(292, '00ff00', 365, ''),
(293, '00ff00', 366, ''),
(294, '00ff00', 366, ''),
(295, '00ff00', 366, ''),
(296, '00ff00', 366, ''),
(297, '00ff00', 366, ''),
(298, '00ff00', 366, ''),
(299, '00ff00', 367, ''),
(300, '00ff00', 367, ''),
(301, '00ff00', 367, ''),
(302, '00ff00', 367, ''),
(303, '00ff00', 367, ''),
(304, '00ff00', 367, ''),
(305, '00ff00', 368, ''),
(306, '00ff00', 368, ''),
(307, '00ff00', 368, ''),
(308, '00ff00', 368, ''),
(309, '00ff00', 368, ''),
(310, '00ff00', 368, ''),
(311, '00ff00', 369, ''),
(312, '00ff00', 369, ''),
(313, '00ff00', 369, ''),
(314, '00ff00', 369, ''),
(315, '00ff00', 369, ''),
(316, '00ff00', 369, ''),
(317, '00ff00', 370, ''),
(318, '00ff00', 370, ''),
(319, '00ff00', 370, ''),
(320, '00ff00', 370, ''),
(321, '00ff00', 370, ''),
(322, '00ff00', 370, ''),
(323, '00ff00', 371, ''),
(324, '00ff00', 371, ''),
(325, '00ff00', 371, ''),
(326, '00ff00', 371, ''),
(327, '00ff00', 371, ''),
(328, '00ff00', 371, ''),
(329, '00ff00', 372, ''),
(330, '00ff00', 372, ''),
(331, '00ff00', 372, ''),
(332, '00ff00', 372, ''),
(333, '00ff00', 372, ''),
(334, '00ff00', 372, ''),
(335, '00ff00', 373, ''),
(336, '00ff00', 373, ''),
(337, '00ff00', 373, ''),
(338, '00ff00', 373, ''),
(339, '00ff00', 373, ''),
(340, '00ff00', 373, ''),
(341, '00ff00', 374, ''),
(342, '00ff00', 374, ''),
(343, '00ff00', 374, ''),
(344, '00ff00', 374, ''),
(345, '00ff00', 374, ''),
(346, '00ff00', 374, ''),
(347, '00ff00', 375, ''),
(348, '00ff00', 375, ''),
(349, '00ff00', 375, ''),
(350, '00ff00', 375, ''),
(351, '00ff00', 375, ''),
(352, '00ff00', 375, ''),
(353, '00ff00', 376, ''),
(354, '00ff00', 376, ''),
(355, '00ff00', 376, ''),
(356, '00ff00', 376, ''),
(357, '00ff00', 376, ''),
(358, '00ff00', 376, ''),
(359, '00ff00', 377, ''),
(360, '00ff00', 377, ''),
(361, '00ff00', 377, ''),
(362, '00ff00', 377, ''),
(363, '00ff00', 377, ''),
(364, '00ff00', 377, ''),
(365, '00ff00', 378, ''),
(366, '00ff00', 378, ''),
(367, '00ff00', 378, ''),
(368, '00ff00', 378, ''),
(369, '00ff00', 378, ''),
(370, '00ff00', 378, ''),
(371, '00ff00', 379, ''),
(372, '00ff00', 379, ''),
(373, '00ff00', 379, ''),
(374, '00ff00', 379, ''),
(375, '00ff00', 379, ''),
(376, '00ff00', 379, ''),
(377, '00ff00', 380, ''),
(378, '00ff00', 380, ''),
(379, '00ff00', 380, ''),
(380, '00ff00', 380, ''),
(381, '00ff00', 380, ''),
(382, '00ff00', 380, ''),
(383, '00ff00', 381, ''),
(384, '00ff00', 381, ''),
(385, '00ff00', 381, ''),
(386, '00ff00', 381, ''),
(387, '00ff00', 381, ''),
(388, '00ff00', 381, ''),
(389, '00ff00', 382, ''),
(390, '00ff00', 382, ''),
(391, '00ff00', 382, ''),
(392, '00ff00', 382, ''),
(393, '00ff00', 382, ''),
(394, '00ff00', 382, ''),
(395, '00ff00', 383, ''),
(396, '00ff00', 383, ''),
(397, '00ff00', 383, ''),
(398, '00ff00', 383, ''),
(399, '00ff00', 383, ''),
(400, '00ff00', 383, ''),
(401, '00ff00', 384, ''),
(402, '00ff00', 384, ''),
(403, '00ff00', 384, ''),
(404, '00ff00', 384, ''),
(405, '00ff00', 384, ''),
(406, '00ff00', 384, ''),
(407, '00ff00', 385, ''),
(408, '00ff00', 385, ''),
(409, '00ff00', 385, ''),
(410, '00ff00', 385, ''),
(411, '00ff00', 385, ''),
(412, '00ff00', 385, ''),
(413, '00ff00', 386, ''),
(414, '00ff00', 386, ''),
(415, '00ff00', 386, ''),
(416, '00ff00', 386, ''),
(417, '00ff00', 386, ''),
(418, '00ff00', 386, ''),
(419, '00ff00', 387, ''),
(420, '00ff00', 387, ''),
(421, '00ff00', 387, ''),
(422, '00ff00', 387, ''),
(423, '00ff00', 387, ''),
(424, '00ff00', 387, ''),
(425, '00ff00', 388, ''),
(426, '00ff00', 388, ''),
(427, '00ff00', 388, ''),
(428, '00ff00', 388, ''),
(429, '00ff00', 388, ''),
(430, '00ff00', 388, ''),
(431, '00ff00', 389, ''),
(432, '00ff00', 389, ''),
(433, '00ff00', 389, ''),
(434, '00ff00', 389, ''),
(435, '00ff00', 389, ''),
(436, '00ff00', 389, ''),
(437, '00ff00', 390, ''),
(438, '00ff00', 390, ''),
(439, '00ff00', 390, ''),
(440, '00ff00', 390, ''),
(441, '00ff00', 390, ''),
(442, '00ff00', 390, ''),
(443, '00ff00', 391, ''),
(444, '00ff00', 391, ''),
(445, '00ff00', 391, ''),
(446, '00ff00', 391, ''),
(447, '00ff00', 391, ''),
(448, '00ff00', 391, ''),
(449, '00ff00', 392, ''),
(450, '00ff00', 392, ''),
(451, '00ff00', 392, ''),
(452, '00ff00', 392, ''),
(453, '00ff00', 392, ''),
(454, '00ff00', 392, ''),
(455, '00ff00', 393, ''),
(456, '00ff00', 393, ''),
(457, '00ff00', 393, ''),
(458, '00ff00', 393, ''),
(459, '00ff00', 393, ''),
(460, '00ff00', 393, ''),
(461, '00ff00', 394, ''),
(462, '00ff00', 394, ''),
(463, '00ff00', 394, ''),
(464, '00ff00', 394, ''),
(465, '00ff00', 394, ''),
(466, '00ff00', 394, ''),
(467, '00ff00', 395, ''),
(468, '00ff00', 395, ''),
(469, '00ff00', 395, ''),
(470, '00ff00', 395, ''),
(471, '00ff00', 395, ''),
(472, '00ff00', 395, ''),
(473, '00ff00', 396, ''),
(474, '00ff00', 396, ''),
(475, '00ff00', 396, ''),
(476, '00ff00', 396, ''),
(477, '00ff00', 396, ''),
(478, '00ff00', 396, ''),
(479, '00ff00', 397, ''),
(480, '00ff00', 397, ''),
(481, '00ff00', 397, ''),
(482, '00ff00', 397, ''),
(483, '00ff00', 397, ''),
(484, '00ff00', 397, ''),
(485, '00ff00', 398, ''),
(486, '00ff00', 398, ''),
(487, '00ff00', 398, ''),
(488, '00ff00', 398, ''),
(489, '00ff00', 398, ''),
(490, '00ff00', 398, ''),
(491, '00ff00', 399, ''),
(492, '00ff00', 399, ''),
(493, '00ff00', 399, ''),
(494, '00ff00', 399, ''),
(495, '00ff00', 399, ''),
(496, '00ff00', 399, ''),
(497, '00ff00', 400, ''),
(498, '00ff00', 400, ''),
(499, '00ff00', 400, ''),
(500, '00ff00', 400, ''),
(501, '00ff00', 400, ''),
(502, '00ff00', 400, ''),
(503, '00ff00', 401, ''),
(504, '00ff00', 401, ''),
(505, '00ff00', 401, ''),
(506, '00ff00', 401, ''),
(507, '00ff00', 401, ''),
(508, '00ff00', 401, ''),
(509, '00ff00', 402, ''),
(510, '00ff00', 402, ''),
(511, '00ff00', 402, ''),
(512, '00ff00', 402, ''),
(513, '00ff00', 402, ''),
(514, '00ff00', 402, ''),
(515, '00ff00', 403, ''),
(516, '00ff00', 403, ''),
(517, '00ff00', 403, ''),
(518, '00ff00', 403, ''),
(519, '00ff00', 403, ''),
(520, '00ff00', 403, ''),
(521, '00ff00', 404, ''),
(522, '00ff00', 404, ''),
(523, '00ff00', 404, ''),
(524, '00ff00', 404, ''),
(525, '00ff00', 404, ''),
(526, '00ff00', 404, ''),
(527, '00ff00', 405, ''),
(528, '00ff00', 405, ''),
(529, '00ff00', 405, ''),
(530, '00ff00', 405, ''),
(531, '00ff00', 405, ''),
(532, '00ff00', 405, ''),
(533, '00ff00', 406, ''),
(534, '00ff00', 406, ''),
(535, '00ff00', 406, ''),
(536, '00ff00', 406, ''),
(537, '00ff00', 406, ''),
(538, '00ff00', 406, ''),
(539, '00ff00', 407, ''),
(540, '00ff00', 407, ''),
(541, '00ff00', 407, ''),
(542, '00ff00', 407, ''),
(543, '00ff00', 407, ''),
(544, '00ff00', 407, ''),
(545, '00ff00', 408, ''),
(546, '00ff00', 408, ''),
(547, '00ff00', 408, ''),
(548, '00ff00', 408, ''),
(549, '00ff00', 408, ''),
(550, '00ff00', 408, ''),
(551, '00ff00', 409, ''),
(552, '00ff00', 409, ''),
(553, '00ff00', 409, ''),
(554, '00ff00', 409, ''),
(555, '00ff00', 409, ''),
(556, '00ff00', 409, ''),
(557, '00ff00', 410, ''),
(558, '00ff00', 410, ''),
(559, '00ff00', 410, ''),
(560, '00ff00', 410, ''),
(561, '00ff00', 410, ''),
(562, '00ff00', 410, ''),
(563, '00ff00', 411, ''),
(564, '00ff00', 411, ''),
(565, '00ff00', 411, ''),
(566, '00ff00', 411, ''),
(567, '00ff00', 411, ''),
(568, '00ff00', 411, ''),
(569, '00ff00', 412, ''),
(570, '00ff00', 412, ''),
(571, '00ff00', 412, ''),
(572, '00ff00', 412, ''),
(573, '00ff00', 412, ''),
(574, '00ff00', 412, ''),
(575, '00ff00', 413, ''),
(576, '00ff00', 413, ''),
(577, '00ff00', 413, ''),
(578, '00ff00', 413, ''),
(579, '00ff00', 413, ''),
(580, '00ff00', 413, ''),
(581, '00ff00', 414, ''),
(582, '00ff00', 414, ''),
(583, '00ff00', 414, ''),
(584, '00ff00', 414, ''),
(585, '00ff00', 414, ''),
(586, '00ff00', 414, ''),
(587, '00ff00', 415, ''),
(588, '00ff00', 415, ''),
(589, '00ff00', 415, ''),
(590, '00ff00', 415, ''),
(591, '00ff00', 415, ''),
(592, '00ff00', 415, ''),
(593, '00ff00', 416, ''),
(594, '00ff00', 416, ''),
(595, '00ff00', 416, ''),
(596, '00ff00', 416, ''),
(597, '00ff00', 416, ''),
(598, '00ff00', 416, ''),
(599, '00ff00', 417, ''),
(600, '00ff00', 417, ''),
(601, '00ff00', 417, ''),
(602, '00ff00', 417, ''),
(603, '00ff00', 417, ''),
(604, '00ff00', 417, ''),
(605, '00ff00', 418, ''),
(606, '00ff00', 418, ''),
(607, '00ff00', 418, ''),
(608, '00ff00', 418, ''),
(609, '00ff00', 418, ''),
(610, '00ff00', 418, ''),
(611, '00ff00', 419, ''),
(612, '00ff00', 419, ''),
(613, '00ff00', 419, ''),
(614, '00ff00', 419, ''),
(615, '00ff00', 419, ''),
(616, '00ff00', 419, ''),
(617, '00ff00', 420, ''),
(618, '00ff00', 420, ''),
(619, '00ff00', 420, ''),
(620, '00ff00', 420, ''),
(621, '00ff00', 420, ''),
(622, '00ff00', 420, ''),
(623, '00ff00', 421, ''),
(624, '00ff00', 421, ''),
(625, '00ff00', 421, ''),
(626, '00ff00', 421, ''),
(627, '00ff00', 421, ''),
(628, '00ff00', 421, ''),
(629, '00ff00', 422, ''),
(630, '00ff00', 422, ''),
(631, '00ff00', 422, ''),
(632, '00ff00', 422, ''),
(633, '00ff00', 422, ''),
(634, '00ff00', 422, ''),
(635, '00ff00', 423, ''),
(636, '00ff00', 423, ''),
(637, '00ff00', 423, ''),
(638, '00ff00', 423, ''),
(639, '00ff00', 423, ''),
(640, '00ff00', 423, ''),
(641, '00ff00', 424, ''),
(642, '00ff00', 424, ''),
(643, '00ff00', 424, ''),
(644, '00ff00', 424, ''),
(645, '00ff00', 424, ''),
(646, '00ff00', 424, ''),
(647, '00ff00', 425, ''),
(648, '00ff00', 425, ''),
(649, '00ff00', 425, ''),
(650, '00ff00', 425, ''),
(651, '00ff00', 425, ''),
(652, '00ff00', 425, ''),
(653, '00ff00', 426, ''),
(654, '00ff00', 426, ''),
(655, '00ff00', 426, ''),
(656, '00ff00', 426, ''),
(657, '00ff00', 426, ''),
(658, '00ff00', 426, ''),
(659, '00ff00', 427, ''),
(660, '00ff00', 427, ''),
(661, '00ff00', 427, ''),
(662, '00ff00', 427, ''),
(663, '00ff00', 427, ''),
(664, '00ff00', 427, ''),
(665, '00ff00', 428, ''),
(666, '00ff00', 428, ''),
(667, '00ff00', 428, ''),
(668, '00ff00', 428, ''),
(669, '00ff00', 428, ''),
(670, '00ff00', 428, ''),
(671, '00ff00', 429, ''),
(672, '00ff00', 429, ''),
(673, '00ff00', 429, ''),
(674, '00ff00', 429, ''),
(675, '00ff00', 429, ''),
(676, '00ff00', 429, ''),
(677, '00ff00', 430, ''),
(678, '00ff00', 430, ''),
(679, '00ff00', 430, ''),
(680, '00ff00', 430, ''),
(681, '00ff00', 430, ''),
(682, '00ff00', 430, ''),
(683, '00ff00', 431, ''),
(684, '00ff00', 431, ''),
(685, '00ff00', 431, ''),
(686, '00ff00', 431, ''),
(687, '00ff00', 431, ''),
(688, '00ff00', 431, ''),
(689, '00ff00', 432, ''),
(690, '00ff00', 432, ''),
(691, '00ff00', 432, ''),
(692, '00ff00', 432, ''),
(693, '00ff00', 432, ''),
(694, '00ff00', 432, ''),
(695, '00ff00', 433, ''),
(696, '00ff00', 433, ''),
(697, '00ff00', 433, ''),
(698, '00ff00', 433, ''),
(699, '00ff00', 433, ''),
(700, '00ff00', 433, ''),
(701, '00ff00', 434, ''),
(702, '00ff00', 434, ''),
(703, '00ff00', 434, ''),
(704, '00ff00', 434, ''),
(705, '00ff00', 434, ''),
(706, '00ff00', 434, ''),
(707, '00ff00', 435, ''),
(708, '00ff00', 435, ''),
(709, '00ff00', 435, ''),
(710, '00ff00', 435, ''),
(711, '00ff00', 435, ''),
(712, '00ff00', 435, ''),
(713, '00ff00', 436, ''),
(714, '00ff00', 436, ''),
(715, '00ff00', 436, ''),
(716, '00ff00', 436, ''),
(717, '00ff00', 436, ''),
(718, '00ff00', 436, ''),
(719, '00ff00', 437, ''),
(720, '00ff00', 437, ''),
(721, '00ff00', 437, ''),
(722, '00ff00', 437, ''),
(723, '00ff00', 437, ''),
(724, '00ff00', 437, ''),
(725, '00ff00', 438, ''),
(726, '00ff00', 438, ''),
(727, '00ff00', 438, ''),
(728, '00ff00', 438, ''),
(729, '00ff00', 438, ''),
(730, '00ff00', 438, ''),
(731, '00ff00', 439, ''),
(732, '00ff00', 439, ''),
(733, '00ff00', 439, ''),
(734, '00ff00', 439, ''),
(735, '00ff00', 439, ''),
(736, '00ff00', 439, ''),
(737, '00ff00', 440, ''),
(738, '00ff00', 440, ''),
(739, '00ff00', 440, ''),
(740, '00ff00', 440, ''),
(741, '00ff00', 440, ''),
(742, '00ff00', 440, ''),
(743, '00ff00', 441, ''),
(744, '00ff00', 441, ''),
(745, '00ff00', 441, ''),
(746, '00ff00', 441, ''),
(747, '00ff00', 441, ''),
(748, '00ff00', 441, ''),
(749, '00ff00', 442, ''),
(750, '00ff00', 442, ''),
(751, '00ff00', 442, ''),
(752, '00ff00', 442, ''),
(753, '00ff00', 442, ''),
(754, '00ff00', 442, ''),
(755, '00ff00', 443, ''),
(756, '00ff00', 443, ''),
(757, '00ff00', 443, ''),
(758, '00ff00', 443, ''),
(759, '00ff00', 443, ''),
(760, '00ff00', 443, ''),
(761, '00ff00', 444, ''),
(762, '00ff00', 444, ''),
(763, '00ff00', 444, ''),
(764, '00ff00', 444, ''),
(765, '00ff00', 444, ''),
(766, '00ff00', 444, ''),
(767, '00ff00', 445, ''),
(768, '00ff00', 445, ''),
(769, '00ff00', 445, ''),
(770, '00ff00', 445, ''),
(771, '00ff00', 445, ''),
(772, '00ff00', 445, ''),
(773, '00ff00', 446, ''),
(774, '00ff00', 446, ''),
(775, '00ff00', 446, ''),
(776, '00ff00', 446, ''),
(777, '00ff00', 446, ''),
(778, '00ff00', 446, ''),
(779, '00ff00', 447, ''),
(780, '00ff00', 447, ''),
(781, '00ff00', 447, ''),
(782, '00ff00', 447, ''),
(783, '00ff00', 447, ''),
(784, '00ff00', 447, ''),
(785, '00ff00', 448, ''),
(786, '00ff00', 448, ''),
(787, '00ff00', 448, ''),
(788, '00ff00', 448, ''),
(789, '00ff00', 448, ''),
(790, '00ff00', 448, ''),
(791, '00ff00', 449, ''),
(792, '00ff00', 449, ''),
(793, '00ff00', 449, ''),
(794, '00ff00', 449, ''),
(795, '00ff00', 449, ''),
(796, '00ff00', 449, ''),
(797, '00ff00', 450, ''),
(798, '00ff00', 450, ''),
(799, '00ff00', 450, ''),
(800, '00ff00', 450, ''),
(801, '00ff00', 450, ''),
(802, '00ff00', 450, ''),
(803, '00ff00', 451, ''),
(804, '00ff00', 451, ''),
(805, '00ff00', 451, ''),
(806, '00ff00', 451, ''),
(807, '00ff00', 451, ''),
(808, '00ff00', 451, ''),
(809, '00ff00', 452, ''),
(810, '00ff00', 452, ''),
(811, '00ff00', 452, ''),
(812, '00ff00', 452, ''),
(813, '00ff00', 452, ''),
(814, '00ff00', 452, ''),
(815, '00ff00', 453, ''),
(816, '00ff00', 453, ''),
(817, '00ff00', 453, ''),
(818, '00ff00', 453, ''),
(819, '00ff00', 453, ''),
(820, '00ff00', 453, ''),
(821, '00ff00', 454, ''),
(822, '00ff00', 454, ''),
(823, '00ff00', 454, ''),
(824, '00ff00', 454, ''),
(825, '00ff00', 454, ''),
(826, '00ff00', 454, ''),
(827, '00ff00', 455, ''),
(828, '00ff00', 455, ''),
(829, '00ff00', 455, ''),
(830, '00ff00', 455, ''),
(831, '00ff00', 455, ''),
(832, '00ff00', 455, ''),
(833, '00ff00', 456, ''),
(834, '00ff00', 456, ''),
(835, '00ff00', 456, ''),
(836, '00ff00', 456, ''),
(837, '00ff00', 456, ''),
(838, '00ff00', 456, ''),
(839, '00ff00', 457, ''),
(840, '00ff00', 457, ''),
(841, '00ff00', 457, ''),
(842, '00ff00', 457, ''),
(843, '00ff00', 457, ''),
(844, '00ff00', 457, ''),
(845, '00ff00', 458, ''),
(846, '00ff00', 458, ''),
(847, '00ff00', 458, ''),
(848, '00ff00', 458, ''),
(849, '00ff00', 458, ''),
(850, '00ff00', 458, ''),
(851, '00ff00', 459, ''),
(852, '00ff00', 459, ''),
(853, '00ff00', 459, ''),
(854, '00ff00', 459, ''),
(855, '00ff00', 459, ''),
(856, '00ff00', 459, ''),
(857, '00ff00', 460, ''),
(858, '00ff00', 460, ''),
(859, '00ff00', 460, ''),
(860, '00ff00', 460, ''),
(861, '00ff00', 460, ''),
(862, '00ff00', 460, ''),
(863, '00ff00', 461, ''),
(864, '00ff00', 461, ''),
(865, '00ff00', 461, ''),
(866, '00ff00', 461, ''),
(867, '00ff00', 461, ''),
(868, '00ff00', 461, ''),
(869, '00ff00', 462, ''),
(870, '00ff00', 462, ''),
(871, '00ff00', 462, ''),
(872, '00ff00', 462, ''),
(873, '00ff00', 462, ''),
(874, '00ff00', 462, ''),
(875, '00ff00', 463, ''),
(876, '00ff00', 463, ''),
(877, '00ff00', 463, ''),
(878, '00ff00', 463, ''),
(879, '00ff00', 463, ''),
(880, '00ff00', 463, ''),
(881, '00ff00', 464, ''),
(882, '00ff00', 464, ''),
(883, '00ff00', 464, ''),
(884, '00ff00', 464, ''),
(885, '00ff00', 464, ''),
(886, '00ff00', 464, ''),
(887, '00ff00', 465, ''),
(888, '00ff00', 465, ''),
(889, '00ff00', 465, ''),
(890, '00ff00', 465, ''),
(891, '00ff00', 465, ''),
(892, '00ff00', 465, ''),
(893, '00ff00', 466, ''),
(894, '00ff00', 466, ''),
(895, '00ff00', 466, ''),
(896, '00ff00', 466, ''),
(897, '00ff00', 466, ''),
(898, '00ff00', 466, ''),
(899, '00ff00', 467, ''),
(900, '00ff00', 467, ''),
(901, '00ff00', 467, ''),
(902, '00ff00', 467, ''),
(903, '00ff00', 467, ''),
(904, '00ff00', 467, ''),
(905, '00ff00', 468, ''),
(906, '00ff00', 468, ''),
(907, '00ff00', 468, ''),
(908, '00ff00', 468, ''),
(909, '00ff00', 468, ''),
(910, '00ff00', 468, ''),
(911, '00ff00', 469, ''),
(912, '00ff00', 469, ''),
(913, '00ff00', 469, ''),
(914, '00ff00', 469, ''),
(915, '00ff00', 469, ''),
(916, '00ff00', 469, ''),
(917, '00ff00', 470, ''),
(918, '00ff00', 470, ''),
(919, '00ff00', 470, ''),
(920, '00ff00', 470, ''),
(921, '00ff00', 470, ''),
(922, '00ff00', 470, ''),
(923, '00ff00', 471, ''),
(924, '00ff00', 471, ''),
(925, '00ff00', 471, ''),
(926, '00ff00', 471, ''),
(927, '00ff00', 471, ''),
(928, '00ff00', 471, ''),
(929, '00ff00', 472, ''),
(930, '00ff00', 472, ''),
(931, '00ff00', 472, ''),
(932, '00ff00', 472, ''),
(933, '00ff00', 472, ''),
(934, '00ff00', 472, ''),
(935, '00ff00', 473, ''),
(936, '00ff00', 473, ''),
(937, '00ff00', 473, ''),
(938, '00ff00', 473, ''),
(939, '00ff00', 473, ''),
(940, '00ff00', 473, ''),
(941, '00ff00', 474, ''),
(942, '00ff00', 474, ''),
(943, '00ff00', 474, ''),
(944, '00ff00', 474, ''),
(945, '00ff00', 474, ''),
(946, '00ff00', 474, ''),
(947, '00ff00', 475, ''),
(948, '00ff00', 475, ''),
(949, '00ff00', 475, ''),
(950, '00ff00', 475, ''),
(951, '00ff00', 475, ''),
(952, '00ff00', 475, ''),
(953, '00ff00', 476, ''),
(954, '00ff00', 476, ''),
(955, '00ff00', 476, ''),
(956, '00ff00', 476, ''),
(957, '00ff00', 476, ''),
(958, '00ff00', 476, ''),
(959, '00ff00', 477, ''),
(960, '00ff00', 477, ''),
(961, '00ff00', 477, ''),
(962, '00ff00', 477, ''),
(963, '00ff00', 477, ''),
(964, '00ff00', 477, ''),
(965, '00ff00', 478, ''),
(966, '00ff00', 478, ''),
(967, '00ff00', 478, ''),
(968, '00ff00', 478, ''),
(969, '00ff00', 478, ''),
(970, '00ff00', 478, ''),
(971, '00ff00', 479, ''),
(972, '00ff00', 479, ''),
(973, '00ff00', 479, ''),
(974, '00ff00', 479, ''),
(975, '00ff00', 479, ''),
(976, '00ff00', 479, ''),
(977, '00ff00', 480, ''),
(978, '00ff00', 480, ''),
(979, '00ff00', 480, ''),
(980, '00ff00', 480, ''),
(981, '00ff00', 480, ''),
(982, '00ff00', 480, ''),
(983, '00ff00', 481, ''),
(984, '00ff00', 481, ''),
(985, '00ff00', 481, ''),
(986, '00ff00', 481, ''),
(987, '00ff00', 481, ''),
(988, '00ff00', 481, ''),
(989, '00ff00', 482, ''),
(990, '00ff00', 482, ''),
(991, '00ff00', 482, ''),
(992, '00ff00', 482, ''),
(993, '00ff00', 482, ''),
(994, '00ff00', 482, ''),
(995, '00ff00', 483, ''),
(996, '00ff00', 483, ''),
(997, '00ff00', 483, ''),
(998, '00ff00', 483, ''),
(999, '00ff00', 483, ''),
(1000, '00ff00', 483, ''),
(1001, '00ff00', 484, ''),
(1002, '00ff00', 484, ''),
(1003, '00ff00', 484, ''),
(1004, '00ff00', 484, ''),
(1005, '00ff00', 484, ''),
(1006, '00ff00', 484, ''),
(1007, '00ff00', 485, ''),
(1008, '00ff00', 485, ''),
(1009, '00ff00', 485, ''),
(1010, '00ff00', 485, ''),
(1011, '00ff00', 485, ''),
(1012, '00ff00', 485, ''),
(1013, '00ff00', 486, ''),
(1014, '00ff00', 486, ''),
(1015, '00ff00', 486, ''),
(1016, '00ff00', 486, ''),
(1017, '00ff00', 486, ''),
(1018, '00ff00', 486, ''),
(1019, '00ff00', 487, ''),
(1020, '00ff00', 487, ''),
(1021, '00ff00', 487, ''),
(1022, '00ff00', 487, ''),
(1023, '00ff00', 487, ''),
(1024, '00ff00', 487, ''),
(1025, '00ff00', 488, ''),
(1026, '00ff00', 488, ''),
(1027, '00ff00', 488, ''),
(1028, '00ff00', 488, ''),
(1029, '00ff00', 488, ''),
(1030, '00ff00', 488, ''),
(1031, '00ff00', 489, ''),
(1032, '00ff00', 489, ''),
(1033, '00ff00', 489, ''),
(1034, '00ff00', 489, ''),
(1035, '00ff00', 489, ''),
(1036, '00ff00', 489, ''),
(1037, '00ff00', 490, ''),
(1038, '00ff00', 490, ''),
(1039, '00ff00', 490, ''),
(1040, '00ff00', 490, ''),
(1041, '00ff00', 490, ''),
(1042, '00ff00', 490, ''),
(1043, '00ff00', 491, ''),
(1044, '00ff00', 491, ''),
(1045, '00ff00', 491, ''),
(1046, '00ff00', 491, ''),
(1047, '00ff00', 491, ''),
(1048, '00ff00', 491, ''),
(1049, '00ff00', 492, ''),
(1050, '00ff00', 492, ''),
(1051, '00ff00', 492, ''),
(1052, '00ff00', 492, ''),
(1053, '00ff00', 492, ''),
(1054, '00ff00', 492, ''),
(1055, '00ff00', 493, ''),
(1056, '00ff00', 493, ''),
(1057, '00ff00', 493, ''),
(1058, '00ff00', 493, ''),
(1059, '00ff00', 493, ''),
(1060, '00ff00', 493, ''),
(1061, '00ff00', 494, ''),
(1062, '00ff00', 494, ''),
(1063, '00ff00', 494, ''),
(1064, '00ff00', 494, ''),
(1065, '00ff00', 494, ''),
(1066, '00ff00', 494, ''),
(1067, '00ff00', 495, ''),
(1068, '00ff00', 495, ''),
(1069, '00ff00', 495, ''),
(1070, '00ff00', 495, ''),
(1071, '00ff00', 495, ''),
(1072, '00ff00', 495, ''),
(1073, '00ff00', 496, ''),
(1074, '00ff00', 496, ''),
(1075, '00ff00', 496, ''),
(1076, '00ff00', 496, ''),
(1077, '00ff00', 496, ''),
(1078, '00ff00', 496, ''),
(1079, '00ff00', 497, ''),
(1080, '00ff00', 497, ''),
(1081, '00ff00', 497, ''),
(1082, '00ff00', 497, ''),
(1083, '00ff00', 497, ''),
(1084, '00ff00', 497, ''),
(1085, '00ff00', 498, ''),
(1086, '00ff00', 498, ''),
(1087, '00ff00', 498, ''),
(1088, '00ff00', 498, ''),
(1089, '00ff00', 498, ''),
(1090, '00ff00', 498, ''),
(1091, '00ff00', 499, ''),
(1092, '00ff00', 499, ''),
(1093, '00ff00', 499, ''),
(1094, '00ff00', 499, ''),
(1095, '00ff00', 499, ''),
(1096, '00ff00', 499, ''),
(1097, '00ff00', 500, ''),
(1098, '00ff00', 500, ''),
(1099, '00ff00', 500, ''),
(1100, '00ff00', 500, ''),
(1101, '00ff00', 500, ''),
(1102, '00ff00', 500, ''),
(1103, '00ff00', 501, ''),
(1104, '00ff00', 501, ''),
(1105, '00ff00', 501, ''),
(1106, '00ff00', 501, ''),
(1107, '00ff00', 501, ''),
(1108, '00ff00', 501, ''),
(1109, '00ff00', 502, ''),
(1110, '00ff00', 502, ''),
(1111, '00ff00', 502, ''),
(1112, '00ff00', 502, ''),
(1113, '00ff00', 502, ''),
(1114, '00ff00', 502, ''),
(1115, '00ff00', 503, ''),
(1116, '00ff00', 503, ''),
(1117, '00ff00', 503, ''),
(1118, '00ff00', 503, ''),
(1119, '00ff00', 503, ''),
(1120, '00ff00', 503, ''),
(1121, '00ff00', 504, ''),
(1122, '00ff00', 504, ''),
(1123, '00ff00', 504, ''),
(1124, '00ff00', 504, ''),
(1125, '00ff00', 504, ''),
(1126, '00ff00', 504, ''),
(1127, '00ff00', 505, ''),
(1128, '00ff00', 505, ''),
(1129, '00ff00', 505, ''),
(1130, '00ff00', 505, ''),
(1131, '00ff00', 505, ''),
(1132, '00ff00', 505, ''),
(1133, '00ff00', 506, ''),
(1134, '00ff00', 506, ''),
(1135, '00ff00', 506, ''),
(1136, '00ff00', 506, ''),
(1137, '00ff00', 506, ''),
(1138, '00ff00', 506, ''),
(1139, '00ff00', 507, ''),
(1140, '00ff00', 507, ''),
(1141, '00ff00', 507, ''),
(1142, '00ff00', 507, ''),
(1143, '00ff00', 507, ''),
(1144, '00ff00', 507, ''),
(1145, '00ff00', 508, ''),
(1146, '00ff00', 508, ''),
(1147, '00ff00', 508, ''),
(1148, '00ff00', 508, ''),
(1149, '00ff00', 508, ''),
(1150, '00ff00', 508, ''),
(1151, '00ff00', 509, ''),
(1152, '00ff00', 509, ''),
(1153, '00ff00', 509, ''),
(1154, '00ff00', 509, ''),
(1155, '00ff00', 509, ''),
(1156, '00ff00', 509, ''),
(1157, '00ff00', 510, ''),
(1158, '00ff00', 510, ''),
(1159, '00ff00', 510, ''),
(1160, '00ff00', 510, ''),
(1161, '00ff00', 510, ''),
(1162, '00ff00', 510, ''),
(1163, '00ff00', 511, ''),
(1164, '00ff00', 511, ''),
(1165, '00ff00', 511, ''),
(1166, '00ff00', 511, ''),
(1167, '00ff00', 511, ''),
(1168, '00ff00', 511, ''),
(1169, '00ff00', 512, ''),
(1170, '00ff00', 512, ''),
(1171, '00ff00', 512, ''),
(1172, '00ff00', 512, ''),
(1173, '00ff00', 512, ''),
(1174, '00ff00', 512, ''),
(1175, '00ff00', 513, ''),
(1176, '00ff00', 513, ''),
(1177, '00ff00', 513, ''),
(1178, '00ff00', 513, ''),
(1179, '00ff00', 513, ''),
(1180, '00ff00', 513, ''),
(1181, '00ff00', 514, ''),
(1182, '00ff00', 514, ''),
(1183, '00ff00', 514, ''),
(1184, '00ff00', 514, ''),
(1185, '00ff00', 514, ''),
(1186, '00ff00', 514, ''),
(1187, '00ff00', 515, ''),
(1188, '00ff00', 515, ''),
(1189, '00ff00', 515, ''),
(1190, '00ff00', 515, ''),
(1191, '00ff00', 515, ''),
(1192, '00ff00', 515, ''),
(1193, '00ff00', 516, ''),
(1194, '00ff00', 516, ''),
(1195, '00ff00', 516, ''),
(1196, '00ff00', 516, ''),
(1197, '00ff00', 516, ''),
(1198, '00ff00', 516, ''),
(1199, '00ff00', 517, ''),
(1200, '00ff00', 517, ''),
(1201, '00ff00', 517, ''),
(1202, '00ff00', 517, ''),
(1203, '00ff00', 517, ''),
(1204, '00ff00', 517, ''),
(1205, '00ff00', 518, ''),
(1206, '00ff00', 518, ''),
(1207, '00ff00', 518, ''),
(1208, '00ff00', 518, ''),
(1209, '00ff00', 518, ''),
(1210, '00ff00', 518, ''),
(1211, '00ff00', 519, ''),
(1212, '00ff00', 519, ''),
(1213, '00ff00', 519, ''),
(1214, '00ff00', 519, ''),
(1215, '00ff00', 519, ''),
(1216, '00ff00', 519, ''),
(1217, '00ff00', 520, ''),
(1218, '00ff00', 520, ''),
(1219, '00ff00', 520, ''),
(1220, '00ff00', 520, ''),
(1221, '00ff00', 520, ''),
(1222, '00ff00', 520, ''),
(1223, '00ff00', 521, ''),
(1224, '00ff00', 521, ''),
(1225, '00ff00', 521, ''),
(1226, '00ff00', 521, ''),
(1227, '00ff00', 521, ''),
(1228, '00ff00', 521, ''),
(1229, '00ff00', 522, ''),
(1230, '00ff00', 522, ''),
(1231, '00ff00', 522, ''),
(1232, '00ff00', 522, ''),
(1233, '00ff00', 522, ''),
(1234, '00ff00', 522, ''),
(1235, '00ff00', 523, ''),
(1236, '00ff00', 523, ''),
(1237, '00ff00', 523, ''),
(1238, '00ff00', 523, ''),
(1239, '00ff00', 523, ''),
(1240, '00ff00', 523, ''),
(1241, '00ff00', 524, ''),
(1242, '00ff00', 524, ''),
(1243, '00ff00', 524, ''),
(1244, '00ff00', 524, ''),
(1245, '00ff00', 524, ''),
(1246, '00ff00', 524, ''),
(1247, '00ff00', 525, ''),
(1248, '00ff00', 525, ''),
(1249, '00ff00', 525, ''),
(1250, '00ff00', 525, ''),
(1251, '00ff00', 525, ''),
(1252, '00ff00', 525, ''),
(1253, '00ff00', 526, ''),
(1254, '00ff00', 526, ''),
(1255, '00ff00', 526, ''),
(1256, '00ff00', 526, ''),
(1257, '00ff00', 526, ''),
(1258, '00ff00', 526, ''),
(1259, '00ff00', 527, ''),
(1260, '00ff00', 527, ''),
(1261, '00ff00', 527, ''),
(1262, '00ff00', 527, ''),
(1263, '00ff00', 527, ''),
(1264, '00ff00', 527, ''),
(1265, '00ff00', 528, ''),
(1266, '00ff00', 528, ''),
(1267, '00ff00', 528, ''),
(1268, '00ff00', 528, ''),
(1269, '00ff00', 528, ''),
(1270, '00ff00', 528, ''),
(1271, '00ff00', 529, ''),
(1272, '00ff00', 529, ''),
(1273, '00ff00', 529, ''),
(1274, '00ff00', 529, ''),
(1275, '00ff00', 529, ''),
(1276, '00ff00', 529, ''),
(1277, '00ff00', 530, ''),
(1278, '00ff00', 530, ''),
(1279, '00ff00', 530, ''),
(1280, '00ff00', 530, ''),
(1281, '00ff00', 530, ''),
(1282, '00ff00', 530, ''),
(1283, '00ff00', 531, ''),
(1284, '00ff00', 531, ''),
(1285, '00ff00', 531, ''),
(1286, '00ff00', 531, ''),
(1287, '00ff00', 531, ''),
(1288, '00ff00', 531, ''),
(1289, '00ff00', 532, ''),
(1290, '00ff00', 532, ''),
(1291, '00ff00', 532, ''),
(1292, '00ff00', 532, ''),
(1293, '00ff00', 532, ''),
(1294, '00ff00', 532, ''),
(1295, '00ff00', 533, ''),
(1296, '00ff00', 533, ''),
(1297, '00ff00', 533, ''),
(1298, '00ff00', 533, ''),
(1299, '00ff00', 533, ''),
(1300, '00ff00', 533, ''),
(1301, '00ff00', 534, ''),
(1302, '00ff00', 534, ''),
(1303, '00ff00', 534, ''),
(1304, '00ff00', 534, ''),
(1305, '00ff00', 534, ''),
(1306, '00ff00', 534, ''),
(1307, '00ff00', 535, ''),
(1308, '00ff00', 535, ''),
(1309, '00ff00', 535, ''),
(1310, '00ff00', 535, ''),
(1311, '00ff00', 535, ''),
(1312, '00ff00', 535, ''),
(1313, '00ff00', 536, ''),
(1314, '00ff00', 536, ''),
(1315, '00ff00', 536, ''),
(1316, '00ff00', 536, ''),
(1317, '00ff00', 536, ''),
(1318, '00ff00', 536, ''),
(1319, '00ff00', 537, ''),
(1320, '00ff00', 537, ''),
(1321, '00ff00', 537, ''),
(1322, '00ff00', 537, ''),
(1323, '00ff00', 537, ''),
(1324, '00ff00', 537, ''),
(1325, '00ff00', 538, ''),
(1326, '00ff00', 538, ''),
(1327, '00ff00', 538, ''),
(1328, '00ff00', 538, ''),
(1329, '00ff00', 538, ''),
(1330, '00ff00', 538, ''),
(1331, '00ff00', 539, ''),
(1332, '00ff00', 539, ''),
(1333, '00ff00', 539, ''),
(1334, '00ff00', 539, ''),
(1335, '00ff00', 539, ''),
(1336, '00ff00', 539, ''),
(1337, '00ff00', 540, ''),
(1338, '00ff00', 540, ''),
(1339, '00ff00', 540, ''),
(1340, '00ff00', 540, ''),
(1341, '00ff00', 540, ''),
(1342, '00ff00', 540, ''),
(1343, '00ff00', 541, ''),
(1344, '00ff00', 541, ''),
(1345, '00ff00', 541, ''),
(1346, '00ff00', 541, ''),
(1347, '00ff00', 541, ''),
(1348, '00ff00', 541, ''),
(1349, '00ff00', 542, ''),
(1350, '00ff00', 542, ''),
(1351, '00ff00', 542, ''),
(1352, '00ff00', 542, ''),
(1353, '00ff00', 542, ''),
(1354, '00ff00', 542, ''),
(1355, '00ff00', 543, ''),
(1356, '00ff00', 543, ''),
(1357, '00ff00', 543, ''),
(1358, '00ff00', 543, ''),
(1359, '00ff00', 543, ''),
(1360, '00ff00', 543, ''),
(1361, '00ff00', 544, ''),
(1362, '00ff00', 544, ''),
(1363, '00ff00', 544, ''),
(1364, '00ff00', 544, ''),
(1365, '00ff00', 544, ''),
(1366, '00ff00', 544, ''),
(1367, '00ff00', 545, ''),
(1368, '00ff00', 545, ''),
(1369, '00ff00', 545, ''),
(1370, '00ff00', 545, ''),
(1371, '00ff00', 545, ''),
(1372, '00ff00', 545, ''),
(1373, '00ff00', 546, ''),
(1374, '00ff00', 546, ''),
(1375, '00ff00', 546, ''),
(1376, '00ff00', 546, ''),
(1377, '00ff00', 546, ''),
(1378, '00ff00', 546, ''),
(1379, '00ff00', 547, ''),
(1380, '00ff00', 547, ''),
(1381, '00ff00', 547, ''),
(1382, '00ff00', 547, ''),
(1383, '00ff00', 547, ''),
(1384, '00ff00', 547, ''),
(1385, '00ff00', 548, ''),
(1386, '00ff00', 548, ''),
(1387, '00ff00', 548, ''),
(1388, '00ff00', 548, ''),
(1389, '00ff00', 548, ''),
(1390, '00ff00', 548, ''),
(1391, '00ff00', 549, ''),
(1392, '00ff00', 549, ''),
(1393, '00ff00', 549, ''),
(1394, '00ff00', 549, ''),
(1395, '00ff00', 549, ''),
(1396, '00ff00', 549, ''),
(1397, '00ff00', 550, ''),
(1398, '00ff00', 550, ''),
(1399, '00ff00', 550, ''),
(1400, '00ff00', 550, ''),
(1401, '00ff00', 550, ''),
(1402, '00ff00', 550, ''),
(1403, '00ff00', 551, ''),
(1404, '00ff00', 551, ''),
(1405, '00ff00', 551, ''),
(1406, '00ff00', 551, ''),
(1407, '00ff00', 551, ''),
(1408, '00ff00', 551, ''),
(1409, '00ff00', 552, ''),
(1410, '00ff00', 552, ''),
(1411, '00ff00', 552, ''),
(1412, '00ff00', 552, ''),
(1413, '00ff00', 552, ''),
(1414, '00ff00', 552, ''),
(1415, '00ff00', 553, ''),
(1416, '00ff00', 553, ''),
(1417, '00ff00', 553, ''),
(1418, '00ff00', 553, ''),
(1419, '00ff00', 553, ''),
(1420, '00ff00', 553, ''),
(1421, '00ff00', 554, ''),
(1422, '00ff00', 554, ''),
(1423, '00ff00', 554, ''),
(1424, '00ff00', 554, ''),
(1425, '00ff00', 554, ''),
(1426, '00ff00', 554, ''),
(1427, '00ff00', 555, ''),
(1428, '00ff00', 555, ''),
(1429, '00ff00', 555, ''),
(1430, '00ff00', 555, ''),
(1431, '00ff00', 555, ''),
(1432, '00ff00', 555, ''),
(1433, '00ff00', 556, ''),
(1434, '00ff00', 556, ''),
(1435, '00ff00', 556, ''),
(1436, '00ff00', 556, ''),
(1437, '00ff00', 556, ''),
(1438, '00ff00', 556, ''),
(1439, '00ff00', 557, ''),
(1440, '00ff00', 557, ''),
(1441, '00ff00', 557, ''),
(1442, '00ff00', 557, ''),
(1443, '00ff00', 557, ''),
(1444, '00ff00', 557, ''),
(1445, '00ff00', 558, ''),
(1446, '00ff00', 558, ''),
(1447, '00ff00', 558, ''),
(1448, '00ff00', 558, ''),
(1449, '00ff00', 558, ''),
(1450, '00ff00', 558, ''),
(1451, '00ff00', 559, ''),
(1452, '00ff00', 559, ''),
(1453, '00ff00', 559, ''),
(1454, '00ff00', 559, ''),
(1455, '00ff00', 559, ''),
(1456, '00ff00', 559, ''),
(1457, '00ff00', 560, ''),
(1458, '00ff00', 560, ''),
(1459, '00ff00', 560, ''),
(1460, '00ff00', 560, ''),
(1461, '00ff00', 560, ''),
(1462, '00ff00', 560, ''),
(1463, '00ff00', 561, ''),
(1464, '00ff00', 561, ''),
(1465, '00ff00', 561, ''),
(1466, '00ff00', 561, ''),
(1467, '00ff00', 561, ''),
(1468, '00ff00', 561, ''),
(1469, '00ff00', 562, ''),
(1470, '00ff00', 562, ''),
(1471, '00ff00', 562, ''),
(1472, '00ff00', 562, ''),
(1473, '00ff00', 562, ''),
(1474, '00ff00', 562, ''),
(1475, '00ff00', 563, ''),
(1476, '00ff00', 563, ''),
(1477, '00ff00', 563, ''),
(1478, '00ff00', 563, ''),
(1479, '00ff00', 563, ''),
(1480, '00ff00', 563, ''),
(1481, '00ff00', 564, ''),
(1482, '00ff00', 564, ''),
(1483, '00ff00', 564, ''),
(1484, '00ff00', 564, ''),
(1485, '00ff00', 564, ''),
(1486, '00ff00', 564, ''),
(1487, '00ff00', 565, ''),
(1488, '00ff00', 565, ''),
(1489, '00ff00', 565, ''),
(1490, '00ff00', 565, ''),
(1491, '00ff00', 565, ''),
(1492, '00ff00', 565, ''),
(1493, '00ff00', 566, ''),
(1494, '00ff00', 566, ''),
(1495, '00ff00', 566, ''),
(1496, '00ff00', 566, ''),
(1497, '00ff00', 566, ''),
(1498, '00ff00', 566, ''),
(1499, '00ff00', 567, ''),
(1500, '00ff00', 567, ''),
(1501, '00ff00', 567, ''),
(1502, '00ff00', 567, ''),
(1503, '00ff00', 567, ''),
(1504, '00ff00', 567, ''),
(1505, '00ff00', 568, ''),
(1506, '00ff00', 568, ''),
(1507, '00ff00', 568, ''),
(1508, '00ff00', 568, ''),
(1509, '00ff00', 568, ''),
(1510, '00ff00', 568, ''),
(1511, '00ff00', 569, ''),
(1512, '00ff00', 569, ''),
(1513, '00ff00', 569, ''),
(1514, '00ff00', 569, ''),
(1515, '00ff00', 569, ''),
(1516, '00ff00', 569, ''),
(1517, '00ff00', 570, ''),
(1518, '00ff00', 570, ''),
(1519, '00ff00', 570, ''),
(1520, '00ff00', 570, ''),
(1521, '00ff00', 570, ''),
(1522, '00ff00', 570, ''),
(1523, '0', 1, '0'),
(1524, '0', 1, '0'),
(1525, '0', 1, '0'),
(1526, '0', 1, '0'),
(1527, '0', 1, '0'),
(1528, '0', 1, '0'),
(1529, '0', 2, '0'),
(1530, '0', 2, '0'),
(1531, '0', 2, '0'),
(1532, '0', 2, '0'),
(1533, '0', 2, '0'),
(1534, '0', 2, '0');

-- --------------------------------------------------------

--
-- Table structure for table `vnvic_tblproductcomment`
--

CREATE TABLE IF NOT EXISTS `vnvic_tblproductcomment` (
  `comment_id` int(11) NOT NULL AUTO_INCREMENT,
  `comment_title` varchar(200) COLLATE utf8_unicode_ci NOT NULL,
  `product_id` int(11) NOT NULL,
  `comment_read` tinyint(4) NOT NULL DEFAULT '0',
  `cus_name` varchar(50) COLLATE utf8_unicode_ci NOT NULL,
  `cus_email` varchar(50) COLLATE utf8_unicode_ci NOT NULL,
  `comment_content` text COLLATE utf8_unicode_ci NOT NULL,
  `comment_date` int(11) NOT NULL,
  `comment_visible` tinyint(4) NOT NULL DEFAULT '0',
  `ip_address` varchar(20) COLLATE utf8_unicode_ci NOT NULL,
  PRIMARY KEY (`comment_id`)
) ENGINE=MyISAM  DEFAULT CHARSET=utf8 COLLATE=utf8_unicode_ci AUTO_INCREMENT=8 ;

--
-- Dumping data for table `vnvic_tblproductcomment`
--

INSERT INTO `vnvic_tblproductcomment` (`comment_id`, `comment_title`, `product_id`, `comment_read`, `cus_name`, `cus_email`, `comment_content`, `comment_date`, `comment_visible`, `ip_address`) VALUES
(7, 'Test', 166, 1, 'Lê Hùng', 'soledad2410@gmail.com', 'Lê Hùng', 0, 0, '127.0.0.1');

-- --------------------------------------------------------

--
-- Table structure for table `vnvic_tblproductproperties`
--

CREATE TABLE IF NOT EXISTS `vnvic_tblproductproperties` (
  `property_id` int(11) NOT NULL,
  `product_id` int(11) NOT NULL,
  `property_value` varchar(500) COLLATE utf8_unicode_ci NOT NULL,
  PRIMARY KEY (`property_id`,`product_id`)
) ENGINE=MyISAM DEFAULT CHARSET=utf8 COLLATE=utf8_unicode_ci;

--
-- Dumping data for table `vnvic_tblproductproperties`
--

INSERT INTO `vnvic_tblproductproperties` (`property_id`, `product_id`, `property_value`) VALUES
(64, 185, ''),
(64, 184, ''),
(70, 359, ''),
(70, 360, ''),
(70, 361, ''),
(70, 362, ''),
(70, 363, ''),
(70, 364, ''),
(70, 365, ''),
(70, 366, ''),
(70, 367, ''),
(70, 368, ''),
(70, 369, ''),
(70, 370, ''),
(70, 371, ''),
(70, 372, ''),
(70, 373, ''),
(70, 374, ''),
(65, 390, ''),
(70, 375, ''),
(70, 376, ''),
(65, 389, ''),
(70, 377, ''),
(65, 388, ''),
(70, 378, ''),
(64, 387, ''),
(70, 379, ''),
(65, 391, ''),
(65, 392, ''),
(65, 393, ''),
(64, 394, ''),
(65, 404, ''),
(65, 405, ''),
(65, 406, ''),
(64, 407, ''),
(65, 408, ''),
(64, 409, ''),
(65, 410, ''),
(65, 411, ''),
(65, 412, ''),
(65, 413, ''),
(65, 414, ''),
(65, 415, ''),
(65, 416, ''),
(65, 417, ''),
(65, 418, ''),
(65, 419, ''),
(65, 420, ''),
(65, 421, ''),
(74, 422, ''),
(74, 423, ''),
(74, 424, ''),
(74, 425, ''),
(74, 426, ''),
(74, 427, ''),
(74, 428, ''),
(74, 429, ''),
(74, 430, ''),
(74, 431, ''),
(74, 432, ''),
(74, 433, ''),
(74, 434, ''),
(74, 435, ''),
(74, 436, ''),
(74, 437, ''),
(74, 438, ''),
(74, 439, ''),
(74, 440, ''),
(74, 441, ''),
(74, 442, ''),
(74, 443, ''),
(74, 444, ''),
(77, 447, ''),
(65, 455, ''),
(74, 456, ''),
(77, 457, ''),
(65, 458, ''),
(65, 459, ''),
(65, 461, ''),
(65, 462, ''),
(74, 463, ''),
(74, 464, ''),
(74, 465, ''),
(74, 466, ''),
(74, 467, ''),
(74, 469, ''),
(74, 470, ''),
(74, 471, ''),
(74, 472, ''),
(74, 473, ''),
(74, 474, ''),
(74, 475, ''),
(74, 477, ''),
(64, 568, ''),
(64, 567, ''),
(74, 487, ''),
(74, 488, ''),
(74, 489, ''),
(74, 490, ''),
(74, 491, ''),
(74, 492, ''),
(74, 493, ''),
(74, 494, ''),
(74, 495, ''),
(74, 496, ''),
(74, 497, ''),
(74, 498, ''),
(74, 499, ''),
(65, 500, ''),
(74, 501, ''),
(74, 502, ''),
(74, 503, ''),
(74, 504, ''),
(74, 505, ''),
(74, 506, ''),
(74, 507, ''),
(74, 508, ''),
(76, 509, ''),
(64, 566, ''),
(64, 564, ''),
(65, 563, ''),
(64, 565, ''),
(65, 515, ''),
(74, 518, ''),
(64, 468, ''),
(65, 522, ''),
(74, 529, ''),
(74, 530, ''),
(64, 531, ''),
(74, 532, ''),
(74, 533, ''),
(74, 534, ''),
(74, 535, ''),
(65, 536, ''),
(64, 537, ''),
(64, 538, ''),
(64, 539, ''),
(64, 541, ''),
(64, 542, ''),
(64, 543, ''),
(64, 544, ''),
(64, 545, ''),
(64, 546, ''),
(64, 547, ''),
(64, 548, ''),
(70, 549, ''),
(64, 550, ''),
(64, 551, ''),
(64, 552, ''),
(64, 553, ''),
(64, 554, ''),
(64, 555, ''),
(64, 556, ''),
(64, 557, ''),
(64, 558, ''),
(64, 559, ''),
(64, 560, ''),
(64, 561, ''),
(64, 562, ''),
(64, 569, ''),
(64, 570, '');

-- --------------------------------------------------------

--
-- Table structure for table `vnvic_tblproducttype`
--

CREATE TABLE IF NOT EXISTS `vnvic_tblproducttype` (
  `producttype_id` int(11) NOT NULL AUTO_INCREMENT,
  `producttype_name` varchar(50) COLLATE utf8_unicode_ci NOT NULL,
  `producttype_description` varchar(500) COLLATE utf8_unicode_ci NOT NULL,
  PRIMARY KEY (`producttype_id`)
) ENGINE=MyISAM  DEFAULT CHARSET=utf8 COLLATE=utf8_unicode_ci AUTO_INCREMENT=18 ;

--
-- Dumping data for table `vnvic_tblproducttype`
--

INSERT INTO `vnvic_tblproducttype` (`producttype_id`, `producttype_name`, `producttype_description`) VALUES
(1, 'Mặc định', 'Sản phẩm mặc định'),
(13, 'chung cư', ''),
(16, 'Trung tâm thương mại', ''),
(17, 'Tổ hợp văn phòng', '');

-- --------------------------------------------------------

--
-- Table structure for table `vnvic_tblproductypeproperties`
--

CREATE TABLE IF NOT EXISTS `vnvic_tblproductypeproperties` (
  `property_id` int(11) NOT NULL AUTO_INCREMENT,
  `property_name` varchar(50) COLLATE utf8_unicode_ci NOT NULL,
  `property_parent_id` int(50) NOT NULL,
  `producttype_id` int(11) NOT NULL,
  `property_unit` varchar(20) COLLATE utf8_unicode_ci NOT NULL,
  `property_level` int(11) NOT NULL,
  PRIMARY KEY (`property_id`)
) ENGINE=MyISAM  DEFAULT CHARSET=utf8 COLLATE=utf8_unicode_ci AUTO_INCREMENT=78 ;

--
-- Dumping data for table `vnvic_tblproductypeproperties`
--

INSERT INTO `vnvic_tblproductypeproperties` (`property_id`, `property_name`, `property_parent_id`, `producttype_id`, `property_unit`, `property_level`) VALUES
(70, 'Axit', 58, 4, '', 2),
(29, 'Loại', 0, 3, '', 1),
(58, 'Loại chất', 0, 4, '', 1),
(75, 'Bazo', 58, 4, '', 2),
(64, 'Nước sạch', 29, 3, '', 2),
(65, 'Dây chuyền', 29, 3, '', 2),
(76, 'Muối', 58, 4, '', 2),
(77, 'Hóa chất tổng hợp', 58, 4, '', 2),
(74, 'Vật liệu', 29, 3, '', 2);

-- --------------------------------------------------------

--
-- Table structure for table `vnvic_tblpromotions`
--

CREATE TABLE IF NOT EXISTS `vnvic_tblpromotions` (
  `promot_id` int(11) NOT NULL AUTO_INCREMENT,
  `product_id` int(11) NOT NULL,
  `promot_title` varchar(200) COLLATE utf8_unicode_ci NOT NULL,
  `promot_image` varchar(200) COLLATE utf8_unicode_ci NOT NULL,
  `promot_header` varchar(500) COLLATE utf8_unicode_ci NOT NULL,
  `promot_content` text COLLATE utf8_unicode_ci NOT NULL,
  `promot_time` int(11) NOT NULL,
  PRIMARY KEY (`promot_id`)
) ENGINE=MyISAM  DEFAULT CHARSET=utf8 COLLATE=utf8_unicode_ci AUTO_INCREMENT=4 ;

--
-- Dumping data for table `vnvic_tblpromotions`
--

INSERT INTO `vnvic_tblpromotions` (`promot_id`, `product_id`, `promot_title`, `promot_image`, `promot_header`, `promot_content`, `promot_time`) VALUES
(2, 175, 'Khuyến mãi 01/05', 'upload/images/product/adv_78.gif', 'Trận derby thành Manchester thu hút hàng trăm triệu CĐV trên toàn thế giới theo dõi, sức hút của nó là không thể phủ nhận nhưng những diễn biến của trận đấu đã phần nào khiến người xem phải thất vọng ', '<p>\r\n	Trận derby th&agrave;nh Manchester thu h&uacute;t h&agrave;ng trăm triệu CĐV tr&ecirc;n to&agrave;n thế giới theo d&otilde;i, sức h&uacute;t của n&oacute; l&agrave; kh&ocirc;ng thể phủ nhận nhưng những diễn biến của trận đấu đ&atilde; phần n&agrave;o khiến người xem phải thất vọng khi n&oacute; kh&ocirc;ng diễn ra hấp dẫn, kịch t&iacute;nh v&agrave; quyết liệt như người ta tưởng, với thế trận qu&aacute; &aacute;p đảo của đội chủ nh&agrave; Man City. Sự toan t&iacute;nh, cầu to&agrave;n của Quỷ đỏ MU (chỉ cần h&ograve;a l&agrave; rộng cửa v&ocirc; địch) cũng g&oacute;p phần khiến cho trận derby kh&ocirc;ng đ&aacute;p ứng được sự kỳ vọng của NHM.</p>\r\n<p>\r\n	X&eacute;t về tầm v&oacute;c, độ ho&agrave;nh tr&aacute;ng, v&agrave; t&ecirc;n tuổi, trận <strong>Newcastle gặp Man City</strong> kh&oacute; c&oacute; thể so đọ với trận derby Manchester. Nhưng x&eacute;t tr&ecirc;n g&oacute;c độ kh&aacute;t khao thi đấu, động lực quyết t&acirc;m, phong độ của hai đội b&oacute;ng cũng như sự quan t&acirc;m của dư luận th&igrave; cuộc đụng độ tại St Jame&rsquo;s Park cuối tuần n&agrave;y kh&ocirc;ng hề k&eacute;m cạnh, thậm ch&iacute; c&ograve;n được đ&aacute;nh gi&aacute; l&agrave; nhỉnh hơn. N&oacute;i l&agrave; nhỉnh hơn bởi lẽ, cuộc chiến giữa Newcastle v&agrave; Man City ảnh hưởng trực tiếp đến cục diện của hai cuộc đua: tới ng&ocirc;i v&ocirc; địch v&agrave; lọt v&agrave;o top 4 (c&ograve;n trận derby th&igrave; chỉ c&oacute; 1). Hơn thế nữa, với cả &ldquo;Ch&iacute;ch ch&ograve;e&rdquo; v&agrave; Man xanh, họ chỉ c&oacute; một con đường buộc phải thắng ở trận đấu n&agrave;y, kh&ocirc;ng được ph&eacute;p thua v&agrave; nếu h&ograve;a cũng sẽ l&agrave; một thảm họa. Newcastle cần 3 điểm để tiếp tục đấu tranh với Tottenham v&agrave; Arsenal. Nếu mất điểm họ sẽ bị tụt lại ph&iacute;a sau bởi v&ograve;ng n&agrave;y hai đại diện th&agrave;nh London chỉ phải gặp những đối thủ yếu hơn.</p>\r\n<p style="text-align: center;">\r\n	<img alt="Newcastle - Man City: Hơn cả derby thành Man?, Bóng đá, newcastle vs man city, newcastle gap man city, newcastle, man city, san st james park, demba ba, papiss cisse, bong da anh, ngoai hang anh, bong da, lich thi dau bong da, ket qua bong da, bao bong da, bong da 24h" class="news-image" src="http://img-hn.24hstatic.com:8008/upload/2-2012/images/2012-05-04/1336105712-mancity-2.jpg" /></p>\r\n<p style="text-align: center; font-style: italic; color: rgb(0, 0, 255);">\r\n	Man City sẽ gặp thử th&aacute;ch thực sự trước Newcastle</p>\r\n<p>\r\n	Với Man City cũng vậy, nếu sảy ch&acirc;n, MU nhiều khả năng sẽ vượt qua họ bởi Quỷ đỏ chỉ phải đ&oacute;n tiếp Swansea tr&ecirc;n s&acirc;n nh&agrave;, v&agrave; những c&ocirc;ng lao từ trận derby sẽ đổ s&ocirc;ng đổ bể. Hai đội đều buộc phải gi&agrave;nh chiến thắng thế n&ecirc;n NHM c&oacute; thể tr&ocirc;ng chờ v&agrave;o một thế trận cởi mở, đ&ocirc;i c&ocirc;ng hấp dẫn, kh&aacute;c hẳn với trận derby th&agrave;nh Man khi chỉ c&oacute; một đội tấn c&ocirc;ng v&agrave; một đội chủ trương ph&ograve;ng ngự để kiếm 1 điểm. Đ&acirc;y l&agrave; một trận đấu được c&aacute;c chuy&ecirc;n gia nhận định l&agrave; mang t&iacute;nh chất &ldquo;một mất một c&ograve;n&rdquo;, đội thắng sẽ c&oacute; tất cả, mở ra thi&ecirc;n đường, c&ograve;n đội thua sẽ phải trả gi&aacute; bằng cả một m&ugrave;a giải. Kh&ocirc;ng phải ngẫu nhi&ecirc;n m&agrave; HLV Mancini của City đ&atilde; thẳng thắn thừa nhận trận đấu với Newcastle c&oacute; &yacute; nghĩa quan trọng v&agrave; kh&oacute; khăn hơn so với đối đầu với MU.</p>\r\n<p>\r\n	Newcastle đang nằm trong số những đội b&oacute;ng c&oacute; phong độ tốt nhất giải ngoại hạng với 7 chiến thắng sau 8 trận gần đ&acirc;y nhất. Tr&ecirc;n s&acirc;n nh&agrave; m&ugrave;a n&agrave;y, Newcastle tỏ ra l&agrave; đội b&oacute;ng rất kh&oacute; bị đ&aacute;nh bại. MU v&agrave; Liverpool đ&atilde; gục ng&atilde; tại đ&acirc;y. Arsenal v&agrave; Tottenham cũng chỉ kiếm được trận h&ograve;a. &ldquo;Ch&iacute;ch ch&ograve;e&rdquo; đ&atilde; bất bại tại đ&acirc;y kể từ sau thất bại trước West Brom hồi th&aacute;ng 12 năm ngo&aacute;i. H&agrave;ng thủ của đội chủ s&acirc;n St Jame&rsquo;s Park thi đấu cực kỳ ấn tượng tại đ&acirc;y với tỷ lệ thủng lưới chỉ đạt 0,83 b&agrave;n/trận v&agrave; họ đ&atilde; giữ sạch lưới hơn nửa số trận được thi đấu tr&ecirc;n s&acirc;n nh&agrave;. Đ&oacute; sẽ l&agrave; một thử th&aacute;ch thực sự cho h&agrave;ng tấn c&ocirc;ng cực mạnh của Man City.</p>\r\n<p style="text-align: center;">\r\n	<img alt="Newcastle - Man City: Hơn cả derby thành Man?, Bóng đá, newcastle vs man city, newcastle gap man city, newcastle, man city, san st james park, demba ba, papiss cisse, bong da anh, ngoai hang anh, bong da, lich thi dau bong da, ket qua bong da, bao bong da, bong da 24h" class="news-image" src="http://img-hn.24hstatic.com:8008/upload/2-2012/images/2012-05-04/1336105712-new-1.jpg" /></p>\r\n<p style="text-align: center; font-style: italic; color: rgb(0, 0, 255);">\r\n	Newcastle đang bay cao tr&ecirc;n đ&ocirc;i ch&acirc;n Papiss Cisse</p>\r\n<p>\r\n	Nếu như Man xanh c&oacute; bộ ba thần th&aacute;nh Aguero, Silva, Tevez g&acirc;y sợ h&atilde;i cho mọi h&agrave;ng ph&ograve;ng ngự th&igrave; b&ecirc;n ph&iacute;a Newcastle cũng c&oacute; một bộ ba kh&aacute;c đủ sức l&agrave;m đối trọng đ&oacute; l&agrave; Demba Ba &ndash; Cisse v&agrave; Ben Arfa. Bộ đ&ocirc;i tiền đạo da m&agrave;u Ba v&agrave; Cisse đang l&agrave; cặp song s&aacute;t đ&aacute;ng sợ tại giải ngoại hạng. Bộ đ&ocirc;i n&agrave;y đ&atilde; ghi tổng cộng 29 b&agrave;n chỉ sau nửa m&ugrave;a giải được thi đấu c&ugrave;ng nhau. Trong đ&oacute; ấn tượng nhất ch&iacute;nh l&agrave; ch&acirc;n s&uacute;t người Senegal Papiss Cisse với 13 b&agrave;n/12 trận, 11 trong số đ&oacute; được anh ghi sau 8 trận gần đ&acirc;y nhất. Hai tuyệt phẩm Cisse ghi được v&agrave;o lưới Chelsea ch&iacute;nh l&agrave; lời tuy&ecirc;n chiến đanh th&eacute;p nhất m&agrave; c&aacute; nh&acirc;n tiền đạo n&agrave;y cũng như của Newcastle đưa ra cho Man City trước trận đấu mang t&iacute;nh sống c&ograve;n sắp tới.</p>\r\n<p>\r\n	N&oacute;i như vậy để thấy, Newcastle ho&agrave;n to&agrave;n c&oacute; thể trở th&agrave;nh một đối thủ xứng tầm để l&agrave;m đối trọng với Man City. Kẻ t&aacute;m lạng người nửa c&acirc;n, một cuộc đọ sức rất đ&aacute;ng để chờ đợi. H&atilde;y qu&ecirc;n Etihad, qu&ecirc;n derby th&agrave;nh Manchester đi, bởi s&acirc;n St Jame&rsquo;s Park cuối tuần n&agrave;y mới l&agrave; &ldquo;c&aacute;i rốn của vũ trụ&rdquo;, nơi nu&ocirc;i dưỡng giấc mơ vượt vũ m&ocirc;n vĩ đại của cả <u>Newcastle, lẫn Man City</u>, v&agrave; nu&ocirc;i dưỡng cả niềm hy vọng về một điều thần kỳ của kẻ thứ 3 ngo&agrave;i cuộc: MU.</p>\r\n', 1336125953),
(3, 173, 'Khuyến mãi 08/03', 'upload/images/product/dong-phuc-mau-01.jpg', 'Trận derby thành Manchester thu hút hàng trăm triệu CĐV trên toàn thế giới theo dõi, sức hút của nó là không thể phủ nhận nhưng những diễn biến của trận đấu đã phần nào khiến người xem phải thất vọng ', '<p>\r\n	Trận derby th&agrave;nh Manchester thu h&uacute;t h&agrave;ng trăm triệu CĐV tr&ecirc;n to&agrave;n thế giới theo d&otilde;i, sức h&uacute;t của n&oacute; l&agrave; kh&ocirc;ng thể phủ nhận nhưng những diễn biến của trận đấu đ&atilde; phần n&agrave;o khiến người xem phải thất vọng khi n&oacute; kh&ocirc;ng diễn ra hấp dẫn, kịch t&iacute;nh v&agrave; quyết liệt như người ta tưởng, với thế trận qu&aacute; &aacute;p đảo của đội chủ nh&agrave; Man City. Sự toan t&iacute;nh, cầu to&agrave;n của Quỷ đỏ MU (chỉ cần h&ograve;a l&agrave; rộng cửa v&ocirc; địch) cũng g&oacute;p phần khiến cho trận derby kh&ocirc;ng đ&aacute;p ứng được sự kỳ vọng của NHM.Trận derby th&agrave;nh Manchester thu h&uacute;t h&agrave;ng trăm triệu CĐV tr&ecirc;n to&agrave;n thế giới theo d&otilde;i, sức h&uacute;t của n&oacute; l&agrave; kh&ocirc;ng thể phủ nhận nhưng những diễn biến của trận đấu đ&atilde; phần n&agrave;o khiến người xem phải thất vọng khi n&oacute; kh&ocirc;ng diễn ra hấp dẫn, kịch t&iacute;nh v&agrave; quyết liệt như người ta tưởng, với thế trận qu&aacute; &aacute;p đảo của đội chủ nh&agrave; Man City. Sự toan t&iacute;nh, cầu to&agrave;n của Quỷ đỏ MU (chỉ cần h&ograve;a l&agrave; rộng cửa v&ocirc; địch) cũng g&oacute;p phần khiến cho trận derby kh&ocirc;ng đ&aacute;p ứng được sự kỳ vọng của NHM.</p>\r\n', 1336125981);

-- --------------------------------------------------------

--
-- Table structure for table `vnvic_tblregion`
--

CREATE TABLE IF NOT EXISTS `vnvic_tblregion` (
  `region_id` int(11) NOT NULL AUTO_INCREMENT,
  `parent_id` int(11) NOT NULL,
  `region_name` varchar(20) COLLATE utf8_unicode_ci NOT NULL,
  `region_level` tinyint(4) NOT NULL COMMENT 'Level 0:country,level 1:region,level 2:city,',
  `region_description` varchar(100) COLLATE utf8_unicode_ci NOT NULL,
  `region_address` varchar(100) COLLATE utf8_unicode_ci NOT NULL,
  `region_lat` float NOT NULL,
  `region_lng` float NOT NULL,
  `region_type` varchar(30) COLLATE utf8_unicode_ci NOT NULL,
  PRIMARY KEY (`region_id`)
) ENGINE=MyISAM  DEFAULT CHARSET=utf8 COLLATE=utf8_unicode_ci AUTO_INCREMENT=25 ;

--
-- Dumping data for table `vnvic_tblregion`
--

INSERT INTO `vnvic_tblregion` (`region_id`, `parent_id`, `region_name`, `region_level`, `region_description`, `region_address`, `region_lat`, `region_lng`, `region_type`) VALUES
(17, 9, 'Hà Nội', 0, 'Thành Phố Hà Nội', '', 0, 0, 'city'),
(18, 9, 'Hà Nam', 0, 'Thành Phố Hà Nam', '', 0, 0, 'city'),
(19, 9, 'Thanh Hóa', 0, 'Tỉnh Thanh Hóa', '', 0, 0, 'city'),
(9, 0, 'Toàn quốc', 0, '', '', 0, 0, ''),
(20, 17, 'Quận Bắc Từ Liêm', 0, '', '', 0, 0, 'district'),
(21, 17, 'Quận Nam Từ Liêm', 0, '', '', 0, 0, 'district'),
(22, 17, 'Quận Hai Bà Trưng', 0, '', '', 0, 0, 'country'),
(23, 17, 'Quận Hoàng Mai', 0, '', '', 0, 0, 'country'),
(24, 17, 'Quận Cầu Giấy', 0, '', '', 0, 0, 'district');

-- --------------------------------------------------------

--
-- Table structure for table `vnvic_tblshopvip`
--

CREATE TABLE IF NOT EXISTS `vnvic_tblshopvip` (
  `vip_id` int(11) NOT NULL AUTO_INCREMENT,
  `shop_id` int(11) NOT NULL,
  `vip_type` int(11) NOT NULL,
  `vip_expire` int(11) NOT NULL,
  PRIMARY KEY (`vip_id`)
) ENGINE=MyISAM DEFAULT CHARSET=utf8 COLLATE=utf8_unicode_ci AUTO_INCREMENT=1 ;

-- --------------------------------------------------------

--
-- Table structure for table `vnvic_tblsupport`
--

CREATE TABLE IF NOT EXISTS `vnvic_tblsupport` (
  `support_email` varchar(40) COLLATE utf8_unicode_ci NOT NULL,
  `support_id` int(11) NOT NULL AUTO_INCREMENT,
  `plugin_id` int(11) NOT NULL,
  `support_name` varchar(30) COLLATE utf8_unicode_ci NOT NULL,
  `support_type` varchar(20) COLLATE utf8_unicode_ci NOT NULL,
  `support_title` varchar(50) COLLATE utf8_unicode_ci NOT NULL,
  `support_visible` tinyint(4) NOT NULL DEFAULT '1',
  `support_phone` char(20) COLLATE utf8_unicode_ci NOT NULL,
  `support_queu` int(11) NOT NULL,
  `extend_phone` char(20) COLLATE utf8_unicode_ci NOT NULL,
  `yahoo` varchar(50) COLLATE utf8_unicode_ci DEFAULT NULL,
  `skype` varchar(50) COLLATE utf8_unicode_ci DEFAULT NULL,
  PRIMARY KEY (`support_id`)
) ENGINE=MyISAM  DEFAULT CHARSET=utf8 COLLATE=utf8_unicode_ci AUTO_INCREMENT=6 ;

-- --------------------------------------------------------

--
-- Table structure for table `vnvic_tbltemplate`
--

CREATE TABLE IF NOT EXISTS `vnvic_tbltemplate` (
  `template_id` int(11) NOT NULL AUTO_INCREMENT,
  `template_name` varchar(20) COLLATE utf8_unicode_ci NOT NULL,
  `template_title` varchar(50) COLLATE utf8_unicode_ci NOT NULL,
  `template_default` tinyint(4) NOT NULL DEFAULT '0',
  `layout_name` varchar(20) COLLATE utf8_unicode_ci NOT NULL,
  PRIMARY KEY (`template_id`),
  UNIQUE KEY `template_name` (`template_name`)
) ENGINE=MyISAM  DEFAULT CHARSET=utf8 COLLATE=utf8_unicode_ci AUTO_INCREMENT=36 ;

--
-- Dumping data for table `vnvic_tbltemplate`
--

INSERT INTO `vnvic_tbltemplate` (`template_id`, `template_name`, `template_title`, `template_default`, `layout_name`) VALUES
(31, 'mobile', 'Giao diện mobile', 0, ''),
(33, 'goldmart', 'Giao diện goldmart', 0, ''),
(34, 'goldsilk', 'Giao diện goldsilk', 0, ''),
(35, 'lamsontung', 'Giao diện website lâm sơn tùng', 1, '');

-- --------------------------------------------------------

--
-- Table structure for table `vnvic_tbluser`
--

CREATE TABLE IF NOT EXISTS `vnvic_tbluser` (
  `user_id` int(11) NOT NULL AUTO_INCREMENT,
  `user_name` varchar(20) COLLATE utf8_unicode_ci NOT NULL,
  `user_pwd` text COLLATE utf8_unicode_ci NOT NULL,
  `user_fullname` varchar(50) COLLATE utf8_unicode_ci NOT NULL,
  `user_address` text COLLATE utf8_unicode_ci NOT NULL,
  `user_email` varchar(30) COLLATE utf8_unicode_ci NOT NULL,
  `group_id` int(11) NOT NULL,
  `user_description` text COLLATE utf8_unicode_ci NOT NULL,
  `user_block` tinyint(1) NOT NULL DEFAULT '0',
  `user_online` tinyint(1) NOT NULL DEFAULT '0',
  `last_login` int(11) NOT NULL,
  `user_ip` varchar(20) COLLATE utf8_unicode_ci NOT NULL,
  `date_created` int(11) NOT NULL,
  `active_code` varchar(100) COLLATE utf8_unicode_ci NOT NULL,
  `user_gender` tinyint(4) NOT NULL DEFAULT '1',
  `user_homephone` char(20) COLLATE utf8_unicode_ci NOT NULL,
  `user_company` varchar(100) COLLATE utf8_unicode_ci NOT NULL,
  `user_cellphone` char(20) COLLATE utf8_unicode_ci NOT NULL,
  `user_birthdate` int(11) NOT NULL,
  `user_intro` varchar(300) COLLATE utf8_unicode_ci NOT NULL,
  `user_avatar` varchar(100) COLLATE utf8_unicode_ci NOT NULL,
  PRIMARY KEY (`user_id`),
  UNIQUE KEY `user_email` (`user_email`),
  UNIQUE KEY `user_name` (`user_name`)
) ENGINE=MyISAM  DEFAULT CHARSET=utf8 COLLATE=utf8_unicode_ci AUTO_INCREMENT=7 ;

--
-- Dumping data for table `vnvic_tbluser`
--

INSERT INTO `vnvic_tbluser` (`user_id`, `user_name`, `user_pwd`, `user_fullname`, `user_address`, `user_email`, `group_id`, `user_description`, `user_block`, `user_online`, `last_login`, `user_ip`, `date_created`, `active_code`, `user_gender`, `user_homephone`, `user_company`, `user_cellphone`, `user_birthdate`, `user_intro`, `user_avatar`) VALUES
(1, 'administrator', 'c9f946e44efa46a036f8bcd6a4cfc57a', 'Đức Việt', 'Thanh Hóa', 'vietddbk@gmail.com', 1, '', 0, 0, 1436148435, '127.0.0.1', 1308100003, '', 1, '', '', '', -25200, '0', ''),
(2, 'admin', '21232f297a57a5a743894a0e4a801fc3', 'Admin', '198 Trần Cung - Cổ Nhuế - Hà Nội', 'soledad2410@gmail.com', 2, '', 0, 0, 1432609556, '127.0.0.1', 0, '319744e5d0bd29ec9e5d9dd695917a77', 1, '0984504580', 'Vietclever', '0984504580', 593568000, '198 Trần Cung - Cổ Nhuế - Hà Nội', '');

/*!40101 SET CHARACTER_SET_CLIENT=@OLD_CHARACTER_SET_CLIENT */;
/*!40101 SET CHARACTER_SET_RESULTS=@OLD_CHARACTER_SET_RESULTS */;
/*!40101 SET COLLATION_CONNECTION=@OLD_COLLATION_CONNECTION */;
